reviewId,content,score,at,replyContent,repliedAt
d4931b37-6ab5-4c8c-9b68-efbd7a3561f0,Cannot log in just like many others,1,2026-02-04 05:01:31,,
298d7131-d5d0-4a6d-9f27-b47a52708a3f,khá ok,4,2026-02-04 04:37:59,,
de4a6d73-a79c-4cae-8b36-0b20d4813397,It's terribly slow to load. Huddles don't have consistent notifications. The huddle dialogue box stays even when the huddle itself is over.,2,2026-02-04 03:46:21,,
1bdaa844-5980-427c-bbfd-89f6622f9005,used it every day,5,2026-02-04 01:29:41,,
998552fd-5273-4f2d-8908-35aef3ef849d,mudah nak contact or chat dgn kawan². yeah good.,5,2026-02-04 01:07:00,,
d6b8dd39-66f4-4bf9-b519-974045555892,Funciona mejor aquí que en la PC,5,2026-02-03 16:53:08,,
d3361d4e-a939-4e4a-91c5-14d4ce6eba51,glitchy app.,2,2026-02-03 16:39:17,,
5f8b9ef5-6a4a-4688-8526-53a169ea910a,slack is synonim to degradation,1,2026-02-03 15:21:29,,
63a4d17b-7635-4578-aa86-866b3ac030c0,"Slack is an excellent communication app for teams. Messages are well organized, file sharing is easy, and notifications help me stay on track. Very useful for work.",5,2026-02-03 07:03:49,,
a5e27445-c698-4bfa-9123-24774e26d8ef,really rather not be forced to use ai-based bs for work but I don't really have a choice.,1,2026-02-03 05:23:54,,
8c1210a9-12a1-4830-9bc2-2d3aa90ac255,"Bug: Not getting @here notification from channel in my android phone app. In notification settings ""mention and direct messages"" option is selected. Although the best messaging app.",4,2026-02-03 04:54:27,,
f3c4f946-12c8-4558-b947-f506a1bc04b3,"terrible app, idk why it's so popular. can't even find the option to join new channels",1,2026-02-03 03:02:35,,
6b9adf9c-6e97-4616-be38-fe57e38e963f,this is a work product. Why is it interrupting me to review it?,1,2026-02-02 17:43:30,,
ebda6cc3-2055-4c8a-a63c-8b339372635a,perfect to use and easy to navigate,5,2026-02-02 16:54:01,,
806f6b68-8d89-455a-ab7b-598c125669e9,"not working anymore, ""something went wrong""",1,2026-02-02 16:01:49,,
3fe2cd33-3c57-47db-aaad-fa63bafd621f,Working with it every day.,5,2026-02-02 15:27:55,,
d5b52b08-4177-4824-95d1-8a402b5a46b3,"Slack is an excellent tool for team communication. Messaging, channels, and file sharing are easy to use, and it integrates well with other apps. Keeps teams organized and connected. Highly recommended.",5,2026-02-02 12:22:23,,
d20d966d-3a09-4501-a911-49efc949e652,Team and groupp communication easy and clearly organised.,5,2026-02-02 10:49:34,,
c0754335-e097-481a-a9df-61ae41da7547,we are using for our teams ... very useful app,5,2026-02-02 03:51:37,,
3da63370-1d87-42fb-a39f-acc952a6f4a3,my personal experience with slack was so amazing and i love all the function i can enjoy in this apps.,5,2026-02-02 02:11:18,,
fd2dde8c-c8cd-4ac9-96b7-193802adc0d9,A messaging apps built for work,5,2026-02-02 01:07:41,,
b7f93864-984b-43a2-9cb7-5edabf9445a4,👍,5,2026-02-01 23:29:08,,
e1b3985b-8f0b-40ee-a520-f68b46b160d6,How greedy one has to be to lock the past messages in a paid subscription.,1,2026-02-01 11:53:01,,
f8e830c4-2878-4374-af7e-8b22a0babe2b,Nice,5,2026-02-01 11:49:07,,
cf4aac39-a027-43bb-8f37-ac9e59fedc3d,good app.. the threads is clunky..need a view with latest messages,4,2026-02-01 10:46:51,,
d77a07bc-5962-4e0f-8320-8f93a6219d5d,"the app is ok, though it lacks of several important features (like having a different sounds for different contacts/groups), and in many occasions the messages do not appear, even though the other party sees them as sent. On a chatting app, this is unacceptable.",3,2026-02-01 07:20:11,,
eecefaf9-4d55-4d4d-95ec-d160b1858260,I hate it,1,2026-02-01 02:12:02,,
bdddcb5b-17c1-41c4-a0b9-8901131b9625,I can type a message and other people see it. Tell your friends,5,2026-01-31 20:56:36,,
e4327e39-eab0-4f3b-ad74-471320fdcaaa,better than discord,5,2026-01-31 17:13:45,,
47999ac8-820e-4e7f-94bc-cacb06e5ebd7,Good to use .100%,5,2026-01-31 09:53:14,,
d68e363c-9e20-41a3-b651-0382cf38c6b9,okk,5,2026-01-30 13:09:14,,
4047f662-6736-40b8-b5f4-1d0939be7aa0,let's me share meme,5,2026-01-30 11:25:53,,
9dcaf140-4ebe-43d1-9ff9-83c5e1267636,"Slack makes team communication fast and efficient. Channels, file sharing, and integrations help keep everything in one place. A great productivity tool.",5,2026-01-30 10:12:40,,
dad6718e-92f8-4ec3-a3d4-dff9b6b00a13,good,5,2026-01-30 09:53:44,,
52c4f550-e321-4499-b0a9-9dd860af7818,"Slack makes team communication fast and organized. Channels, messaging, and integrations work smoothly. A must-have app for productive work environments.",5,2026-01-30 04:01:40,,
c41dc034-ef92-4c7a-b12c-48e1dfa8be20,The best communications app ever,4,2026-01-30 03:55:44,,
c1f1f9ae-6feb-4150-8736-e9ee0a8b0a7c,"Slack is an excellent communication app for teams, making collaboration fast and organized.”",5,2026-01-30 01:30:36,,
b63fa2c1-373d-4edf-89b8-392eea93bb2f,"I like using Slack for work chats. It’s simple, fast, and keeps everyone connected.",5,2026-01-29 23:46:03,,
dbb50b72-0ce0-4644-a2a4-7e173f9f89c7,Very good apps. Communication between team or group more organised,5,2026-01-29 15:32:53,,
28e86e7b-f114-46c8-a260-a4100e2d4fc5,bishop owned,5,2026-01-29 13:37:30,,
28864721-4b97-4414-9d39-47bb320bcd6f,"Tried Using This For A Job, Had To Resort To Google For Communicating",1,2026-01-29 13:17:44,,
4a724f77-fe24-4afd-9aa9-5bbb3208b4e4,"the best way to keep a team connect. channels make it so easy to organize conversationa by project, preventing the clutter of the email threads",5,2026-01-29 07:45:27,,
61d43e73-51f8-4933-8544-624b84e0768b,Slack buat kerja berkumpulan jadi lebih teratur dan cepat.”,5,2026-01-29 05:54:28,,
8929c269-50e8-4013-9b61-e9b497ee1cab,why no message delete option?,4,2026-01-29 05:16:23,,
ea53ce35-0284-435d-ac45-31eff5208257,"lags a lot even after the update, if i call someone Even after 2 days the call is not disconnected",2,2026-01-29 04:50:38,,
f312dc39-602e-4300-bda4-bec2c13494c8,"The communications are better and instantaneous to view on the mobile, but if I copy a code block and try to insert inside my self chat. I'm unable to create a new custom file like python, java /markdown and unable to paste and create (as like I do on a desktop app) .",3,2026-01-29 01:29:50,,
6ab98320-58c2-41ce-906d-badf2c40715f,"Consistently getting worse over the past few years. New messages not showing, uploading files takes forever, emoji quick reaction list having none of the emojis I actually use every day, impossible to select part of a message to copy/paste. Just incredibly frustrating to use on a daily basis.",1,2026-01-29 00:51:56,,
e0f54c79-7172-4dd6-8a44-53432e712d16,"They took a perfectly functional app, ""upgraded"" it to one that doesn't work at all, and made ot impossible to roll back to the one that works.",1,2026-01-28 18:42:02,,
e3d64768-413b-4e90-a67a-0df548dda6ce,Absolutely terrible UI. I would never use this app if I didn't have to for work.,1,2026-01-28 17:20:30,,
ca16b780-2e5f-4fd9-82b1-2e6105da3707,"Very unstructured conversation presentation and not really helpful to keep conversations with deeper and longer content going. For small talk it is ok, but any free chat App used over the past 10 years gave a better and more usefull experience when used with teams of 5-100 people. Don't wast your time with this, or if you have too, use other communication paths in parallel, when doing more than the 5min Joe talk.",1,2026-01-28 10:12:50,,
ce57c2fd-0abf-41ea-93e5-0052c2e7bd9c,facing issues in my Samsung phone,1,2026-01-28 06:43:43,,
1215a2c9-2ada-455e-bd96-6a967ff37d72,the latest version is buggy.,3,2026-01-28 03:15:55,,
d7aa9f87-1a28-4b1a-83f7-cbb284f32d98,that's a pretty cool app for workflows,5,2026-01-27 23:12:50,,
0e946696-c2f3-4b84-a744-efa1b7b6d75c,God awful inability to find messages,1,2026-01-27 20:44:56,,
67435913-6226-42d3-8880-5bbaa377e4f7,been very slow lately with a forever loading bar on top. stays out of sync. not sure what changed,3,2026-01-27 19:16:52,,
a68858c9-6d90-45ef-8388-a08157f6691d,"using Slack for both peronal and for work. i am an IT Systems Admin since 1997 and i have used WhatsApp, Signal, even Blackberry Messenger in the old days, Slack is the best by far ! ( also for personal use) . in terms of privacy... Slack does not ask for your phone number. email is all you need to register a new account.",5,2026-01-27 18:00:22,,
9e4bbd1e-b366-45c5-b020-59237507fbcb,it's getting a little difficult to navigate with new features -- losing simplicity,4,2026-01-27 16:53:54,,
7b810520-5230-48b5-be1a-d06889cbf1b0,too complicated and not user friendly,1,2026-01-27 12:52:04,,
2f7419c5-66a0-4a02-8ce0-b96ae0d775f5,"working fine , no major problems",5,2026-01-27 07:08:16,,
a1bd1ea4-c254-4ebd-85e3-993943ea80d4,Why can't you even remember the emogis I used? Always have to go n search the one I just used 5mins ago. Frustrating app,1,2026-01-26 21:29:19,,
fcb0f637-8566-4e3e-917c-2765d99ea9dd,okaaay,5,2026-01-26 21:24:53,,
7ef45b91-d6f6-4f50-8375-24fcc6cd8996,will not let me delete a message in dm.,1,2026-01-26 16:21:58,,
bd8bfe0e-b480-4675-8fb2-765d1a398968,awesome app 👍,5,2026-01-26 15:48:01,,
f15706ca-8ece-433c-a89a-36bf3a0c3d0a,sadly on my Samsung tab I am unable to download slack up and sadly you don't have a web version .,1,2026-01-26 07:36:47,,
d06cad56-9ff5-4aaa-b0b6-c61925bde4c5,Why can't i log in with Google anymore,1,2026-01-26 04:54:06,,
45a2f85b-5dc9-47cc-b331-5b230990cee7,This app allows only added members to chat with each other. I use this for nearly two years now to stay in touch with my children while we cannot be see each other face to face.,5,2026-01-25 22:41:49,,
6af4f644-fecf-4b0c-aa2f-9cf162ecfdce,Stop interrupting with review nags,1,2026-01-24 21:02:43,,
35dfce9c-950b-4863-a6d9-35dcccd831ff,excelente,5,2026-01-24 16:41:13,,
41e77f53-ed7f-4e9d-b79c-ea9c986fbea3,Almost as good as WhatsApp,5,2026-01-24 12:09:22,,
bc89bc89-938f-40a4-ab72-e520ddcd5df9,More buggy than MSN Messenger,1,2026-01-23 22:46:27,,
e971804c-f21a-4a63-8a8a-08cf570a0570,this is my first time downloading this app,4,2026-01-23 16:18:24,,
34e1834e-8549-40ff-8764-e8f728282ce9,helps my co-workers and me communicate throughout our work week.,5,2026-01-23 15:21:33,,
e10db91b-d762-417d-858b-ee370e46f245,"Extremely frustrating experience. Unable to send messages—keeps showing “Try again.” Not working on Wi-Fi or mobile data. Restarted the app and even the phone, but nothing works. All messages fail to send, making it impossible to keep my team notified. This severely impacts productivity. Please fix this urgently.",1,2026-01-23 10:55:51,,
72442f3f-413c-481a-8370-01a9c080f169,nice,5,2026-01-23 05:59:54,,
b54d9162-ca16-4b71-b433-a79a68d0c288,Very buggy,2,2026-01-23 00:01:43,,
5814235b-3862-43b8-8e4b-a37561b8feec,doesnt work at all,1,2026-01-22 20:27:11,,
2702a518-d90d-4287-bf21-e36f49b19c58,good,5,2026-01-22 16:00:55,,
ac0185f1-c945-426c-a9a5-95f394b4d430,"I am a beginner navigating slack, honestly I must say, Slack is my favourite CRM tool.. I love it",5,2026-01-22 15:05:23,,
a08ec26e-17de-4cf6-87bb-2ca51e11359b,great way to manage teams,5,2026-01-21 23:55:06,,
ccbee6a7-417b-4fbc-8a20-91c6476fc968,Amazing collaborative platform for professional communications and efficient productivity.,5,2026-01-21 22:41:23,,
a11957d7-31d9-4d98-919d-77a37212f177,Great app for colloboration on small size projects,5,2026-01-21 20:56:06,,
44b0d0c5-fe9b-4c1e-8f14-124ed5be1c8b,used to be better,3,2026-01-21 20:32:49,,
c0496d42-e617-4b26-bda7-b2499744f37e,love it!,5,2026-01-21 13:40:56,,
0cc33f35-6ce1-4dfc-93b6-1544e56476aa,it looks too complex but a great app overall,3,2026-01-21 13:31:02,,
ea0a043c-e464-44ad-a01e-7fd2ced43c7e,"AI Feature and Unread Messages Mobile Experience: Unread messages on Mobile feels overwhelming, cramped and chaotic. AI summaries exist but I feel like it's kinda shallow. Integration of ""smart unread"" based on priority level plus smarter summaries with actions and owners would be a better UX",4,2026-01-21 13:29:00,,
31c9d0f7-ab01-4ce0-bf75-b17a1db8fe6e,"Good for checking messages and replying, but calls crash the app.",1,2026-01-21 11:36:29,,
d35d88d3-4f48-4c71-9788-d5c45be20daf,Last experience was detrimental to my health i am trusting this time Feedback might have helped and we can figure it out along the way.,2,2026-01-21 08:16:35,,
ff40f4b8-35ad-4102-9a1e-773e80a735cd,I like that I can read and send messages,5,2026-01-21 01:43:23,,
744a4d8a-5d7f-459b-b288-643609851218,"used to be good, now too bloated",2,2026-01-20 18:53:33,,
3fcf636b-f07b-4d26-aef4-be1c8db45f31,won't let me sign in,1,2026-01-20 18:09:18,,
99612866-cd02-459f-acdc-fee8190b886e,"Great platform to hear reports, and collaborate",5,2026-01-20 16:07:27,,
5d608d40-c05b-4a9a-8eb9-ae21d4d5b180,heavy on battery,2,2026-01-20 15:06:43,,
c23b463c-9d54-4817-b32a-dab132954ec9,Very bad user experience as there is no reply option on a thread mesaage,1,2026-01-20 15:03:47,,
8be901a0-5c9e-4bc1-8054-3decc5e1ee4e,desperately needs an upgrade. failure to download has happened a few timea a week since December and hasnt loaded all weekend w all other apps functioning,1,2026-01-20 13:43:18,,
56875a3b-e3ae-43b0-9c6a-0c998e28bade,"Every part of this communication tool is buggy on Android. You'd expect that a tool like this should get basic things like notifications being disappearing once you read them, message creation window (who to message), group messages that you'd want to close (buggy here too--they reappear), attachments, etc. There is not a single part of this application which doesn't feel like an entry-level communication tool. Buggy and unreliable. What is more infuriating is the help team.",1,2026-01-20 08:05:11,,
6f7f5812-9e96-417c-87e7-ed1b9fa67357,"Slow af, can build much better integrations on my own and don't ask me for further info I don't have time for that. I think your whole engineering team should retire.",1,2026-01-20 06:38:24,,
6e0a618e-dcc6-4819-b44e-fc6037d854a7,works!,4,2026-01-19 19:53:24,"Hi there!

We'd be interested in hearing more about the links not working issue. When you have a moment, please navigate to your app's ""You"" tab > ""Preferences"" > ""Send Feedback"" or please reach out via email to feedback@slack.com to flag this with our support team and provide some logs we'll need to investigate.

We'll be happy to help!",2024-08-18 16:56:22
1d60db65-fe2f-437f-a3f2-dc9dae78c694,stop asking me to publish a review,1,2026-01-19 18:50:00,,
abf77e3a-1acd-45d6-b9f7-f620de546168,nice app,5,2026-01-19 18:48:08,,
e736b57e-2ca8-4b93-94b2-2cc2f5759b1e,"Boooo! PRIVACY NIGHTMARE. Every single action, every single event, every single thing you say (yup, even your DM's) is LOGGED, TRACKED, & AVAILABLE TO CHANNEL OWNER. EVERY. SINGLE. ONE. Dont take my word for it, look at their docs. Explore from perspective of wanting to s/u a channel & view the options presented for MONITORING your channel members. Absolutely deplorable, disgusting behavior. At a MIN upon joining a channel, all monitoring perms. should be presented & require acceptance!",1,2026-01-19 15:10:10,,
6e35a156-a270-4766-a2b2-878a40eeb858,good,5,2026-01-19 14:39:23,,
97a54c49-2cc5-43e0-b6b7-91be38ee4d6a,"never had a worse login experience. almost impossible to log in if you need a otp because the ""open the link in your email"" page takes priority. so when you to back to the app sfter copying your otp you just get to open your email app instead of pasting it. infuriating",1,2026-01-19 12:03:46,,
a3ddf28d-3487-446f-bff0-3e5a42b400dc,"Notifications just never work... I had this issue on multiple phones, troubleshooted the issue. Nothing helps. Like I don't get notifications for channels that are set to always send them. 😡",1,2026-01-19 07:15:56,"Hi there,

Please tap on your profile picture on the top of the screen > ""Notifications"" > ""Troubleshoot Notifications"".  Once the tests are complete, tap the three dots in the upper right corner of the screen and select ""Send Report"" to flag your results with our support team for further help.",2025-09-24 11:56:41
f38f6408-62dc-4eac-ad7d-e19a0166c138,good,5,2026-01-19 05:41:49,,
3f83e432-1d4f-4310-b3c0-49d7b6dfea11,it's too much good,5,2026-01-19 02:33:51,,
bfda8998-e550-44c4-9e23-cb2eba440652,good,5,2026-01-19 02:00:33,,
92b068a6-3ee5-42b0-8102-2f3881fa51cb,"once you've accepted an invitation to a new group, i dont know why it doesn't show up on the home screen on all your devices. it's so difficult to add groups so you can see them on the homescreen.",3,2026-01-19 01:38:10,,
af7647a6-7a20-4ac0-bd92-18b4dc52cbf9,unreliable,1,2026-01-18 13:45:40,,
2a9a4233-b398-4456-aaf0-2f0806eb05fe,excelente application muchas gracias,5,2026-01-17 15:11:18,,
10e39123-a0c4-47a9-b19d-433ce2a7301a,Legitimately the worst UI ever. Why tf would I want grouped channels separated by read and unread in entirely different areas? Why can't I customize it? Why don't all my channels show up consistently every time. I hate it!,1,2026-01-17 06:52:16,,
eda04148-d725-4ca7-9bb0-7c6ea8f3cd3d,good,5,2026-01-16 12:58:45,,
5b8e51b1-d251-42dd-b4ed-a0b9358aed9d,"Next to impossible to sign up. I downloaded the app and launched it. It wants me to sign in. I want to use my own password, so I switch to a different app to deal with my password ... and this one vanishes. So I try again, making password up in my head and writing it down (which I never do), and it emails me a confirmation code so I switch to email app, and this one vanishes again. It doesn't get much more FAIL than that, and I haven't even signed in yet.",1,2026-01-16 04:16:19,,
4be642c1-d69a-4759-a71f-4d02a3469cc2,its meh and getting worse,2,2026-01-15 21:24:59,,
c5c96fb1-4f81-44c2-958e-120dd4b9cc07,i try to login with a Google account! but I got some error and other ways of login also giving me error ! so please resolve this issue,1,2026-01-15 17:56:09,,
1b5d352b-c726-4ae3-ac52-778f731bf25e,its great instead of WhatsApp,5,2026-01-15 15:06:07,,
1de2f34d-d3ae-4ba8-90e6-de6addfe8019,Terrible search that rarely gives results for what I was looking for. Hard to scroll up or down easily. Jumpy. Hard to add people to photo attachments,1,2026-01-15 05:19:03,,
6f93dd58-2658-49f2-8bc2-51dbc21ad484,amazing,5,2026-01-15 04:37:43,,
1ce93d67-f869-4d2b-a429-6fd0c0553f6c,very good,5,2026-01-15 03:19:25,,
80f48310-33ac-489a-b8be-0950cd0d6223,they have broken sign on. need to fix this disfun ction,2,2026-01-14 21:06:43,,
ed1ba34d-303d-4a03-82a7-a049df0e81b1,perfect collaboration tool. never found a lag or disruption till date using from more than 7 years,5,2026-01-14 19:30:57,,
bf6df4f4-d7b8-45b6-841a-12c0deaa6fd2,professional and seamlessly,5,2026-01-14 18:52:20,,
146884c4-6268-429c-8897-d94dda566c3f,can't login with google authentication...,1,2026-01-14 16:19:53,,
b265c27c-8117-4127-b055-689cc1b54ee9,great app,5,2026-01-14 15:46:36,,
65646d24-543f-43e9-b3e1-f909e6a35b0b,good,5,2026-01-14 13:06:03,,
43515c12-b7de-41e4-af65-ef04e669a2ab,Easy to use. Not much different than the desktop app. Convenient for checking work messages on the go.,5,2026-01-14 10:10:09,,
9798be73-f410-4d73-aa7f-f54ecf9ec9c4,notification,1,2026-01-14 08:25:26,,
6aaa0108-0ef7-4918-a83c-2af26fe2c80c,"I'd call it ""Discord for boomers"" but that would imply that the app even functions.",1,2026-01-14 05:48:44,,
c7bec47c-ab33-423b-9fb2-bf1f95e5fde3,You can't use Google sign in on the mobile app.,1,2026-01-14 00:21:07,,
1f3365d1-607f-4ad7-a97c-8dcd8c63540d,Excellent. Marvelous. Absolutely fabulous.,5,2026-01-13 21:15:23,,
7fbc18c6-8e9d-4856-9bf2-77944c02e286,"""there was a problem authenticating"" every time you need to change workspaces.",3,2026-01-13 18:13:10,,
08f5fdc1-7788-4df2-8248-23df1b705b77,best app ever,5,2026-01-13 16:17:53,,
f0a99a16-a50e-456c-bdb3-40daa6e4b316,great messaging app,5,2026-01-13 16:00:37,,
97f59dc1-c540-4e6c-91b4-3ae669103ee8,very good.,5,2026-01-13 15:30:15,,
79ad384d-65ad-4dce-be66-da20a2b6ed8b,great app,5,2026-01-13 15:09:24,,
505e85f3-3a33-427c-b2f5-2ad207b122ae,I am proudly working with this app,5,2026-01-13 13:30:07,,
dd677815-5b9b-4fdf-a781-b83001714bf4,Why is the search on the top gone? It broke my muscle memory of swiping up to quickly search the person or a channel.,3,2026-01-13 11:12:11,,
754022b8-c5d8-4676-9463-4e6db38d8b74,Excellent Service 👍,5,2026-01-13 10:53:11,,
31fd3174-13f8-4a1a-b0e7-40c0f65a0059,When i return to Slack it always goes to the home page. I need to have it stay on the page where i left it.,1,2026-01-13 09:01:31,,
443cf51e-b91d-4551-9d1c-ee9e9b02a34f,We use this app in our research group.,5,2026-01-13 07:53:02,,
d3ca95eb-9ea3-4c4d-941e-ecf50fa425c7,Great app for teamwork,5,2026-01-12 17:16:02,,
b05ca65c-dbdf-467d-8247-51e56ad88569,"Usually this app is pretty ok. When it works I really enjoy and appreciate it. When it doesn't, it's incredibly frustrating... update: The slack team has made great strides to make it more stable, useful and resiliant. They consistently work to improve the user experience. I really like the new ""catch up"" feature that allows me to quickly get up to speed on what I've missed.",5,2026-01-12 15:34:12,"Sorry for the trouble, Mike. We'd be interested in hearing more about this issue. When you have a moment, please navigate to your app's Preferences > ""Send Feedback"" to flag this with our support team and provide some logs we'll need to investigate. We'll be happy to help!",2024-02-08 14:20:13
d19fd26d-c83f-41da-b144-58f6af20aff3,Amazing App! Using it for the hustle. Really cool.,5,2026-01-12 15:08:51,,
e3bae411-0834-432d-a2bb-75fe27cfb766,"Slack, by default, prioritizes only showing me channels which have updates and new messages. I would like to turn this setting off, and see *all* channels I am part of, in alphabetical order. I have checked ""preferences"" and my profile settings, but not obvious place contains an option to change this setting. Disappointing. If this option exists, I haven't found it, even after searching for it.",2,2026-01-12 11:07:42,,
8e40e4b3-cb3b-4435-8fbc-9f4efee2786b,"some bugs, but otherwise fantastic",4,2026-01-11 15:55:53,,
fcadceea-99e6-440c-beb2-f921ba3ad560,"Slower than your parents Compaq from the 90s, buggier than Microsoft updates and often just infinitely loads to no end. Not even colored markdown blocks. Use Discord, instead, for free. They even disallow deleting messages on mobile when you can do it fine on desktop.",1,2026-01-11 02:02:51,,
46c2aed9-f43b-4eb3-929a-2889bf29daf6,🥰🥰❤️,5,2026-01-10 21:22:10,,
6efc4364-a840-42ca-a53a-b1375788c418,Amazing UX,5,2026-01-10 06:13:27,,
0fb362eb-b5a2-4363-99db-01c065e201b2,"A fine app for what it is, minus all the ai bloat forced into your every action. Want an ai summary of your search?? No. Want a ai summary of what happened today, while you were actively online watching it happen? NO.",1,2026-01-09 21:46:21,"Please navigate to your app's ""You"" tab > ""Notifications"" > ""Troubleshoot Notifications"".  Once the tests are complete, tap the three dots in the upper right corner of the screen and select ""Send Report"" to flag your results with our support team for further help.",2025-02-04 21:08:08
86c02c27-5428-47bd-9ce0-44dc6f6054f7,hard to search for stuff,4,2026-01-09 19:42:04,,
6468416b-57c9-4c59-a117-1fd4f269f981,i hate that i have to use this,1,2026-01-09 14:30:40,,
f255037c-f334-4a83-a52e-e42c4c1cd087,It's great for sharing the gospel of Jesus Christ. I love it.,5,2026-01-09 14:14:44,,
0b42b353-5233-4e7a-9e0f-3841deb5dfe0,"My bank application works on older android, slack says it is not secure. Waste of space.",1,2026-01-08 18:02:34,,
5e3c7596-bdd5-4183-bac3-6e60304bc451,good,5,2026-01-08 14:28:55,,
28e1febb-f75f-444d-90d1-4b9ac571a3b3,good,5,2026-01-08 07:53:04,,
bd24db2e-91fe-4e01-9034-df55b8e0cac8,Confusing!,1,2026-01-08 03:00:21,,
5288ed8f-c00c-4449-aa5f-47e5e6f5d191,the time was wrong in my email.,3,2026-01-07 23:17:28,,
c4cb35d8-70b9-4fef-8107-b47801035928,LOVE ❤️ FOR ALL HATRED FOR NONE,5,2026-01-07 18:59:46,,
a1435232-4698-4a87-b236-580ba40cb144,"Terrible app, doesn't let me delete my account, thus I have no password.",1,2026-01-07 17:29:26,,
36f9778d-742a-4a74-918b-a8b8e6a2ee3d,it slacks,5,2026-01-07 15:57:43,,
75e6a7c4-0afe-4881-8f3f-f9dad7e4401a,"when i minimize, the active green sign is off 😔😭",1,2026-01-07 15:51:29,,
b75d0802-7463-4b4e-a249-35f67c38d3c3,"Не могу войти по QR коду, при попытке войти с двухфакторкой с применением Гугл Аутентификатора приложение закрывается в моменте копирования кода из гугл аутентификатора, что попросту делает невозможным применение кода",1,2026-01-07 14:38:41,,
8c614bae-63fe-42a4-b67a-b427306ece49,why do i have to pay,1,2026-01-07 14:14:29,,
fea6eb93-ab06-4165-96c9-b9755fe60f64,all good,5,2026-01-07 14:10:54,,
86650631-53ca-4e25-b229-f851c6e783bd,"Semi-convoluted, but, 100% functional. it's seamless and works flawlessly. yep, it looks highly confusing. the hashtags don't make it any easier. Making the interface more easily digestible would give it five 🌟 s.",4,2026-01-07 00:50:18,,
772cbd54-ae9b-4d6d-8a0d-a32c3a25621a,took me two days to log in on another phone,4,2026-01-06 19:59:12,,
3573e5db-2660-4db5-a6cc-d12318e8452a,"Please add options to disable 1) audio-answering of Huddles (my headset is shared between phone and computer) and 2) channels with new messages popping to the top. I have vision issues and hate ""discovery"" algorithms which interfere with muscle memory. Plus, leave my stuff where I put it--rude!",1,2026-01-06 14:11:04,,
e51393d0-b06c-4049-9e72-30d3a8a759e9,good. mobile version is super sluggish though,4,2026-01-06 07:17:32,,
d5d0a6a7-d9c3-4ad4-842d-5b61af5aa3e4,Good,5,2026-01-06 05:33:46,,
ac86a828-c05e-4737-8a36-954aeb11ecb2,ok,5,2026-01-06 04:48:53,,
89e58366-bb92-4bca-9cb8-d38dcfe977bf,"they are forcing me to rate them without option to ""never"" ask me to rate them - so if they want it that bad here it is ...",1,2026-01-05 18:23:42,,
8dda6568-4648-4aea-be65-89e3cddc0e66,"Best app so far. Took sometime to get used to it. But it's soo productive. Have been using teams, skype, samepage etc in past",5,2026-01-05 15:01:39,,
ea52afec-a61a-4091-b5d3-9514647b1402,"Slack is incredible, but please fix the emojis, so that in recent there are really recent ones, not some randome. I use the same emoji every day but still have to search it in a emoji text bar...",3,2026-01-05 12:43:15,,
f40a64a7-153b-403d-a554-46d9d9e73577,After holding msg not getting delete option for it,1,2026-01-05 11:12:15,,
bc116a76-429b-48d0-9462-99b4813f386d,Good,5,2026-01-05 10:28:35,,
3cf44745-8eca-47e0-a2ea-4076cc0b34c0,very easy to use,5,2026-01-05 10:07:19,,
43b34723-32b3-44db-83ca-430358d3179f,"constantly crashing lately, it affects my daily work life!",2,2026-01-05 09:29:47,,
671a2c37-fb38-45f7-803b-20e64da56d31,👍,4,2026-01-05 04:11:33,,
a73a9827-f542-45d2-a103-625d1106c876,if some one puts a status as vacation then in the mobile app it does not shows until when. the end date of that status is not displayed.,3,2026-01-05 04:09:22,,
7ce3c9f9-8377-4619-9fac-ef39af295758,it's a great application,5,2026-01-03 22:25:04,,
90bbdba2-3bdf-4563-bb07-e27e4848b16a,Asking to review your software results in a one star review,1,2026-01-03 19:18:53,,
c70527da-fea9-4734-8568-8e6b08912cd6,slow at the time of opening it,3,2026-01-03 11:23:46,,
542deae1-91d2-4e52-bd61-2995a0882910,"this tool can do text and calls and also meetings with presentations, shared screens and side bars without prescheduling. it is fantastic.",5,2026-01-02 06:23:49,,
3fc319a9-4a2b-4b0b-adb2-8ad112984704,it works well if your phone supports it,3,2026-01-02 01:17:42,,
070f82c6-425d-4592-ad41-7384ac05d6a7,"A leading team communication and collaboration app with organized channels, direct messaging, and integration with many tools. Great for productivity and team coordination, though notifications can get overwhelming.",5,2026-01-02 00:55:48,,
65ccd1ed-1f79-46f0-9bc8-085acdf76bff,"failed to send scheduled message, still says it will send it at a time now in the past. slack has been around too long to have to deal with this kind of stupid bug",2,2026-01-01 16:25:42,,
77e0ff77-d97b-4ca8-8b7a-a206655a77ad,notifications are always broken and apps and room with &'s in the don't show up correctly. that's probably a security vulnerability.,1,2026-01-01 08:29:28,,
d9d34951-b66b-44d3-9e8d-31cc33aaf7f7,good app but man does it ding a lot,5,2026-01-01 07:11:26,,
6a456d44-4db0-4144-bf41-035afc9d0fa6,great,5,2025-12-31 22:25:03,,
9dda37d6-2a41-4a7b-afe1-825db65c4f76,amazing,5,2025-12-31 21:44:13,,
846fbbdd-9b07-4d23-8289-0c7c982c6095,The colors and the fonts are so small that if you're visually impaired like me that you really can't read anything. Everything blends together on this app. It really sucks,1,2025-12-31 20:48:23,,
6e6fc3ae-94ca-4810-9181-ab9f403a5c2d,A must have for small business.,5,2025-12-31 16:08:23,,
1a034a65-bc7a-4f17-a620-03710ceadfc2,"flexible, reliable",5,2025-12-31 13:42:08,,
f1961f41-e3a2-45fa-98b8-cc6afd92e24a,notifications are terrible and inconsistent,2,2025-12-30 16:20:46,,
2cd1bcd1-12b5-4e8e-a214-055d2522f96b,it's helpful,5,2025-12-30 15:59:21,,
997d64a1-92b6-4926-8567-7d333db4cadc,Interesting,5,2025-12-30 13:28:46,,
60bc0457-101b-4580-b807-0278d2af9b47,"seriously if you don't use slack, you are failing your business or project",5,2025-12-30 13:23:52,,
56fe78c1-a896-43c6-ab1f-5dba755e1355,"despite answering on web, phone will continue to ring. notifications don't clear etc. Very poor quality control.",1,2025-12-30 12:54:15,,
1697c998-6eb8-4983-97f0-769ab8299ed7,worst possible app for a team or company to use ever!,1,2025-12-30 11:05:37,,
782c6a82-2efc-4cfb-a813-671cc4290a9b,awesome app,5,2025-12-30 10:20:07,,
6a31b0d2-c0a8-48cd-b4f3-c1d001f49f12,❤️,5,2025-12-30 09:12:17,,
3140a21d-2512-4545-9387-ea461c9a104e,brilliant tool,5,2025-12-30 06:47:34,,
a107963a-ab92-4db3-89ef-d72dbaac4c1a,extremely poor offline mode,2,2025-12-29 21:07:51,,
aa9c5a07-c6d2-455e-b9f9-d7b558efee9d,Just works,5,2025-12-29 17:57:12,,
b0869461-0ab0-4973-953c-edc049d7f62e,not a good tool for company use messages erase themselves and cause miscommunication the lay out is horrible notifications are worse,1,2025-12-29 15:46:10,,
853b6a66-43b5-4835-bcc5-fecb8f4139ef,notifications comes very late on mobile,1,2025-12-29 12:27:22,,
0a6a06d2-3cba-403a-9195-cb4ce9e6df42,Best app for communication,5,2025-12-29 09:12:08,,
28312278-6e99-4130-b33e-851b170d2b99,good,5,2025-12-29 08:21:20,,
cd472326-6c04-4939-b0bf-f0a1b4676a5f,Great app!,5,2025-12-28 15:46:22,,
0dacb175-6de5-442a-ac46-9e2d05bc8db7,"notifications seem to be a random choice. sometimes they appear, sometimes they don't",3,2025-12-28 15:15:01,,
84be1422-95c6-499d-a3d6-7a6a7e91b7d5,"Scrolling between photos brings up the UI everytime. Every. Time. Just checking your schedule, checking documentation, or even just memes a coworker sent, sucks. Review would be better if this wasn't a paid app (for basic features that are present and abundant, for free, from competitors.) The truth is, slack sucks and in a world where Teams, Discord, etc, exist, there's just no reason for slack to be used. No benefit.",1,2025-12-27 23:44:59,,
aab881eb-7a39-4fe8-95d7-ac9b2a824e33,Evere 👬,4,2025-12-27 23:38:26,,
29cf2f28-3657-4d00-89da-2e705283b945,I love the Slack App 😄,5,2025-12-27 06:37:53,,
ad72e987-6748-47d8-8207-d1838fd141b1,osm,5,2025-12-27 05:11:49,,
6ea3c937-0b2b-4598-be2f-edd9d7b36eb7,Most feature rich and functional messaging app I've used.,5,2025-12-26 21:19:18,,
b23a1ab7-9aef-4a8c-8ee4-712322acf424,"Great service and great app. But they drop support for old devices too early, forcing users to buy new smartphones.",3,2025-12-26 15:23:48,,
9657f74c-5cae-4963-9747-d3bb42f92cc7,love it! so easy to stay in touch with my groups,5,2025-12-26 13:12:54,,
8841958f-5dc1-4301-8833-e4bc412db512,"Not a fan of the new navigation. The previous version let you tap the search bar to view a list of your recent channels and people. I can't seem to get that functionality anymore in the new version, forcing me to manually search again every time",4,2025-12-26 11:03:48,,
d14fc7cd-c50d-4615-936f-6a779cc407f6,Great team / project Comms and coordination tool! Happy to recommend to any size organization that wants to retire email as a management tool and move to something much more adaptable.,5,2025-12-25 23:57:44,,
8f175c8b-24aa-48ad-9390-d4de254ad94a,The best replacement of mails,5,2025-12-25 20:22:18,,
a6204699-4959-42d8-adb4-2821d9d7165f,Amazing. Changed how our committees work and collaborate as well as my ability to keep up with the big picture through AI daily recaps. Indispensable. You need it.,5,2025-12-25 16:21:43,,
10d4f027-2556-47c0-aed1-dba8c286e373,"Notifications not guaranteed and it is very frustrating. Also have had issues with editing comments, app will freeze and have to be closed and reopened to work. I also don't like that it's harder to find shared documents in the mobile app than on desktop.",2,2025-12-25 15:46:32,,
272fe693-8f90-49c6-b5b8-8e60cd21d7df,great for startups,5,2025-12-25 12:28:13,,
97d6430c-c310-43ea-8842-03d3258cb7c9,Too complex compared to similar apps like Teams. Imposible to understand the feature of Reply to a Message. Please copy WhatsApp.,1,2025-12-25 02:40:25,,
adcce16b-81c7-4eb2-9cd2-f2befdd747fd,great app! very good for planning and group networking,5,2025-12-24 23:07:50,,
3037910b-2ffb-494c-8fbc-ec184016d8c9,Great method of communication for businesses!,5,2025-12-24 21:48:20,,
296d104b-7f24-4a90-996e-e3f03ce37a4c,SOOO good I love so much for when I reading the work words for bosses and have channels and see if it is,5,2025-12-24 19:06:24,,
99a4cc95-e39c-40a3-907a-38da2aac342a,Slack DMs and Later are holding my life together! Love this app!,5,2025-12-24 17:33:47,,
63fbdd1d-b1ac-44b9-8f07-f83e5f9c40ae,very useful,5,2025-12-24 16:01:50,,
16fa0c07-65e9-4ba8-a8d7-6c15c50748d0,"not much convenient and fast app, but fine for me",4,2025-12-24 14:29:17,,
ca6fa363-c537-4588-a0db-3bee149b7362,great app,5,2025-12-24 12:43:24,,
b651d15e-0bd5-48f5-a786-36d6ff2919f8,"Amazing platform to connect team members, integration. Notification delivery is amazing.",5,2025-12-24 04:05:02,,
45c84cb9-84b7-452a-88d2-b4d30cfe4e2c,So good!,5,2025-12-24 02:59:42,,
da5e574e-c25f-4575-9f0a-b15ab06e0950,"first time ever and very easy to comprehend, love it.",5,2025-12-23 17:03:14,,
e2625522-5f57-4a12-b4fa-ee8616d72949,App Experience Terrible for Moderation. I can't delete posts anymore as an administrator from my phone. To be forced to sit down at a desktop to moderate is absurd. I've never liked that I cannot remove members without sitting on a desktop computer. and it's designed in such a way that you cannot access the desktop browser on your phone even with the used desktop site option because it will just open the app over and over again. This is incredibly frustrating as someone who is managing teens.,3,2025-12-23 15:42:41,,
91085c94-95f1-498a-a29b-eff3bcb650b8,Makes collaboration easier,5,2025-12-23 15:01:05,,
2108620f-f675-4d25-a2e4-54efd592ac6f,"buggy, not working on less than ideal connection",1,2025-12-23 08:35:06,,
6f492e9c-051e-43b9-b0be-53b5470ce138,good aps,5,2025-12-23 08:34:07,,
58f959ff-006d-41c9-b3d6-c2a1411d8f3e,good,5,2025-12-23 06:18:37,,
61e02216-d6ba-4f93-81d4-ac440eec42ae,A billion times better than having your email inbox flooding your life.,5,2025-12-23 05:33:40,,
45e9280c-0f48-42f2-b20b-2e1dc7cfbd50,Great work platform as well as great for motivation,5,2025-12-23 02:20:14,,
6bc63fe4-5dbe-4dd5-9698-726fb3c9ea71,does not connect. recognize the workspace but won't connect,1,2025-12-23 01:13:00,,
3db226ee-95e6-41bd-b980-dc793515509c,Option to delete others messages as workplace owner disappears a few minutes after reinstalling the app.,2,2025-12-22 14:44:12,,
af236454-9352-4328-9a1e-29dca847eebc,Slack is a really good application for team communication and video calling. Till my experience is good with Slack. 💯 recommended 👌,5,2025-12-21 06:14:52,,
7d9e0202-f430-42ad-9330-bd46cc4f8e9b,"Regardless of the version, I still experience problems when joining a call from two devices (mobile and desktop apps) simultaneously, and I cannot do this with private group calls at all. Another major issue that still persists is that the incoming call notification in the mobile app always disappears right after the call is received. As a result, you have no chance to know about the call.",2,2025-12-20 17:18:15,,
dcdfdf9f-7623-48d5-be77-6401bbd9f988,i love slack,5,2025-12-20 12:20:18,,
ba236c32-6d05-444c-92d6-d5634a579008,its slack. it works as slack should.,5,2025-12-19 18:36:05,,
2db108cf-1b0f-4623-991c-0254bc43b719,don't ask me to review things I am required to use for work,1,2025-12-19 18:31:41,,
0890c716-1577-48f8-a8fc-6a3b2b4f2e59,"Temperamental!! It's functional but not efficient when it's working. When it's not working it's a chore to assist employees quickly. Functionality also stops working if you mute too many channels. Settings are across the board instead of by individual channels, so it's not efficient there either. There are some good things like notifications from email. I wish there were more customizable features available.",3,2025-12-19 17:46:07,,
29d51c4d-5e34-4cd5-a401-6cd0b1a42ecc,does not work well on subway never sends messages just fails.,2,2025-12-19 14:25:15,,
dbafeb2e-9e08-4da4-8a39-89ba846214c7,"Popups to ""request ai upgrade"". Pretty low of Slack to push this sort of thing. also still sends notifications even if I have them turned off in the app",2,2025-12-19 12:32:51,,
8d245ec9-0779-4e68-a1a3-5565f0c331dd,in this business or any business communication is KEY to be successful,4,2025-12-19 10:56:12,,
f105d29b-d5da-4e2b-8853-76de16af0b63,Great app. it's just the projection isn't very clear..,4,2025-12-19 07:29:51,,
bd027992-caa3-46eb-a074-22bbbc4dfda5,Used to be a lot better terrible now. All previous data lost when they updated and added a pay wall. Can't even recover any previous messages once you cross that pay wall. Very frustrating.,1,2025-12-19 01:23:17,,
ed32fa80-7163-4d9d-af50-9aa49ecce242,w application. >>>>>> teams,5,2025-12-18 20:19:21,,
166b033e-0655-4c6e-affe-7e6ef5732161,garbage app,1,2025-12-18 16:18:46,,
eccb2b72-73cf-4139-987c-a89acb706abb,great app for doing business,5,2025-12-18 16:08:08,,
d9e68e4b-6cbc-4701-abec-39d6d3dd3aed,phone notifications are flaky,1,2025-12-18 15:56:52,,
9aa44c62-d616-400f-aeec-b4c2b725c306,"3 stars because the app cannot schedule Slacks. Items will stay in your send tab until you manually send them. This means when using the app, it's impossible to honor after hours limits most of us want to place on our work: you either send it in the moment or remind yourself to send some other time.",5,2025-12-18 13:22:30,,
e652cc3c-9b7d-4648-a089-be3d5038123f,Awesome!,5,2025-12-18 12:46:56,,
8e6753bb-4e3b-4536-b278-96d3adb21fb6,"how can messages disappear after 90days , unless you subscribe",1,2025-12-18 01:18:45,,
db925260-951c-4002-997f-374576b8b30f,"Whenever an app interrupts me to rate it, it gets one star",1,2025-12-18 00:05:06,,
d2364bfc-1503-48a8-8405-a4c590096b4a,awesome,5,2025-12-17 23:00:10,,
46caf93b-78b4-401d-802a-01e74a3beffd,it helps me to work,5,2025-12-17 15:38:20,,
7eb8425c-3e00-4d78-9a52-48c12cbae51c,"Slack is an excellent app for team communication with a clean, fast, and intuitive interface. Channels keep conversations organized, and search makes it easy to find past messages and files. The free version is very powerful, making it perfect for small teams, startups, and freelancers to collaborate effectively without paying. The mobile app works smoothly, notifications are reliable, and integrations with other tools improve productivity. Highly recommended for professional team collaboration.",5,2025-12-17 13:35:28,,
faae580a-69ac-4a62-92ec-9e0e317e2ccb,"finding conversations is a pain, always has been.",3,2025-12-17 11:18:28,,
40660306-e904-4747-84cb-c84e3b194090,Great app!,5,2025-12-17 08:03:40,,
e34e572c-4cb8-4b3b-8ac1-3bdd6afd1557,Great,5,2025-12-17 07:00:51,,
fc0cb7e6-a619-4def-8367-c7ce3ef2892d,"smooth, no blocking, many features",5,2025-12-17 06:07:12,,
1dc9a923-4ba3-4ba6-bd45-1578738d8f61,go 4 it,5,2025-12-17 05:18:01,,
0c0efc2a-992c-4275-8eb7-69c8a06c228b,Nice and productive 😃,5,2025-12-17 03:53:37,,
73a2bedd-299f-48e8-9d52-03d91d8e5ec5,Excellent for teams,5,2025-12-16 14:02:40,,
0a3250ef-0da1-429a-a71e-bcca84b37428,"beautiful, easy, intuitive",5,2025-12-16 13:05:29,,
48e49053-216a-408a-9207-b3e37f6ec66e,"very confusing,so many instructions and less guide.",1,2025-12-16 08:42:43,,
d870aff1-1217-45de-83a3-2f07d39ff634,"Hi, I can't install it on my phone. That is Huawei Nova 3i. There is no storage issue on my phone. But still I am unable to download it on my phone. Please guide.",1,2025-12-16 08:12:05,,
9768b2b9-ee69-45d3-99fc-d0eba1adda42,Have problem going to my account.,2,2025-12-16 06:27:22,We're very sorry for the trouble. Please write to us at feedback@slack.com. We'll be standing by to assist.,2021-10-14 07:16:50
6f75cf70-10b2-4840-9770-76d828d82fd0,Better platform for Team Work!,4,2025-12-16 03:50:19,,
6fa25c67-741c-4b86-8f9c-dac102c1ab4e,good,5,2025-12-16 03:21:47,,
f2d77240-f099-4edf-b7b5-2b3a0851abe4,"for so far I've gone through this application, it's has been of amazing experience so far, like it's been an awesome experience so far, everything is going well so far 🙏",5,2025-12-16 03:14:49,,
5cabf0b7-4033-430e-92c3-96f64545000a,ok la,5,2025-12-15 23:29:05,,
bc8e111c-9e05-46ae-9a84-8af6404b976a,fantastic interface!,5,2025-12-15 21:13:24,,
419c6d5f-8b0d-4e77-9165-0e5c924c53e2,Awesome way to manage communication in a business setting.,5,2025-12-15 17:18:27,,
31c33eae-d7dc-4fab-8fd4-f2e9de37d2aa,work discord,1,2025-12-15 12:19:23,,
7c1a85bf-29b7-42fb-9d82-0e8362b918a6,feedback window interrupted during important talk,1,2025-12-15 09:16:30,,
9cfdd6da-84ae-4095-9828-04225563c21a,good,5,2025-12-15 07:18:42,,
cd9b7a95-4fac-4bcd-a13b-455368216d20,"12/8. return the spacing on mobile between messages to compact or provide an option to do so. I don't like the egregious wasted screen space between messages that has been introduced. I don't like this visual ""update"". it is a huge regression for productivity and visibility to wade through a sea of wasted blank space. I am literally downgrading to 25.12.10.0 and staying put until you fix this",3,2025-12-15 03:09:24,,
2c3cf5c3-8bef-4eda-ae75-8e4142956b81,"Slack’s Android app uses dark-pattern UX to make logging out difficult. There is no clear “Log out” button — it’s buried as “sign out of workspace,” hard to find for most users. The result is intentional: people stay logged in after work, see messages, feel pressure to respond, and continue working unpaid. Staying logged in is effortless; disconnecting takes effort. This is coercive design that quietly extends the workday and undermines the right to disconnect.",1,2025-12-14 22:49:34,,
cba07330-fbdc-47ec-ba9d-4ff3ee73a2bc,mamma's never gonna forget us,5,2025-12-14 21:37:59,,
94cbd8b8-2052-43ec-b0e7-447c26c57b87,Notifications are not always working. You need to open the app to see new messages...,4,2025-12-14 11:39:46,,
a2eede42-de1d-42be-b293-4d887c37c302,I love #mrBEAST and I trust his review about this #slack,5,2025-12-14 07:34:50,,
cc43eb7f-fb7b-47c4-a2b1-10b2fc6e5e70,i often get lost and lose messages that I never find again,2,2025-12-13 23:57:02,,
2498c7b3-efd4-4152-bb20-dc05b5ee8d7a,Good experience,5,2025-12-13 17:51:50,,
daf501e0-2a3e-455b-9b21-a9aa4c5dbcf1,excellent,5,2025-12-13 06:36:39,,
83bf32aa-6442-4bf7-8dae-0ac23dbca15d,Completely blocking access on the desktop app between updates is a horrible experience.,1,2025-12-12 20:05:35,,
830eb170-90ba-458e-a1b6-b75726023aaa,it's an awesome app,5,2025-12-12 10:05:40,,
c27eb2e0-9ed7-446d-b189-87965f765d0a,Very Professional. Easy to use.,5,2025-12-12 00:33:56,,
1ffa1201-5a66-40a6-9ad0-e0df61f03dad,so far so good! its a great way to keep employees and employers connected in one spot.,5,2025-12-11 22:59:59,,
0986abc3-5836-48ce-a7ab-0835897a5dbf,learning how to use slack,4,2025-12-11 18:47:50,,
bada3935-f6a9-4bb4-8637-64b16b2eef6d,Great work thank you,5,2025-12-11 17:53:41,,
e183fd35-69e8-4988-8e82-915b115b543b,"really dont like, because of privacy issues. you cant delete any connection which was even 10 years ago. sorry, maybe it is good for work not for private use.",1,2025-12-11 16:01:24,,
5fd64eb0-a038-432b-b683-aeb379f28936,Best app to have if you work in any capacity. So modular and so much potential behind it.,5,2025-12-11 15:55:51,,
bb6df7b0-4f3e-4a08-b941-e05ba14cb701,professional apps,5,2025-12-11 15:54:45,,
8031ade2-34c2-4bcc-bd9e-79604c244641,very nice and helpful people,5,2025-12-11 13:53:10,,
7a5e849a-26bf-4fdf-871d-36329f690c76,good,5,2025-12-11 09:20:47,,
906790fb-7f87-43c2-bc68-e1906ccccbc5,love it,5,2025-12-11 01:07:22,,
0024ce31-fcf0-49b3-84b3-ae5726ffa9af,it is fun for the first mouth but after that it is paid to do anything,1,2025-12-10 23:10:18,,
97d746a3-5a0b-48d6-855a-b08539315bae,best apps,5,2025-12-10 21:53:16,,
21d4c6e7-4664-475c-ad35-60d66c9ef747,"Worst App ever, Slack service is good but their android app, neither video playing nor any thing downloads.",1,2025-12-10 19:08:05,,
db46a82e-7db4-4c19-a7c8-d6afb202e7f2,we well see,4,2025-12-10 16:07:21,,
f7ec4bd1-73d3-411e-bda7-a6b4a187a47f,amazing,5,2025-12-10 13:57:48,,
61536a45-767b-4698-a3ed-e4117d351082,good appa,5,2025-12-10 09:25:20,,
2d2fa997-018d-4f24-86d2-23446925b6d5,good app for work space,5,2025-12-10 07:05:51,,
8bb2aaa4-6522-424b-b6dd-8849fe875fd0,good,5,2025-12-10 04:45:24,,
86f8e774-e373-43ba-ad9b-ecfeb4340a3e,the app demanded a review so it got one,1,2025-12-09 17:42:02,,
725467eb-6571-414f-8c00-11ef39415450,This is incredible. So much valuable and necessary in our work life.,5,2025-12-09 15:15:10,,
ee44a218-6bfc-42ab-bb84-e7b653860c70,some app integrations like toast and jira stopped working properly on mobile recently.,3,2025-12-09 14:49:15,,
75b0ff13-cac8-4cf8-a5bc-7b28a4567c04,"reat, thank",5,2025-12-09 09:16:20,,
68509609-0b5e-4076-a276-8958430fc958,very good app❤️❤️,5,2025-12-09 09:07:16,,
0b87d089-e18e-4bd2-a8c0-537fb9f67872,"This app is a blessing to me, I wanted to start a little brand business and now I can finally get to use it to work and talk with my business partners. Thank you Slack, I was recommended by Mr Beast to sign in and download the app. Thanks to you too Mr Beast.",5,2025-12-09 00:46:06,,
ff08ce5c-4737-4cfe-b002-90fda1795bd6,"I'm not having much fun, I'll let you know when I do.",5,2025-12-08 19:37:58,,
bace64cd-e162-4056-8955-d915ed08bffe,"To react with 👍 emoji the user needs to search on a huge list, big waste of time. On the desktop is the first suggestion.",1,2025-12-08 19:00:46,,
2d4d7f5e-cd2b-4b25-a187-01777659a6a6,"This platform requires users to download a app on mobile, I needed to send a single message.",1,2025-12-08 17:54:16,,
c1d530a9-e247-41f7-990b-db1e4655f3ce,photos are not visible anymore,1,2025-12-08 14:29:06,,
a9cb6373-ec1e-47f0-a2ae-da95917f86cb,Very Productive...,5,2025-12-08 14:25:30,,
5500591a-6644-49d5-8430-f63fef7272a8,expensive,1,2025-12-07 21:22:37,,
5419ad41-9675-4e28-b052-f2137d5964c1,very helpful with work related task.,5,2025-12-07 17:33:53,,
b446f076-4373-4ddd-94cc-43452ec7d513,good experience,2,2025-12-07 15:56:39,,
42108a72-6eb8-48a6-9cf0-d45541f22a68,Very good app,5,2025-12-07 14:27:46,,
38c9e493-1db1-496f-a6e5-3d70e9240765,Requires a new phone just to use slack,1,2025-12-07 13:34:51,,
6c544547-4fd2-4253-80e6-9d966f598668,"I'm not able to continue with Google. I reinstalled the app several times but it's still the same. It says ""There's been a problem authenticating with Google"". Please fix this problem 🙏🏻",5,2025-12-07 05:56:37,,
f10d3026-83e8-49d4-bae0-d67d18678532,cant upload video,1,2025-12-07 04:31:59,,
31d60ede-6252-492d-a9a8-9de61cbe9923,"works as expected, my only issue is the most used reactions excludes my 3 preselected reactions I use all the time on desktop.",4,2025-12-07 04:21:26,,
f0174f9f-bf1e-4fd7-a8e0-04d685774ef7,worst app I've ever seen.,1,2025-12-07 03:34:58,,
b1927aff-8d91-4c17-b44a-d7677641ca2c,nice,5,2025-12-06 23:20:24,,
b799b89b-9856-4204-bc44-9b153807f566,awful 😖,1,2025-12-06 20:25:18,,
4e7e7036-33ed-433b-86c8-f7059fd97a46,"If you never want to get any work done, if you like being constantly distracted by conversations that are mostly irrelevant, and if you like never being able to find information easily, Slack is for you!",1,2025-12-06 15:18:26,,
89ae589a-3d8c-4b27-9e24-b71d4f933476,"the channel I use most of the time keeps disappearing from view, and is very difficult to reach at times.",2,2025-12-06 13:06:50,,
570c2b86-844c-43b9-ad01-40eeab011de3,I recently updated slack now I can't see pictures that have been uploaded into the chat I tried everything... some developer just ruined the update... can we get this issue rectified please.,1,2025-12-06 12:08:12,,
7f5d030a-7b89-488c-97f1-9b9efe4942ba,The best for team instant collaboration and it's so easy to integrate with other apps,5,2025-12-06 08:35:49,,
2c8ea3af-f087-4736-be4f-ae43c688e283,"Cannot verify app on phone. Ive used both corp email and corp security code, on corp wifi, neither will activate the app on my phone. When confired on corp pc on corp network using corp security measures. All is verified/approved but the app on my phone never activates... yet again here we go, this app is horrible, for me to change my pass code then kick me out and won't take the new pass code I was forced to make.",1,2025-12-06 07:54:31,"Hello! We'd be interested in hearing more about this issue. When you have a moment, please reach out via email to feedback@slack.com to flag this with our support team.",2025-09-24 01:09:00
e31122b5-17c3-4923-be7b-5506ff3eef4f,Speech to text doesn't work. It works on all my other applications but not Slack. I am currently using Google speech services. This has been consistent over the last 2 or 3 app updates.,2,2025-12-06 03:52:59,"Hi there!

Apologies for the delay here — it's been longer than we'd like since you first contacted us.
Do you still need help with this case? If so, please let me know by replying to this message and we'll prioritize getting you the support you need. If you're all set and found a fix or workaround, no need to reply!

Thanks for your patience. W...",2025-12-11 23:26:54
5201247a-fe66-4a7b-9c21-0fe8cee3100b,"ui keeps getting worse. Now, the suggested emoji dont make sense, and the google calendar app is broken when accessed from notification..",3,2025-12-06 00:52:09,,
2a365f12-2c7e-4213-b041-66db894fbb72,Couldn't run our company without it.,5,2025-12-05 20:32:45,,
ea9f9e73-764f-4576-b320-103d0dd4ede6,I don't think it's native. seems to be likes of flutter or something else,3,2025-12-05 20:08:52,,
91dc6475-7e14-472a-91e2-5682f34732f0,Immature. 1. Don't post notifications before you precache data. 2. Fix your sync bugs with other clients.,3,2025-12-05 20:03:18,,
be41042e-bcd4-476c-a9b1-af77abf9199f,"1*. can't opt out of dumb engagement bait notifications.""it's been a while, why don't you check in"" is a worthless notification.",1,2025-12-05 18:15:23,,
f341d507-c474-46fb-b8ec-a677598cf8df,okay,5,2025-12-05 14:50:04,,
9e7381b0-1fe0-4e7b-bff8-9f96043cfcd5,stop changing it,3,2025-12-05 14:31:52,,
4aaa46e2-a0b8-4989-b470-1dc846416850,The feature missing is Seen so I know my colleagues have seen my messages. Please add it!!!,4,2025-12-05 06:24:20,,
3a38de7f-6b08-4c78-81a8-852073812220,always great for work,5,2025-12-05 06:19:02,,
ff2f6bcc-8cb8-439d-8528-fd1fdd722972,The defacto tool for work communication.,5,2025-12-05 04:18:41,,
a95bc983-b36b-4ed4-afc1-947d36d44c13,"Slack app is not working properly on my mobile. When I scroll alphabetically through the list, it suddenly restarts and goes back to the top. It also takes too long to reach a specific person again because there’s no proper scrolling option. Please fix this issue.",1,2025-12-04 14:37:17,,
3c53aa87-29fa-4936-b9bf-53c4d562cc97,good,5,2025-12-04 10:33:27,,
684df256-cbd4-4b45-96bf-fee436f4bcec,great app. text if just a bit small,5,2025-12-04 00:42:58,,
b1cfb913-6b72-4cd0-bdc5-da666887c5b2,missing slack status widget in Android 15 phone Samsung m14 5g.,1,2025-12-03 20:09:22,,
70cb34cd-9f4d-4c09-b984-42ad59ec01ea,You're gonna like it. Beautiful GUI.,5,2025-12-03 16:46:50,,
59006c71-9805-4180-8f81-1df8cdf1a9a9,Efficient tool 🔥,5,2025-12-03 09:32:41,,
299c885b-7ac5-4db2-b99a-a83c1ae41347,useless it's been a while notifications and inability to disable them.,1,2025-12-03 09:13:42,,
5c2fcb50-4f4f-40c3-b132-d166a11712e0,notifications are spotty,1,2025-12-03 01:43:13,,
e6071e62-8714-465a-ab01-3f6b46ba0463,I really really love this App it help me connect with team mate,5,2025-12-02 23:30:37,,
26de0229-3332-47ba-b6c7-201723a34731,don't like one bit very confusing,1,2025-12-02 19:24:05,,
6bae9f52-22b8-4ba4-8e7b-4668fdcd9281,Gooooodddd,5,2025-12-02 16:28:22,,
877045c1-7603-4818-b57f-9e756f186615,"Too unstable on my device, Sometimes it's a big problem just to upload images or VN'S",2,2025-12-02 07:46:34,,
5fc8cc5d-2db6-4072-81d2-00b75dccdfa3,OK let's be fair. Slack app is broken. Channels disappear. They used to have a feature to pull down to show you the recent channels you have used and you could at least see the vanished ones by doing this. They removed the feature so it's now literally unusable as half of the channels don't show up.,1,2025-12-02 04:08:38,,
30776906-0415-4bc9-b0eb-874125c5c555,"Update: the desktop (web) app does not show all the send messages in the activities table. Anything sent, should show. Also, when you set a reminder, or schedule a message, it only shows the numerical date as if someone will remember off top the day of week as well.",1,2025-12-02 02:13:38,"Sorry to hear your app isn't marking messages as read. When you have a moment, please navigate to your app’s ""You"" tab > ""Preferences"" > ""Send Feedback"" to flag this with our support team. We’ll be happy to help!",2022-11-25 17:43:49
19d2eaa8-66a4-43a7-8d59-4373cfc40f91,"love the convenience, keeps me in touch with everyone in the organization.",5,2025-12-02 01:39:22,,
03ef377f-bf54-4eea-8faf-d2ea0c9ea5cd,solid app. no complaints,5,2025-12-01 20:09:30,,
163cadab-5e51-48b9-83f6-a261c4c9bede,The best software for the information flow in the enterprise,5,2025-12-01 18:30:23,,
987deeaf-07b0-4b27-8591-dd0a61ad03e0,"keeps logging me out, sometimes immediately after signing in",1,2025-12-01 18:14:21,,
240c88b2-8a6c-4465-8808-9d042063f839,"Great for keeping track of birthdays and organizing gatherings for friends and family. I'd give it five stars, except the full range of features are only available by paying a monthly fee for every user. Great if you're a for-profit company but less than ideal if you're not. I'd be happy to pay a small fee for the account managers but that's not an option.",3,2025-12-01 17:17:45,,
f859338e-9e05-4328-8c25-631e60626dd7,works well. my main source of comms. replaces email.,5,2025-12-01 14:06:24,,
bfb72378-216b-4da5-92fb-a6e72ed7e38e,App not download in my mobile,1,2025-12-01 10:23:38,"Sorry for the troubles you're experiencing, that definitely sounds unusual. We'd love to dig deeper into this for you, we'll need some further details to better assist. Mind reaching out to us at feedback@slack.com so we can look into this?",2025-01-04 21:05:11
3c2a680d-9ddc-4cc6-a8c7-893dc226bb88,best among most but can be improved as well,5,2025-12-01 08:01:33,,
7ed6e425-1edd-42d8-8987-4887006dfd33,overall good,5,2025-12-01 06:55:33,,
e61a2edc-8de4-4157-a01f-1bf579064d61,okay,4,2025-11-30 22:12:52,,
0661b641-b426-4a08-8497-757c6784cb1f,impressive functionality crammed in the interface,5,2025-11-29 18:01:14,,
4663c797-627b-4c9b-a927-668d83659f1b,Notifications no longer work. Extremely frustrating!!!,2,2025-11-29 15:06:08,,
2b0c7cd8-ca43-494c-8d9f-239a6872ba2d,can't join multiple people on call and most of time the audio device doesn't work.,3,2025-11-29 06:54:20,,
4e3fc603-bed0-4d9e-b47a-c081b81b61a2,works when it works.,3,2025-11-29 04:19:23,,
b0e94510-bcc6-4ea9-b8ef-5044a60d22ff,too rigid in certain departments,1,2025-11-28 17:18:37,,
c13951b4-ebc2-4fcf-8c2e-dd1e844b0fca,Smooth app experience with nice UX,5,2025-11-28 15:03:12,,
7638f2fa-17ff-4cce-a98f-2abe44edfb62,doesn't work on my MacBook and have DNS errors on web and never resolved,1,2025-11-28 13:27:01,,
58cd3f80-6c9d-48b5-9f40-66e0f23acff2,"opening threads takes forever, other apps work just fine, so it's not about my internet connection",3,2025-11-28 08:45:23,"Hi there, We recommend resetting the app's cache when you run into behavior like this. You can do so from the app's ""You"" tab > ""Preferences"". If you continue to run into trouble after this, please head to the ""You"" tab > ""Preferences"" > ""Send Feedback"" to flag this with our support team and provide some logs needed to investigate. We'll be happ...",2025-11-28 10:00:22
9fa55202-3549-4969-a510-a5bc1588ab12,spotless,5,2025-11-28 05:56:53,,
d4433212-3bbd-4517-97a6-90c083d31468,awesome,5,2025-11-28 05:32:40,,
95dc947f-0faa-4412-a715-3ea099fdd078,Excellent,5,2025-11-27 18:46:04,,
0418c317-fb03-449f-8a55-2794eebcca4c,"Crashes: On an Android phone, when opening a PDF file, it crashes",1,2025-11-27 16:32:30,,
b72e30dc-3e19-4d21-949a-50309f3bb6f8,frustrating,5,2025-11-27 12:52:11,,
041d9bfc-6e2b-429e-918c-ace8651878ae,Notification issues in my phone readmi turbo 4 pro,1,2025-11-27 04:43:53,,
cf8bc624-33cc-4d68-9295-48b6fb8209bd,slack is whee it's at.,5,2025-11-27 01:42:54,,
c103b1e3-8f0f-4a85-88d0-b2e60d6b142e,"The app is not great. For example if you click on a conversation and then minimize and come back, it swipes away the conversation. Slack wins the defacto work chat app simply as there aren't many alternatives.",2,2025-11-26 12:48:23,,
02a8be80-ea86-4a2a-95b8-4dd21ee20415,totally overcooked Messenger app. Crashes when editing large DMs....,2,2025-11-26 09:30:27,,
df5003c2-602e-4517-a9b7-a6b1ec4eac2e,The huddle feature seems very buggy on Android - Always ends up using speakers instead of Bluetooth headset. It's not easy to figure out how to change it to use Bluetooth. - Phone become unresponsive and starts hanging while in a huddle.,2,2025-11-25 23:06:03,,
7b55b4c7-991b-46da-ade7-52a247d4e4a7,lots of errors and advanced features,3,2025-11-25 16:12:09,,
c3e74baf-5f11-46b1-972b-afdd70c79f85,This is awesome,5,2025-11-25 09:56:54,,
4fa40825-8099-4aab-8561-0fff71a64bba,wow this is a very nice 👍🏼😍,5,2025-11-25 09:50:13,,
e55d4fc1-4319-48c9-9a77-2e9399c4519d,basic and very boring,1,2025-11-25 00:23:46,,
3c5f4205-3b2b-407e-88a4-4f51c9c02d16,very effective way to communicate.,4,2025-11-24 06:16:36,,
3e077cf3-e47b-4b18-870a-ba828ea40a84,amazing,5,2025-11-24 05:17:19,,
0df6e220-d7eb-4461-9110-7448042c36cb,smart user friendly communication application...,5,2025-11-24 04:50:30,,
3fcd7e01-b08c-4796-850b-46568005b657,"Yes, some features are great. However, it didn't do everything I needed. I was using Slack for task management (tracking), workflow, and Kanban, but competitors do some things better. To cover all my needs, I would have needed a Slack subscription plus subscriptions to other tools, which makes the whole setup very expensive, especially for small teams. Once the Slack trial ended, I found the free version was restricted to properly experiment with or explore Slack's full capabilities.",3,2025-11-23 23:22:26,,
be817b58-cef1-4e70-aff3-e966192eb90f,message duplicates in the last version,1,2025-11-23 21:08:51,,
7a30b03b-7913-4674-ba5e-2e370a36a244,Great for teamworking and coordinating big events.,5,2025-11-23 20:15:27,,
8c6b7e06-0418-44fc-9ed3-e5f61462cb06,Notifications do not work on my phone,3,2025-11-23 08:57:38,,
3e364231-c36c-4a1e-b6a5-79d1d3873a6a,helpful work tool for a warehouse setting,4,2025-11-22 02:29:42,,
be1662e8-f08e-4e5f-9d11-6510ab937b58,Felt as if I was actually going insane 🤣🤣🤣,5,2025-11-21 23:31:46,,
b4bb73f4-51a0-4661-8439-7bbb463cdf78,"Great collaborative App! We use it all day, every day, at work. Solid! No issues.",5,2025-11-21 13:17:25,,
9bf9313c-7386-4138-bdf1-b73f7bc793d5,it might be a bit too complicated for someone not used to Slack but the threads and channels are great features!,5,2025-11-21 05:16:02,,
37254a53-c216-4e8b-a2c1-9eaabe1128c8,"can be busy and disorganized, but it’s Slack. What more would you expect?",4,2025-11-20 20:23:54,,
5906692e-396c-4e50-9a53-2bec5ba3c8b3,inconsistent behavior. missing messages and notifications. lengthy login process. user experience is not worth any possible added security. use teams instead. .,1,2025-11-20 17:11:57,"Hi Amir,

We recommend resetting the app's cache when you run into behavior like this. You can do so from the app's ""You"" tab > ""Preferences"". If you continue to run into trouble after this, please head to the ""You"" tab > ""Preferences"" > ""Send Feedback"" to flag this with our support team and provide some logs needed to investigate. We'll be happ...",2025-05-17 15:17:38
558e828e-96a7-4830-a11b-e075a32e2d2c,tool for micromanagement.,1,2025-11-20 14:01:53,,
7b55aa34-24b2-44a8-b171-7aeb579aeb04,Unable to connect. Edit 2025: same problem. Where is the QR CODE!! Awful UX!!,1,2025-11-20 08:20:52,"Hello! We'd be interested in hearing more about this issue. When you have a moment, please please reach out via email to feedback@slack.com to flag this with our support team and provide some logs we'll need to investigate. We'll be happy to help!",2024-11-29 02:01:34
1981aec5-d156-4c32-b528-951dc6783582,easy to set up invite and navigate,5,2025-11-20 00:24:46,,
b9d2797f-dae9-4507-a50b-37df772cdb92,Awesome!,5,2025-11-19 23:12:09,,
bb53d222-4fae-41e5-a1c1-4fc4d27bbbbd,"It's an awesome app, especially for my first job. It helps me get up-to-date and talk to my manager. It helps me know my schedule. It\n Tells you if you need some extra hours or if you need to take anybody's if anybody Cannot do their hours and you want to do extra hours.You could do them",5,2025-11-19 22:30:17,,
ecb1502f-f8ef-4a5b-bb31-cf5108b240b5,Good app,5,2025-11-19 21:18:08,,
4f7fe47e-136a-4570-a5b3-d33c571c2fa3,ok,3,2025-11-19 16:30:30,,
5cdd1840-aac3-4e7c-a90b-1aebdc91e692,Best app,1,2025-11-19 12:48:47,,
e2b43638-6801-4419-a0c1-5cb9543db166,can't find my muted group channels. Why are they hidden? it's so inconvenient. I read them from time to time. but I just needed that they were not highlighted in the menu,2,2025-11-19 10:53:21,,
4d486c71-7354-4ba7-a4fc-01df60054892,Amazingly useful💯,5,2025-11-18 21:47:45,,
346a91e4-a64a-4861-ac20-92395e54c05d,one of the worst softwares i have ever used. very complex making you lost in the forest of messages. i do not understand it's value or why it is that widely used. not recommenddd.,1,2025-11-18 09:23:16,,
d3fc7b8f-5dbd-4a1b-a158-b23f3e97df83,"makes you want to use the app, very happy with it",5,2025-11-18 07:04:10,,
082658ec-12b1-47c3-b6a9-ce3c114d9e6b,"Phenomenal app for the workplace. SO MANY different ways of creating workflows and chat groups not to mention the live animated emojis 😅, Freaking Awesome 👍👍",5,2025-11-18 06:41:08,,
c68a8c89-74b4-44f5-b7d0-56c8a2b41550,efficiency!!!,5,2025-11-17 18:00:51,,
f24bd429-95a1-4203-8640-cbcf6929aeff,"show, Works great",5,2025-11-17 17:18:16,,
5ae26718-e828-43ef-bcd5-37f72f4433be,it is the best app ever!,5,2025-11-17 06:20:12,,
76f832aa-9111-41a1-8a38-657b497925e8,Don't ask me for reviews while using the app it's annoying,1,2025-11-17 03:08:57,,
000f925b-3cf6-4e1f-bebc-68795984c63e,too much bloated recently,3,2025-11-16 12:17:00,,
d9ca66c2-dbd8-4017-89da-6765a9f0520a,Very good,5,2025-11-16 07:38:16,,
9945a468-f1ef-4088-a9d6-383ffd572554,slack decided to turn off all my notifications for no reason and as a result I missed a ton of information that was important since I am not keeping the app open 24/7,1,2025-11-15 19:14:03,,
c950e016-7f6d-4bc8-8349-466fe0e4f812,Muy útil! Gracias!,5,2025-11-15 11:45:02,,
6a57298d-1162-4e95-8a9f-608184f520db,Perfect 👌🏽,5,2025-11-15 01:46:34,,
29a3dfe6-411b-413e-9431-fc44edf401c0,👍,5,2025-11-14 10:42:38,,
560c1d43-a4e0-4c86-9bcf-5efb83b87233,Good intercompany communication apps,5,2025-11-14 06:37:42,,
98071d3e-47ad-46db-9a08-fdc59afaf25b,"Extremely slow (mobile, PC, and web app) and the UX could be better.",1,2025-11-13 18:36:57,,
371c2450-bcd8-4d58-82a2-93651017482c,Finding older sent files are too tough.,1,2025-11-13 18:14:57,,
9b618278-e0d1-4b2a-9c78-1435f59d81ad,great app for great work flow,5,2025-11-13 14:44:41,,
bcc66ca1-5ff1-4887-aeaf-ab7d131b742e,"I used to have a 5 star review but they added an obtrusive and distracting Al summary pop-up that I hate. *never* want an Al summary of any thread, ever. Allow me to opt out of having this Al suggestion and go back to a 5 star review Edit: and now they've added an ""Agentforce"" shortcut to the footer? That's even worse! Get this AI slop out of here. Complete garbage, I don't want to see it. Allow me to hide it.",1,2025-11-13 00:07:24,,
1de09bd6-ad45-4a06-8450-72a611ff4c94,A horrible app that keeps crashing trying to do the most basic tast,1,2025-11-12 22:10:35,,
9ab69b63-e6b3-446f-b404-3946ad1d4372,could just be me but it doesn't automatically give you notifications,4,2025-11-12 21:57:46,,
45e91598-fbb6-4f62-94fd-ac8594066967,pretty cool 👍,5,2025-11-11 22:25:40,,
1e9fb3fc-8607-4f01-a7d8-220e1869d912,it's a business chat room. nuf said,5,2025-11-11 17:35:41,,
ac10553f-b0f3-4d62-9d11-3009f862d40a,best application for work.,5,2025-11-11 17:12:37,,
64311194-ca22-4423-9bea-5f306b073c12,Very good and User friendly,5,2025-11-11 16:28:04,,
6618fcdd-a72c-4f17-a143-e39bbd68a782,"I appreciate the founder and his team mates for making online student easy for group discussion, last but not least best App for work And multiple Tasks",5,2025-11-11 12:19:04,,
cd8ebf59-45f3-46da-abe8-a1ae6c2339ef,"My channels are hidden by default due to a new feature. Please instead of changing the default behavior, inform the users first in the future. Also the ""mark as unread"" feature is not working from the Threads menu (where the latest threads are listed). I have to open the threads one by one and select the same message if I'd like to mark it as unread. Please fix this in the threads menu. Thank you!",1,2025-11-11 11:31:23,"Hi, we recommend resetting the app's cache when you run into behavior like this. You can do so from the app's ""You"" tab > ""Preferences"". If you continue to run into trouble after this, please head to the ""You"" tab > ""Preferences"" > ""Send Feedback"" to flag this with our support team and provide some logs needed to investigate. We'll be happy to h...",2025-09-19 12:45:45
9b52b603-e1ff-4ce3-97b7-42d08e6c9d40,amazing app,5,2025-11-11 09:24:18,,
ab7fa535-89a2-4b59-ab58-331fd7585316,I miss the read indication like the blue v in whatsapp,4,2025-11-11 05:33:44,,
4bf030ba-b365-44e8-a2d8-a8a9938e572b,Good for office coms. Accepts all kinds of file format.,5,2025-11-11 01:29:18,,
3f4d11ed-bbb7-4d88-bda3-c6d8212a6a23,good,5,2025-11-10 21:05:07,,
3edf8422-efa2-4b56-8fa5-a0177efbf695,hard for me to get the hang of.,3,2025-11-10 17:19:15,,
c0a13b44-9b95-4b8e-ae0e-a4291f3618b5,would be nice to receive text notifications,3,2025-11-10 14:58:23,,
6d35c9bd-602b-44b6-ad9c-05b8a4d1d15d,very good and it's good for communication easy to use too,5,2025-11-10 09:55:34,,
16a8833e-4e22-4529-8cbb-5ab86153c63d,good,5,2025-11-10 07:50:16,,
0ab0262e-6ad7-4e94-9eab-06a366d99d31,this app so good,5,2025-11-10 06:35:10,,
b2f3d946-0287-47b8-9484-0288f6e3d0a1,Good,5,2025-11-10 05:28:58,,
6bf7b996-a28a-4940-b5f4-a37f5286fe75,love this app suggests me beast video,5,2025-11-10 04:08:08,,
231594b3-cf74-48ac-b1c9-72d1523e9f94,great experience for small team collaboration,4,2025-11-09 05:25:06,,
3058be83-273e-44c6-be13-87a19d63dcad,it is nice.. mr beast.. ❤❤love from 🇮🇳,5,2025-11-09 05:01:24,,
bf8922ae-169c-4cbf-99d2-6542c7a589f6,Thanks to the Developer for developing a professional app like this.,5,2025-11-08 22:13:30,,
4554a188-0fbe-407a-84eb-0b12ca4459fc,Mr Beast told me to install and i am the winner of 10k dollars 🤗🤗🤗,5,2025-11-08 21:19:40,,
ad699fe3-010f-4ba6-877c-62726aebb7c2,mr best,5,2025-11-08 19:30:47,,
e3fad8e0-7cae-4944-9ce9-1a72f8269f1f,hard to close chats and the channels don't stay up. some conversations you read don't mark as far read and are still highlighted. this app needs a lot more work to function properly.,2,2025-11-08 19:08:55,,
2da036bc-7424-4b4e-b4a9-2e4a7a862275,Mr beast best app recommended please download now,5,2025-11-08 17:44:06,,
6797666c-00b6-4c8d-b3fc-05612e163cb9,I do not use this app beyond what I have to for work because it is confusing and not clear to operate,2,2025-11-07 18:28:43,,
7ca8dd41-913a-42c7-b305-3ddad103359a,very helpful,5,2025-11-07 17:25:50,,
610fd034-ffdd-4242-a47f-eb3bf18ccbe3,Does not work with Bluetooth LE. Huddles play on the speakers no matter what audio device is selected.,1,2025-11-07 13:25:33,"We're sorry for the trouble. We recommend resetting the app's cache when you run into behavior like this. You can do so from the app's ""You"" tab > ""Preferences"". If you continue to run into trouble after this, please head to the ""You"" tab > ""Preferences"" > ""Send Feedback"" to flag this with our support team and provide some logs needed to investi...",2025-09-21 17:40:58
625ebb95-6adf-4183-8930-eb01fda7ae93,Great,5,2025-11-07 11:03:21,,
6c2b4648-4b73-4c49-b82e-2968358dbb8a,"""Rating: 3 stars for good features and benefits.""",3,2025-11-07 06:58:53,,
7d2d7c81-1fb8-4be4-a715-67d3b85aa7ee,Not intuitive and notifications are turned off and will not turn back on for my desktop.,2,2025-11-06 20:51:23,,
04a09c4a-0fff-42f3-9205-373cd803f0ce,Best and yet trying to be better,5,2025-11-06 19:00:44,,
c353c565-5814-4a39-a183-b8c2d222b67c,why i see all of my slack member are showing offline instead all member are online plzz resopve that bug,2,2025-11-06 08:40:43,,
ae494148-3a7a-4034-b68d-655e8acf75fd,It's pretty much the sort of trash you'd expect people who weren't competent to use email would come up with.,1,2025-11-06 07:44:28,,
cc7603fc-ae6f-4fc0-8bfc-f52f3fc4a472,Super efficient,5,2025-11-06 05:25:49,,
a73f1492-f079-49a8-9262-a83da1005a80,Need UI improvement,4,2025-11-06 00:13:01,,
7530a081-1f4d-43b6-ae75-1c617beadaea,"Filters broke a long time ago. Sort settings no longer save, which is a problem because the default setting is makes using the app more annoying then not opening it at all. When working in a big company, forcing it to sort by unreads and mentions means all I see are unrelated support requests, and nothing that I actually care about or need to see. This is now only useable to respond to direct messages from the native android notification popup. I won't open it for any other reason anymore.",1,2025-11-05 21:58:40,"Hello! We'd be interested in hearing more about this issue. When you have a moment, please navigate to your app's ""You"" tab > ""Preferences"" > ""Send Feedback"" or please reach out via email to feedback@slack.com to flag this with our support team and provide some logs we'll need to investigate. We'll be happy to help!",2025-06-11 05:12:37
cd8dced0-61f3-4956-a623-117c43b7b542,Thank you,5,2025-11-05 12:53:52,,
693581ff-25fa-4104-9566-bac1e29fe09f,Garbage app forced on me by my employer.,1,2025-11-05 12:30:40,,
1b024850-2187-4bda-9c14-172c9dd0f314,Básicamente el mejor canal de comunicación de fines empresariales.,5,2025-11-04 17:21:51,,
c26e103e-0d29-42ef-a96d-5a00d080a1e4,Great place to collaborate for my business!,4,2025-11-04 16:52:17,,
541f23ed-88bc-4bda-a76a-aa983e59e129,great tool for communicating at work,5,2025-11-04 16:17:42,,
810506ed-5184-40ea-a541-a9df93020f20,doesnt let me sign in,1,2025-11-04 09:41:54,,
801e5d70-6b45-4d6a-93ad-776f4d41a77b,work work work 🎵,5,2025-11-03 19:33:53,,
eb1a66b3-1c75-45f1-82f3-157fad04f540,"I am forced to use this app for work.And the way the message come when you open the conversation, it doesn't show new messages.You have to swipe down and I am constantly missing updates. Because of this",1,2025-11-03 18:00:02,,
84007b43-4298-4955-ae36-bba1b104b801,discord ripoff that work makes me use,1,2025-11-03 14:11:51,,
092c6e47-bf75-4297-bad9-8f2771b10d64,I once had troubles having access to workspace on my android device. I had to uninstall and reinstall before I could gain access,3,2025-11-03 11:07:06,,
54a77f33-fbf8-49cd-a04e-16e398896586,Really helpful app for remote work for any company. It helped us lot for our Company work.,5,2025-11-02 12:39:14,,
e2eeff0f-524b-4a3a-9307-6f53cadf702f,love it .,5,2025-11-02 08:01:37,,
b14cdb3b-96fe-4185-ae68-52ecad05caa9,Does what it says. Very useful. Has reminders. Good for organizing & brainstorming!,5,2025-11-02 06:27:38,,
6858bf62-6669-4676-9232-f9d9a25f7a87,"I love it, very reliable, very customizable and has really cute positive messages hidden when you attempt to refresh your message page <3",5,2025-11-02 02:17:35,,
b86ed7b6-8763-44d4-a7d3-e5a10047af86,"Terrible monetization, borderline abusive.",1,2025-11-01 03:40:19,,
c37a8378-d7c2-4cbb-a74c-21019e705869,"there used to be a feature earlier this year to set custom timezone only for the slack, and now it is gone. I guess the dev team has nothing to do but making the app worse",1,2025-10-31 17:12:03,,
ce0e576b-ed9b-4aa3-970e-76cdf201f585,long screenshot doesn't work,2,2025-10-31 06:53:25,,
af15984a-a142-4671-853b-21ad6082da53,It makes the team work together because of its communication features.,5,2025-10-31 01:53:45,,
cbf28249-ed88-431f-867b-7f9fb2fc8ba3,Muy buena aplicación para trabajo y comunicación de grupos de trabajo. Lo que encuentro útil es el uso de huddle para llamadas y la utilización de AI para generación de notas de reuniones.,5,2025-10-30 21:06:00,,
5e7167cc-ee92-42b2-82e2-0b1aa552b0b2,okay okay..,5,2025-10-30 10:09:26,,
941ec6b8-4a6c-48b2-8be2-2d684f652f2e,everything's good n' all but even tho I have put my notifications on. it still doesn't send them. It's rly annoying.,4,2025-10-30 09:45:09,,
b6e686ed-4149-4584-ae17-5773b568ee6c,very terrible ui . clunky and confusing,1,2025-10-30 07:36:33,,
a6df50f4-4ad7-42ed-9349-e4e55129173c,Very bad,1,2025-10-30 05:28:34,,
17af7145-86bc-4251-a69d-60ec97eb438d,"Good tech, even better people behind it. 💡❤️",5,2025-10-29 19:37:51,,
63b9a8a2-fdec-4e45-af91-611e1eab1576,works🙂,5,2025-10-29 19:04:27,,
1c1b983a-f62c-4826-a8c0-43b5c7f2ed8f,amazing app 💪,5,2025-10-29 18:48:50,,
1471e17f-0682-4627-a168-974861e3cd10,"I used it and the messages are so slow that they are stuck in the network, despite having a wifi connection of 200MBPS the messages are very slow.",1,2025-10-29 16:36:28,,
ac5b6cf1-1c13-480e-9b60-cbdd9c31e9da,Great App,5,2025-10-29 14:51:40,,
d26c9fae-23d6-46a2-9592-2c6901d45852,could you please provide the basic option which all applications in the world have is to login via password?,1,2025-10-29 08:32:55,,
f40c7c1f-5963-4825-876c-cf6be80c4dbd,nice app,5,2025-10-29 07:08:56,,
b13d5503-af73-4f80-bf4b-494a7453580e,Great tool for internal communication and 3rd party integration for notifications via webhooks,5,2025-10-29 06:00:57,,
be785c36-978f-4132-9ce3-f1f51f3a20b6,Excellent experience and way to stay connected with business associates and clients,5,2025-10-29 02:16:12,,
8203c7c8-2ad1-40e5-a52a-1f7181fed8f0,"Every month there is a need to sign in again. Did it four times in a row, no issues. But for this month, for 2 weeks I've been trying to sign in again for my workplace but it doesn't work. Meanwhile on my laptop and desktop, there are no issues. Only mobile. Please fix this.",1,2025-10-28 22:55:39,,
99b6d958-7481-48d9-a65c-ae0b9207411c,dropped huddle,1,2025-10-28 17:43:26,,
38a082b2-9c90-4fd4-ab8a-cf271ef5f3bc,very complicated app that needs additional 17 steps just to connect to colleagues,1,2025-10-28 14:20:51,,
4b63105c-a2f4-47bf-adc3-486509b5396b,Great,5,2025-10-28 10:15:20,,
2fd0cb83-a159-439a-8899-3bf3175c50fa,"Very handy! Great for communication. App works well, too. Never noticed any issues.",5,2025-10-27 21:38:12,,
fc5efeb2-bfb0-40c4-bbea-3946f7b0b328,Great messanger app!,5,2025-10-27 18:00:19,,
d1b68c23-7560-4372-95a3-e4efd430a839,Excellent app for communication,5,2025-10-27 17:58:42,,
ec624ef9-1fbe-4820-a3b4-8695e5a7cd70,it asked me to rate it when I am busy going to check work related things.,1,2025-10-27 13:08:16,,
8118994b-22b4-47e3-bc43-60a3e8d32f40,"I have the app for work. It's annoying I have to download this work app onto my personal phone. But hey! Love being contactable every moment of every day 🙃 (the app is great. the one star is for the circumstances I have to have the app in, not that app itself)",1,2025-10-26 13:51:07,,
7f8744f3-b25b-4918-9b92-671a91f913e9,complicated and not user friendly,1,2025-10-26 12:19:30,,
9d0279a8-92f6-4f2e-ae26-38e041f06748,The only issue is there is no confirmation that the message has been viewed.,4,2025-10-26 07:10:44,,
5d03ae43-0d8c-40d5-87bb-887936455d52,it looked like discord Ty for this,5,2025-10-25 18:39:15,,
67bcdd94-de81-4be5-ad59-6c9be43b14c0,👍👍,5,2025-10-25 13:56:14,,
0e9d17d1-31d3-4f30-beb1-f4dc188f61c1,nice,5,2025-10-25 07:44:32,,
407523c8-e97f-4983-8624-e0e5714aa030,love it. brings biz into 21st century.,5,2025-10-24 17:39:27,,
3fcf48c5-4475-45b1-9540-ecc26003106c,"Sents disruptive and irritating ""catch up""-notifications for rarely used workspaces that cannot be disabled. Very annoying and really a shame for an otherwise decent app. Would love to give this app a better rating, but this is strongly pushing me towards uninstalling it. I'm very mindful of my attention, and this is incredibly disrespectful from Slack.",1,2025-10-24 15:26:52,,
32ed060d-9263-4d69-b2e7-fd80ddb432db,it makes learning and interactions mentors and mentees easy,4,2025-10-24 15:08:05,,
f3dc0fb7-0e03-4223-a187-b92e41d7e568,"Good, great. Thank you slack.",5,2025-10-24 11:08:39,,
428cc450-71fc-4796-921e-c10620341eb8,Works great but badly needs a way to only show unread channels and conversations in the main panel.,4,2025-10-24 03:38:52,"Hi Dan,

Thanks for the great rating! We appreciate the feedback on needing a simpler way to view only unread channels and conversations.

That's a fantastic suggestion, and we've officially logged it with our product team. We are always working to improve the flow and focus of the app, and your input is valuable to our roadmap!

Thanks again!
M...",2025-10-27 06:10:47
653cf381-2b7f-4b01-87f8-bd67b39b8bce,cool,5,2025-10-24 01:51:03,,
5d2ef70d-77c8-4117-a91f-d550983281ab,UI is bad,2,2025-10-23 16:07:17,,
35caae4a-ee98-41a7-8e31-b463c31b4c58,I haven't found a way to get customer support but my issue is simple. The canvas function isn't working properly on my mobile app and I cant figure it out on my own. yes I've turned it off and back on again... yes I am aware of the outage a few days ago. When canvas did work it was great. Now I'm back to putting lists on my other apps. slack people please contact me or fix issue. otherwise 10/10. glad to change review once I can use canvas again.,1,2025-10-23 05:10:29,,
199b0f45-e927-45d1-8a53-e8f70f1c9475,awesome app. many features,5,2025-10-22 21:45:25,,
5823e0f3-3d39-438d-b04b-29ce6e90d584,stop arbitrarily changing settings after updates,1,2025-10-22 20:56:57,,
9b0c60fd-cd51-4b49-8ce7-8135de2f3d39,👌,5,2025-10-22 17:47:38,,
1ae50768-b64d-4fc1-9ab6-29af94dce1c4,good,3,2025-10-22 15:36:59,,
ffe9617f-2198-4084-8a55-c2d9bd5e6f86,unusable most of the time,2,2025-10-22 13:28:33,,
a7fe062c-45f4-46bd-a098-c76c568874c8,The activity tab keeps showing red color. It's making me angry,1,2025-10-22 12:57:50,,
d854dde7-451f-4b59-b801-6de5ee8ceb80,totally useless application I downloaded it did everything else and it's useless,1,2025-10-22 12:48:58,,
33633dcf-2a88-4a42-9ba6-087a1efb39cf,Its been a month now since when i stopped receiving OTP whenever I am logging in in my phone. Please fix this issue I can log in remotely in my phone,1,2025-10-22 04:57:16,,
ded4b875-1370-42e5-abf4-1241d48aedce,Great App!,5,2025-10-22 02:11:20,,
3df85ed2-d0e4-406f-ab25-c46537c8e1b2,Nice,5,2025-10-22 01:04:22,,
30b25feb-ef13-4271-a8a7-82d77b7ca486,doesn't work properly on samsung dex,3,2025-10-21 21:32:39,,
43936985-89d2-431b-83fc-2f8d1b7840f1,"Sometimes it lets you, sometimes it doesn't, either way it'll keep you guessing and crazy",4,2025-10-21 14:32:11,,
95be3803-ac32-4641-87d1-6de3f395b445,new update does not allow to react to posts which i need to do for work,1,2025-10-21 14:17:40,,
f9532fb6-29a6-4daa-824e-5099fc76f369,excellent 👌,5,2025-10-21 13:39:32,,
2ab68f85-5eea-4812-8a44-84eb8d3e1f36,very easy to use the app. I've been using it for quite a few years now and love it,5,2025-10-21 10:49:59,,
dae2ef91-d90e-4685-9ce9-a59e59103e21,"the best app in the world for communication,, I wish 100 star can available so that I can rate it with 100 stars",5,2025-10-21 07:57:23,,
7238c759-b313-4450-aa60-99d17768e079,good app,5,2025-10-21 05:13:43,,
0b2f769d-3e4d-4af7-a93b-03e9272d0159,"have to use it for work, terrible. can't even screenshot in app. luckily I have a work phone so can take a photo of the screen with 2nd phone, but shouldn't have to. taking and sending screenshots to coworkers and managers is the quickest way to relay information between people.",1,2025-10-20 19:46:27,,
0a1f1609-729e-4934-88b5-ee1189320940,I have been using slack for some days now and I will say it is a good app,3,2025-10-20 14:16:43,,
58577398-6045-4e5b-b06d-d57b10cd9825,lot of lag to improve,3,2025-10-20 12:55:20,,
001dd390-adcb-4d91-8291-75573eec7ce7,Excellent,5,2025-10-19 12:55:18,,
53abfc0f-03d6-4f79-8327-707bbe950689,great easy to handle my work experience and requirements.,5,2025-10-19 12:21:30,,
bb0b9ddf-79cd-4cfa-ba8f-8b906227655f,"one of the worst apps I have used, no notifications and delays a lot plus not even have that MS soft & smooth chat dealing",1,2025-10-19 10:12:42,"We'd be interested in hearing more about this issue. When you have a moment, please tap on your profile picture on the top of the screen > ""Preferences"" > ""Send Feedback"" to flag this with our support team and provide some logs we'll need to investigate. We'll be happy to help!",2025-10-19 23:22:18
57d4587e-9dde-49aa-be7c-6fb8d32fd222,Keeps kicking me out of the app.,1,2025-10-18 23:59:48,"Make sure that both your Android OS and app are completely up to date before trying to open the app again.  Try uninstalling and reinstalling the app if it still persists.  If you still have trouble, write in at feedback@slack.com and we'll be happy to help!",2025-10-19 22:30:51
b9dcfaff-e778-4a9d-8bdb-02f7e6a4b02f,Cool,5,2025-10-18 19:36:56,,
41a9efe2-1188-48a8-bbe4-72612a68a192,"Why on earth is this app not launching the browser properly when tapping on links? It's hosting it on the Slack window. This is unbelievably annoying, useless un-productivity mis-feature.",1,2025-10-18 11:32:57,"Hi John, that does not sound ideal! We'd be happy to take a look if you'd like to write in! feedback@slack.com",2021-08-24 22:20:03
e840cc1a-ac69-49a4-ad05-5b99a197731c,"I'm forced to use this because of my job. Normally, this kind of stuff stays off my phone.",5,2025-10-18 05:47:12,,
0c4e5b41-6b21-43b1-aec3-b19e48352641,hard to log when transferring to another device,1,2025-10-18 03:24:46,"If you need help logging in, you can input your workspace URL and tap Continue.  Then Get help signing in.  Then type in your email address and click Continue.  We'll send you a Magic Link at that email address. Tap the link and it should pull up your available workspaces for you in the browser or app.  If you have the Get Started button on your...",2025-11-06 20:29:30
a523473c-43df-48f7-8752-f9adc41b3e41,Cant you simplified things ? Too complicated,1,2025-10-18 02:04:58,,
b7895d04-6155-4408-b69a-763630c9ffb2,Bad experience. Newly installed app is not able to click Google signin,1,2025-10-17 20:55:46,,
67e66fa7-6396-4a76-93b1-08c41f56f161,love everything but it's really hard to find the highlight...needs to change color instead of bold. make it easy to see who has sent and what needs your attention. instead of spending 5 minutes searching.,4,2025-10-17 18:12:31,,
4aca62c1-b2fd-4662-8222-6ee9e7c33e53,Using huddles is so unstable,1,2025-10-17 16:42:49,,
e485a1c2-dbfb-4e4e-8cde-aa7df7393b71,Excellent app for collaborative work.,5,2025-10-16 18:16:10,,
5ef5768e-8488-4764-9b94-d6081b03b9c4,lacking a slap like I am on God 🔛✝️,1,2025-10-16 16:58:03,,
5d05395e-3359-49d2-b21d-a8c731b6966b,Good luck signing in if you have to use 2 factor authentication. Try to sign in Slack: You must click confirm in email Click confirm Slack: brings up new instance of app asking for two auth code Go to 2 auth app and get code Try to go back to Slack to enter code Slack: Closed the instance asking for two auth Need to restart login which just leads to same issue. Wow what a good app.,2,2025-10-16 15:48:17,"If you'd like to log in directly with the workspace URL, you can use email and password to log in.  It should allow you to bypass one of the email codes and should just require the 2FA app verification.  Hope this helps!",2025-11-27 15:45:21
be5fdbe4-dd64-4db2-88d1-a63a91d65f51,Good app. Kindly mail log in details,5,2025-10-16 13:44:04,,
e6a19ee5-e879-4753-932e-6d4955992570,the desktop app sucks big time. It doesn't show any new messages on time. I refresh or close and open it again to see the new messages.,1,2025-10-16 08:53:30,,
2cec282d-8030-4def-b10c-7605d8b0dddf,Too many annoying bugs not getting fixed. Not sure there is a better alternative though.,2,2025-10-16 08:02:31,,
cd4f145b-8d1a-440e-9aa1-81626c112288,keeps crashing since last update,2,2025-10-16 02:28:58,,
3a9dc3d9-8b8d-43ee-8d36-0e10dff20900,Best work communication tool for everyone,5,2025-10-16 00:07:59,,
83ea7dea-0522-4baa-8607-c352fa31c8fe,i want it to stop uploading images to my Samsung gallery,1,2025-10-15 20:45:03,,
1b199f49-a31c-45f3-8ebb-85e7d218a019,This is much better than MS teams,5,2025-10-15 17:04:13,,
d4cf4283-0166-4c91-8de3-613164b6b865,"I am facing a notification issue. every time I open the app, it's in a snooze mode.",1,2025-10-15 16:45:41,,
1ee6a3e5-e169-430e-9bac-df663a4fa9ce,"after updating it don't send notification for mobile, if I open the slack then only I get messages. please fix soon. it's giving problem for work..why our company using this useless app",1,2025-10-15 14:18:17,,
d386b2aa-a3e9-43d4-8cb4-fc6540ef904a,just the best app I have come across that allows large teams to keep in touch and coordinate what they do.,5,2025-10-15 10:52:44,,
49e4e271-7d22-4183-8152-e23bbc86642a,Great,5,2025-10-15 06:39:28,,
a37577ec-fafa-423d-bdea-3237a426be20,"So many bugs, issues with notification delivery, and crashes when editing messages. I posted a comment with a photo, but the photo rendered a preview that was just a horizontal line, and then rendered the image upside down, when the preview was clicked, so I deleted the photo, and tried to edit the comment, then Slack crashed. I can no longer edit that comment at all without Slack crashing. I had to resort to using the web app, on my phone to edit the post, but still couldn't update the photo.",1,2025-10-15 04:35:34,,
1136718b-21b7-4c71-a828-ddb3e8d07873,"absolute garbage, can't even close old dm conversations, no way of prioritizing or saving valuable posts in channels, can't find anything later have to scroll all the way back from months ago. Not sure why companies even using this. too many bugs and not well though out app sorry.",1,2025-10-15 00:53:34,,
2f427703-1fd4-4edf-b8e8-9571174dac89,good,5,2025-10-14 15:45:10,,
ccd2bbf3-41c0-45c9-8387-bff421f8bc6e,can't get SLACK on my phone,1,2025-10-14 13:19:31,,
d13c6898-b23e-42e3-8274-868d2b121ed7,Ask for a rating until I give one so here you have it. Stuff your interruptions,1,2025-10-14 12:27:06,,
732a191e-3e77-4fc9-ae44-1917f8b98070,convenient,5,2025-10-14 11:09:24,,
47565c01-f16c-4499-905c-032a8e455a42,not good for calls. useless if we don't keep screen active it terminates the call. also lot of efforts to open chat when n the call need to right click on app icon and switch window that too need to check correct ones,2,2025-10-14 08:20:00,,
27b5e35b-ff91-4797-a4dd-b78a77d36eb6,This app is amazing and super necessary if you run a remote team!,5,2025-10-14 06:04:42,,
89497b34-cc7a-4881-ab48-b00f0dfc6a4b,good,5,2025-10-14 01:16:15,,
688856c7-b193-4653-b664-867c1bcbe8b7,I have used Slack for a while for a few different things it has been reliable...,5,2025-10-13 22:01:41,,
d1f96151-e745-4220-b83c-71e72d10f07b,I like this app,5,2025-10-13 14:21:30,,
a8151761-839f-4d57-a3e1-2a931a31f7df,good experience,5,2025-10-13 13:51:47,,
06819c94-24ed-4de2-bbb9-d5aefcae2d00,very efficient,5,2025-10-13 11:43:33,,
33326378-9f6b-476b-98a5-54ad08321b4c,good app,5,2025-10-13 07:27:03,,
63c3a5ea-9f7f-4c35-a4ac-da34f9f54b66,"Can't say how the signing experience is because google flags it. Qrcodes do not exist, I have to open an email on mobile. How inconvenient can you design the signin process? Took me full 30 minutes.",1,2025-10-13 07:07:32,,
ea7a70cf-1f3a-4dc0-8348-0f9a5d64702e,idk,2,2025-10-13 00:24:14,,
bc7b0180-4574-4ac7-9115-f99947fcae25,right feedback,5,2025-10-12 23:36:12,,
7c8d8e90-44e2-43c3-9109-0c496d57a24b,"this thing is wasting my time, setup a new 2FA just for it to say invalid. I've wasted numerous emergency codes too, maybe try being funnier on April. it's Halloween",1,2025-10-12 16:31:53,,
ac43bf8e-172a-4bf1-b716-cc3ead39b8b4,Good Experience,5,2025-10-12 03:38:03,,
713306f9-5a4b-40ef-9a2d-230f43575bac,getting false notification with a 1 next to icon its not showing highlighted channel where the new message is i have to force stop app and reopen,4,2025-10-11 19:17:30,,
4f8db0d8-f087-4b9b-84cc-4036c8f10dcb,"Slack and updates are like an alcoholic with liquor -- it can't get enough of them. Two in three days. Time to lay off the bottle, Slack.",1,2025-10-11 15:02:48,"We've forwarded your feedback to our internal teams.  Updates are meant to address issues or add new features, but I'll make sure to let our internal teams know that the current cadence feels a bit too fast.",2025-11-06 20:22:30
707d6eb3-c7a5-4f23-84e0-a73e6bf7f528,Slack is great. The Android app on my tablet is awkward and poorly optimized for this format and device.,3,2025-10-10 20:19:01,,
1e4f3a27-6de0-4b87-9051-cd046b29769c,"In the last update, download files option dissapeared, why?",1,2025-10-10 18:41:59,,
a12e4c03-67d2-44a8-afdd-33f5f0071a21,Cannot copy part of a message,2,2025-10-10 16:07:57,,
0d7a0d65-f337-4f45-9fec-17d5b01412d7,great app but notifications are not always sent. we use this for our search and rescue group and it's frustrating to miss out on important information sometimes. but when it works it's really great,3,2025-10-10 15:37:55,,
a663f8d4-2a1b-401e-b891-ab80316a9408,awesome working platform,5,2025-10-10 07:11:33,,
be5c5018-2d6d-4925-b6ce-bba7c93f7136,sometimes slow to load,4,2025-10-09 09:47:46,"We recommend resetting the app's cache when you run into behavior like this. You can do so from the app's ""You"" tab > ""Preferences"". If you continue to run into trouble after this, please head to the ""You"" tab > ""Preferences"" > ""Send Feedback"" to flag this with our support team and provide some logs needed to investigate. We'll be happy to help!",2025-10-09 13:34:35
5f07b56d-4966-46cb-aaa5-1650f9abafcc,good UX and works flawlessly,5,2025-10-09 09:34:17,,
618c32eb-cd8c-4391-a407-e35f41da47d8,it helps me so much,5,2025-10-09 04:40:19,,
92a3bb1f-1e34-415f-9569-a0b2cf0bc378,can't stick this things,1,2025-10-08 20:50:00,,
808227ac-64be-4282-ae1f-a22acf62ae69,Great Mobile App,5,2025-10-08 19:48:15,,
79790cb5-a61a-48db-83ce-a3cd0ea5f426,this app is a scam,1,2025-10-08 18:07:39,,
e4537cf8-5cf2-49e0-892a-3c81368d7dc4,I find slack to be pretty good for communications within the company however I find many of the functions are difficult to access and more importantly to figure out it's not an easy i n t u i t i v e a p p l i c a t I o n t o u s e. Also their support structure and availability to help you figure things out when you don't know how to do them is very weak so overall I would give the application of five on a 1 to 10.,3,2025-10-08 16:24:15,,
8f673637-cdc5-415d-a037-9ec46bbe8d45,The app keeps pausing my notifications automatically everyday and there is no option to turn this feature off. This is the third day I have missed an important work because there was no notification.,1,2025-10-08 15:55:31,"Please navigate to your app's ""You"" tab > ""Notifications"" > ""Troubleshoot Notifications"". Once the tests are complete, tap the three dots in the upper right corner of the screen and select ""Send Report"" to flag your results with our support team for further help.",2025-10-08 19:08:27
9c4dd236-4743-40ea-8621-3f24d476dfbd,"What happened? Long-pressing a comment has been reduced to emojis, I can no longer mark unread, set reminders, forward, etc.",5,2025-10-08 09:41:13,,
34255904-59ce-40f4-a225-2c01b84539cf,Great app for collaboration,5,2025-10-08 08:11:44,,
be2e8bad-f6e8-44c7-829f-8d3c8d03af09,"Very uncomfortable.. The thing that after recirding a audio file, you need to click twice for sending, makes many times not to send something.. It's bad",2,2025-10-08 01:15:03,"Hello! We'd be interested in hearing more about this issue. When you have a moment, please navigate to your app's ""You"" tab > ""Preferences"" > ""Send Feedback"" or please reach out via email to feedback@slack.com to flag this with our support team and provide some logs we'll need to investigate. We'll be happy to help!",2025-10-08 01:20:33
529ea54e-0a17-49fc-9c27-a01bd0a1ddd8,Great,5,2025-10-08 01:09:53,,
c4c80f48-db2d-4267-84fd-8613b6ba6ce3,pretty unstable,1,2025-10-07 21:21:26,"We recommend resetting the app's cache when you run into behavior like this. You can do so from the app's ""You"" tab > ""Preferences"". If you continue to run into trouble after this, please head to the ""You"" tab > ""Preferences"" > ""Send Feedback"" to flag this with our support team and provide some logs needed to investigate. We'll be happy to help!",2025-10-07 21:42:43
a629bf26-77b2-44f1-8081-5cd8c2a7cfd3,good 👍,5,2025-10-07 15:21:46,,
3cfd2c22-9cd0-49d4-802e-31ea0f2dd777,UI is far from bring intuatuive (at least for me ) I am wondering if I am the only one :),3,2025-10-07 10:19:45,,
676aa6fb-3032-41a1-ae42-d470f43359de,"not able to take huddle calls using my Bluetooth headphones, its showing me Bluetooth is selected but sound is keep coming from loud speaker, this is literally unacceptable for you size of company.",1,2025-10-07 06:43:01,"We're sorry to hear that you're running into this issue. Please write into our Support team at feedback@slack.com and we will be able to troubleshoot this with you directly.

Best,",2025-10-07 15:20:35
16209402-a3bf-4137-9249-eb5c66d1df20,"I’ve never used such a difficult communication app before. It’s almost impossible to find contacts directly when I want to send a message — I have to search every time. We have many channels, and the interface is extremely messy. It’s also very hard to find history messages; sometimes I read something in the morning and can’t find it again in the afternoon when I want to reply. The use of threads makes everything even more confusing. Overall, it’s just terribly inconvenient to use.",1,2025-10-06 23:53:15,,
9356e53b-407b-4a0e-9696-10b999506a8f,"I don't like it because it has too many features and its unnecessarily complicated. It automatically streams into other workplace Apps without sign in? Switches from slack to intuit to QuickBooks.(Ordinarily, these are separate apps.) This Streaming doesn't seem safe and often I don't know when I've switched interfaces. And, I've switched companies but it keeps AUTO inputting user ID's from companies I no longer work for. I can't seem to erase previous workplaces.",3,2025-10-06 17:47:12,"If you delete the app completely, it should log you out of other workspaces.  Alternatively, log back into those workspaces then reach out to a Workspace Owner or Admin to deactivate your account which will turn off your access to those workspaces completely.",2025-10-06 19:00:33
5f32c93e-5f15-46cf-9b24-1b1ffca53080,way better than teams!,5,2025-10-06 07:29:29,,
885dd322-bfc0-43f8-8760-1e3e1536b6e9,"terrible ux, terrible integration with browser version. horrible searching, primitive use of ai",1,2025-10-06 01:40:03,,
6aed477c-b0cd-4f04-9305-924993c3c14c,"I definitely haven't had any issues using Slack, except for the occasional times where it won't send me a notification when it should, but that's not a big deal. However I think Discord is better than Slack in every way, and is free. Losing my message history after 30 days is really dumb. Discord manages to keep all messages forever, for free. Again, app is fine, but there are better options that don't cost any money.",3,2025-10-05 21:07:15,,
3b2fe5a3-c466-4a27-9be4-67e18913abdb,supportive,5,2025-10-05 15:53:49,,
ea69c219-2559-4c5b-b0f6-b517465c87ef,I solved free energy. and cold fusion .,5,2025-10-05 12:42:24,,
8477836c-94a4-4b4f-8ab8-83caabf5833c,I am still new on this app,5,2025-10-05 09:40:36,,
a67c4b54-8c64-4b63-87c9-dc0380bfa486,"Great app, easy to use and quite up to date with modern technology",5,2025-10-05 07:49:22,,
127c4afa-2af9-49eb-9507-1433739218f5,Endless loop of attempting to sign in and join workspace,1,2025-10-05 02:29:13,"We're sorry about the trouble signing in to Slack. Please drop us a line at feedback@slack.com, we'll take a look for you.",2025-10-06 00:41:25
f159c3da-d403-4a4c-b751-ae7834872d9c,Very good,5,2025-10-04 10:10:21,,
fb8bdaf7-d5aa-48b2-95c2-dcf58272b72b,All in one - organization LOVES it,5,2025-10-04 07:09:01,,
23c9585b-3428-42d0-b31d-123b04d0e136,stupid. work was better over text. useless.,1,2025-10-03 22:46:05,,
8190bd49-b13e-4549-823b-c4bc6f7d9f5b,Slack is missing a calendar for meetings.,2,2025-10-03 15:32:10,"Hi Eva, might this be useful to you? https://slack.com/help/articles/206329808-Google-Calendar-for-Slack We're happy to answer any questions you might have if you'd like to write in feedback@slack.com",2025-10-03 22:49:44
65efbee4-0a0d-4e8e-a49d-db587a6164bc,good,5,2025-10-03 10:22:40,,
fd86ff41-2d0a-4600-a27e-1af2e07ee9c1,Good 👍,5,2025-10-03 01:52:17,,
04508092-c9b7-4c27-8196-fa1d0c9db76c,keeps crashing on my phone during authentication,4,2025-10-02 16:00:04,"Hello,

We'd be interested in hearing more about this issue. When you have a moment, please tap on your profile picture on the top of the screen > ""Preferences"" > ""Send Feedback"" to flag this with our support team and provide some logs we'll need to investigate. We'll be happy to help!",2025-10-02 18:13:44
eca5b851-bbbd-48fa-b4c3-1c415f6f9fdb,A maze to find replies buried in threads,1,2025-10-02 15:34:29,"Please navigate to your app's ""You"" tab > ""Notifications"" > ""Troubleshoot Notifications"". Once the tests are complete, tap the three dots in the upper right corner of the screen and select ""Send Report"" to flag your results with our support team for further help.",2025-10-02 16:55:23
ccfacfe3-3e85-4f72-bf27-16167a7c26aa,forces you to download the app and workspaces are confusing and make no sense,1,2025-10-02 15:15:43,"I'd recommend checking out our Get Started guide: https://slack.com/help/categories/360000049043-Getting-started , there's helpful videos and guides that might help!",2025-10-02 16:42:19
46e2e187-c726-4248-b4fa-19ed475d7100,too many bugs,1,2025-10-02 12:43:36,"If you have a moment, please write in at feedback@slack.com.  We have an internal bug tracker and would be happy to keep you up to date when some of those bugs are resolved!",2025-10-02 16:40:46
c532cc28-a5c3-4330-a232-380cc37c5d73,not user friendly,1,2025-10-02 11:41:33,"Apologies for the experience you've had with Slack. If you could reach out to us at feedback@slack.com, we'd love to hear more about the friction you are encountering.

Kindest regards,",2025-10-02 11:53:57
980c7eeb-3e73-4e48-8071-eb5aeec0a6f3,"so many bugs, so many features behave differently than desktop, and generally just designed with narrow scope, not the broader userbase.",2,2025-10-01 19:13:12,"When you have a moment, could you please expand on some the issues you're running into at feedback@slack.com?  We do have a bug tracking system in place and would be happy to keep you updated when they're resolved!",2025-10-01 20:20:00
cd45ed57-6f9a-47cd-b7e8-a688ad3a0790,"this app is for work so I hate it, but it works great, for f sake, can't it be down sometimes so I don't get messages from my manager",5,2025-10-01 16:05:16,,
ade3f45b-df6a-4789-8f61-3410223e89b4,"This app is inherently anti-user. Difficulty selecting text for copy, disabling screenshot scrolling, and just all sorts of weird behavior. It's hostile for us who are forced to use it",1,2025-10-01 15:19:29,We're aware of the not-great experience our mobile users have when it comes to copy and pasting specific bits to and from a larger post.  I've added your feedback to the tracking threads we have.,2025-10-01 19:48:57
9040b09c-3f79-4845-97bd-99231aab2af6,Slow at times. It shows that it is not a native app.,3,2025-10-01 15:13:50,,
267f1957-a7d9-4bf4-a622-e3a079ea9ade,There are some things that are not necessary (UI) but it's okay,5,2025-10-01 15:11:34,,
12a153dd-ebd0-4e91-bc43-e2c3816132f6,A little confusing at first,4,2025-10-01 13:36:43,,
9e42e5eb-5d93-4f03-a3b3-e297a3bdb042,Great App for work and team communication,5,2025-10-01 11:25:02,,
054ac0f4-1ce1-45a6-b677-0bacd87b2c95,"notifications are bad, and finding the conversation u need is sometimes impossible",3,2025-10-01 08:27:22,"Hi Kobi, we recommend resetting the app's cache when you run into behavior like this. You can do so from the app's ""You"" tab > ""Preferences"". If you continue to run into trouble after this, please head to the ""You"" tab > ""Preferences"" > ""Send Feedback"" to flag this with our support team and provide some logs needed to investigate. We'll be happy...",2025-10-01 08:40:55
f8d5f3b5-c0d0-406b-9976-af6359750413,Great app,5,2025-10-01 06:59:11,,
f354b0ad-9edc-4c62-9628-67fc380c3280,"Cannot send large file sizes, cannot retry to send, cannot see uploading status, individuals cannot share workspace links,there is no feature to login on multiple devices at time,cannot edit video files like muting, trimming etc.There are lot of issues to be noted. Dear developer, don't ask us to share more feedback via mail in routine manner. Please try to fix bugs or pass the app into testing phase.",1,2025-09-30 16:14:31,"Based on what you've shared, there could be a wide array of causes to your issue.  We'll unfortunately need logs from you in order to troubleshoot further.  When you're ready, send logs to feedback@slack.com.",2025-09-30 17:57:24
2aabca77-147e-4e0b-8a42-e132c0b6927a,still no proper tablet UI,2,2025-09-29 14:57:38,"We'd be interested in hearing more about this issue. When you have a moment, please tap on your profile picture on the top of the screen > ""Preferences"" > ""Send Feedback"" to flag this with our support team and provide some logs we'll need to investigate. We'll be happy to help!",2025-09-29 23:13:18
74a4a85c-438e-4c4c-b86e-1809cda0d6b2,改善してほしいことはいくつかある。フォームでリクエストすると丁寧に議論してくれる。ロードマップを公開してくれるとうれしい。,4,2025-09-28 22:03:13,"こんにちは。Slack です。

ロードマップについて詳しく状況を確認したく、お手数ですが、 feedback@slack.com までお問い合わせいただけますか？ 
そちらでサポートをさせていただきます。

どうぞ、よろしくお願いします。",2025-09-29 03:09:45
87323b47-f705-4ea3-bdbd-2e1d6ce48d77,very poor usability. Several features are missing.. I cannot cancel the file which is in uploading status,2,2025-09-28 16:46:15,"Hello! We'd be interested in hearing more about this issue. When you have a moment, please navigate to your app's ""You"" tab > ""Preferences"" > ""Send Feedback"" or please reach out via email to feedback@slack.com to flag this with our support team and provide some logs we'll need to investigate. We'll be happy to help!",2025-09-29 04:00:39
c3260b44-3ca0-4fd4-ac59-6aeda76ec6b3,good 👍,5,2025-09-28 12:50:37,,
5f920ed4-cd05-4dcd-b979-7f1cf3ceaf6c,phone otp never received,1,2025-09-27 23:01:55,"Hi there,

We're so sorry for the issue you're experiencing here! We would appreciate if you could email to feedback@slack.com and our specialists will look into it.

Best,
",2025-09-29 02:32:25
ed6f6ef7-6b37-46f8-a589-cc217f01a144,Best communication app,5,2025-09-27 21:09:25,,
e0b902a2-0a22-4972-ba53-0dd4f5798da5,message not update realtime.even notification not get on time,3,2025-09-27 08:01:42,"Hello! We'd be interested in hearing more about this issue. When you have a moment, please navigate to your app's ""You"" tab > ""Preferences"" > ""Send Feedback"" or please reach out via email to feedback@slack.com to flag this with our support team and provide some logs we'll need to investigate. We'll be happy to help!",2025-09-29 00:28:48
08199837-7ea7-4bc2-8d44-c7579149c6b1,Amazing app. Keep up the good work Slack and kudos to the creators! 😊👍,5,2025-09-27 07:48:31,,
2e8b108f-d83b-42c1-86a5-598cb187cba3,good app,5,2025-09-27 06:06:19,,
e162dce4-2062-4128-9f1f-3a2d4166ce9a,working good,5,2025-09-26 19:22:27,,
7110c41e-0cb5-44ef-9258-e56d7e19cd0c,easy to navigate,5,2025-09-26 19:14:00,,
ef897e1c-5e77-4b84-9ca4-9ac0a5143847,Getting used to it.,4,2025-09-26 10:07:17,,
06a1a29a-f329-4c4f-967c-b64ca77c210e,"Opening one particular channel keeps crashing the app. I’ve already cleared the cache, but that didn’t help. Device: Google Pixel 6a, Android 16.",2,2025-09-26 09:42:53,,
9c0d0535-bb81-4389-b8da-396b50cdda24,Perfect app.,5,2025-09-26 09:08:04,,
e6e8d5f4-31b6-43c1-aad1-2f83d8a3d015,wonderful 😊,5,2025-09-26 02:50:29,,
6f6f0209-e859-435b-a3cb-7f72c64ea029,exceptional,5,2025-09-25 23:49:06,,
de2ad81a-667e-46eb-a24b-5132be36ba16,The app keeps on crashing when joining hudle.,1,2025-09-25 19:27:28,"Hello,

We'd be interested in hearing more about this issue. When you have a moment, please tap on your profile picture on the top of the screen > ""Preferences"" > ""Send Feedback"" to flag this with our support team and provide some logs we'll need to investigate. We'll be happy to help!",2025-09-25 20:30:00
86a56561-0e85-4c2f-bf46-61fef7d4c150,• Un operator informează că toate informațiile sunt confidențiale conform legii. • Agentul se prezintă ca fiind de la centrul de recrutare al Gărzii Naționale și oferă informații despre înrolare. • Conversația se încheie deoarece site-ul este destinat celor interesați de Garda Națională.,5,2025-09-25 14:45:13,,
ea887086-6bfa-4ec2-8f96-ee05b3a2748d,1) Send button sometimes vanishes when you press it without actually sending anything 2) You can press a reaction a dozen times and it will refuse to work 3) Edit message sometimes does nothing,1,2025-09-25 10:55:45,"Hi Basile,

We recommend resetting the app's cache when you run into behavior like this. You can do so from the app's ""You"" tab > ""Preferences"". If you continue to run into trouble after this, please head to the ""You"" tab > ""Preferences"" > ""Send Feedback"" to flag this with our support team and provide some logs needed to investigate. We'll be ha...",2025-09-25 16:18:22
ee9dd968-e689-42a3-8a53-5919b72cad09,Great,5,2025-09-24 15:31:48,,
df5664d1-a8f2-441d-9190-42c3f7d2a6e0,too expensive,1,2025-09-24 14:18:33,,
58422d0f-8c4b-4ee7-b2b3-000cbf25067c,"Buggy, new feature ""VIP unreads"" is so buggy and spammy, it just wastes my time like crazy, most the integrations have a crash or two, constantly logging my out of Slack on my laptop and forces me to Re-login",2,2025-09-24 13:45:27,"Hello,

We'd be interested in hearing more about this issue. When you have a moment, please tap on your profile picture on the top of the screen > ""Preferences"" > ""Send Feedback"" to flag this with our support team and provide some logs we'll need to investigate. We'll be happy to help!",2025-09-24 16:14:39
b9644b0d-752f-4ac7-847d-c125c7c68e80,Avariciously oppressive.,1,2025-09-24 12:32:59,,
aa7d17f2-9ff7-4fde-9676-5cf0e43df475,superb and excellent,5,2025-09-24 11:18:38,,
a51401f4-a747-46bd-8948-ad0e1143411e,Good,5,2025-09-23 21:31:10,,
3c9fa52d-68f0-4d68-9a4f-2dacdf99c758,I hate slack,4,2025-09-23 13:16:07,,
3aa70d41-f139-4c57-810b-ae437be59b3c,app isnt letting me switch workspaces,3,2025-09-23 00:15:16,"Hello! We'd be interested in hearing more about this issue. When you have a moment, please navigate to your app's ""You"" tab > ""Preferences"" > ""Send Feedback"" or please reach out via email to feedback@slack.com to flag this with our support team and provide some logs we'll need to investigate. We'll be happy to help!",2025-09-23 01:40:37
afe06cdf-0c25-4ecd-83cc-6f716eb32002,Great for work,5,2025-09-22 23:36:06,,
6b23457e-59a8-44e1-85e6-3a36cd636b3a,the app randomly crash which is barely usable,1,2025-09-22 14:48:32,"Sorry to hear of the crashes you're experiencing here! We recommend resetting the app's cache when you run into behavior like this. You can do so from the app's ""You"" tab > ""Preferences"". If you continue to run into trouble after this, please head to the ""You"" tab > ""Preferences"" > ""Send Feedback"" to flag this with our support team and provide s...",2025-09-22 19:43:07
c77ef733-2e52-4725-b5f9-7abdbd430a91,Easy for communicate. easey for text.,5,2025-09-22 14:21:08,,
8a5a304a-3ea2-4a91-8201-f25c209af37e,Notifications on android seem to be hit & miss,4,2025-09-22 12:03:26,"Hi there, we're very sorry for the trouble with notifications. Please navigate to your app's ""You"" tab > ""Notifications"" > ""Troubleshoot Notifications"". Once the tests are complete, tap the three dots in the upper right corner of the screen and select ""Send Report"" to flag your results with our support team for further help.",2025-09-22 12:09:12
6d8a6e29-809a-4f42-865c-c95dc5a53eba,Mobile login is not working,2,2025-09-22 08:57:39,"Hi Denis,

Can you please take a screenshot of the error message you get and send it to feedback@slack.com so that we can investigate your sign in issue? We'll be happy to assist!",2025-09-22 10:27:40
65602d97-120c-4c3c-9023-e3666c6427e7,"Can we please figure out the difference between ""Frequently"" and ""Recently"" used emojis?",3,2025-09-21 16:36:02,,
59f7f157-7cef-414f-8ed4-d212caaa6244,notifications are unstable. finding where are your pending messages requires skills above the use of a chat app,2,2025-09-21 16:11:36,"Hey there,

We're sorry about the notification issue. If you could reach out to us at feedback@slack.com, we'd be happy to investigate further.

Kindest regards,",2025-09-22 01:42:54
c814c81d-98d3-4520-90b4-f5d21ece6a5a,Hack Club. Nuff said...,1,2025-09-21 01:52:49,,
4c36161b-a237-4367-8b57-d14b22fd5ae0,"I never get thread messages notifications. Very very bothersome, this is my workspace url app, otherwise I never would use this app. Now the last couple of days it is constantly crashing in my Pixel 7 phone. I can't even look at it for more than 5 seconds. please fix the issues immediately.",1,2025-09-20 16:05:03,"Please navigate to your app's ""You"" tab > ""Notifications"" > ""Troubleshoot Notifications"".  Once the tests are complete, tap the three dots in the upper right corner of the screen and select ""Send Report"" to flag your results with our support team for further help.",2025-09-20 19:41:41
3ab4e766-58b6-48c0-b7eb-8824f40cc259,"We use Slack in my organization for keeping us organized, informed, and to help us stay on top of tasks. It's integral to our business!",5,2025-09-20 13:30:51,,
c1db57eb-a887-4e61-9049-c3afb9d48dae,nice appreciate,5,2025-09-20 07:45:18,,
84bb582f-01d6-4ca7-a14c-6245a22db34b,"App constantly crashing after updating, causing a lot of issues with our teams now because of this",1,2025-09-20 05:52:15,"Hi Evan,

We'd be interested in hearing more about this issue. When you have a moment, please navigate to your app's ""You"" tab > ""Preferences"" > ""Send Feedback"" to flag this with our support team and provide some logs we'll need to investigate. We'll be happy to help!",2025-09-20 09:12:07
a33e8cc4-c83e-4113-a213-ddead15439cf,Very useful app. Super recommended!!,5,2025-09-19 21:30:57,,
8da6951d-67bc-4752-8746-53f5b9264b51,nice CRM,5,2025-09-19 18:52:06,,
60da728b-6d97-4ffb-a76f-960aa2969701,can not list channels sorted by creation date,1,2025-09-19 18:50:33,,
3edb2ed2-c4a7-4713-9240-fcbf42e1253b,"Good feature-set. Eats battery a bit, but not unreasonably so.",4,2025-09-19 16:15:05,,
9adbac25-5f55-4c83-9515-d1c2af6fdaa5,trash app uninstall,1,2025-09-19 16:12:42,,
dfdabf5c-9c74-4605-82f0-acecfeba4738,"probably the worst ""work"" app out there. glitchy, inconsistent, and extremely poorly laid out. if I wasn't forced to use this app, I absolutely would never. awful design.",1,2025-09-19 15:03:04,,
bb87eed7-57a5-4067-9dfe-c6c922b5745c,excellent communication,5,2025-09-19 03:33:55,,
4274bbcb-96dc-43fc-ac35-5ed24321d02d,Great tool! Easy to use and to navigate once you learn how to use it!,5,2025-09-18 17:34:31,,
449f9fd0-a836-4b42-bb4c-daf06ae9c6db,I'm impressed by this interface and the performance of this application is amazing.,5,2025-09-18 14:07:21,,
2b403deb-17ca-4ecd-bac3-e9f43d996a91,Pretty cool app.,5,2025-09-18 12:28:57,,
6d907799-2359-4b5b-b0f2-5232530059a4,It's very efficient for cross-functional team communication. Recommend to any team looking to optimize their communication structure,5,2025-09-17 18:32:19,,
c127a292-a460-4617-bb99-4d8e7c76731d,uh it's slack,5,2025-09-17 17:04:54,,
d7785ba3-bb56-48b6-bec4-702413e1e5b4,Excellent,5,2025-09-17 12:50:10,,
77f52bf9-00a4-47cc-af87-a04861837eac,not great on phone. hard to find what's needed,2,2025-09-17 11:38:44,,
e4299394-9d04-4543-a426-ff6d03025b66,loves to crash when asking for landscape video. otherwise randomly pushes call to asleep desktop. navigating to chat does the same. very annoying.,3,2025-09-17 08:59:54,"Hi Randal,

We recommend resetting the app's cache when you run into behavior like this. You can do so from the app's ""You"" tab > ""Preferences"". If you continue to run into trouble after this, please head to the ""You"" tab > ""Preferences"" > ""Send Feedback"" to flag this with our support team and provide some logs needed to investigate. We'll be ha...",2025-09-17 10:33:43
9a2f58c2-f485-4cf7-b30e-a631b6387f1b,awesome 👌,5,2025-09-17 08:46:01,,
abc870a7-6542-43b4-bb49-9adfa12aea05,nice application,3,2025-09-17 08:19:35,,
c88517b0-6ad5-40f0-ba66-cbf6977970ad,This app definitely needs improvement in a lot of places.,1,2025-09-17 07:45:25,,
a4988763-f206-4fe2-a391-b6e953f679db,"it's horrible. totally unorganized, utterly confusing, just a piece of unprofessional dung",1,2025-09-17 03:33:26,,
b635742f-3eee-4ecb-bf8e-dc0d3e2a1c8a,The notification options are too broad/limited.,3,2025-09-16 22:09:50,,
8aba47c8-52e3-4e97-b339-166fb2e7e3be,I use it for semi formal interactions and this is what I expected,5,2025-09-16 18:45:24,,
ff14e400-cbd0-4285-b779-832e8cac0423,I can't open tabs in channels. They open just fine in desktop app.,2,2025-09-16 17:37:25,"We recommend resetting the app's cache when you run into behavior like this. You can do so from the app's ""You"" tab > ""Preferences"". If you continue to run into trouble after this, please head to the ""You"" tab > ""Preferences"" > ""Send Feedback"" to flag this with our support team and provide some logs needed to investigate. We'll be happy to help!",2025-09-16 17:51:57
f9aa93dc-2dbf-4dd5-b3ac-eb96a928b1db,The latest update keeps crashing the app and doesn't open,1,2025-09-16 17:22:58,"We'd be interested in hearing more about this issue. When you have a moment, please write in at feedback@slack.com to flag this with our support team and provide some logs we'll need to investigate. We'll be happy to help!",2025-09-16 17:55:40
681ac646-1c7f-49a3-8354-f82bb2bc7b68,"All good except 1. Sometimes a change of status or adding emoji shows then disappear and then show again within seconds 2. Search has started behaving weird with individual search sometimes only showing the individual in a group with another person and not the individual alone. 3. The jump to the latest on mobile, well requires extra touch to get rid of it and start typing again even after reading the message",4,2025-09-16 16:38:10,"We recommend resetting the app's cache when you run into behavior like this. You can do so from the app's ""You"" tab > ""Preferences"". If you continue to run into trouble after this, please head to the ""You"" tab > ""Preferences"" > ""Send Feedback"" to flag this with our support team and provide some logs needed to investigate. We'll be happy to help!",2025-09-16 16:52:24
41c9f9f7-7e45-4f56-ae7e-ed8b13ddece6,"I cannot open the app anymore, for 2-3 days now it just crashes 1-2 seconds in. I tried updating the app and restarting my phone, didn't change anything. Still not leaving 1 star because generally I love Slack 🤷‍♀️ reply: how am I supposed to do that when I cannot open the app? Did you even read my comment about that 😅",3,2025-09-16 15:28:05,"Hey Asa,

• Go to your Android device Settings and enable Developer Options.
• Then go to the System option and click on About Your Phone. Tap seven times on Build Number.
• Come back to Developer Options and click on Take Bug Report.

Please send that report directly to feedback@slack.com for us to investigate. We'll be happy to assist!",2025-09-16 15:34:27
0c86600f-6169-49f9-be05-2635a99a16db,trash app. Don't work logging in.,1,2025-09-16 11:23:39,"Hi Keeh,

Can you try signing in using your workspace URL in an a mobile browser? If the issue persists, please flag this with our support team at feedback@slack.com. We'll be happy to help!",2025-09-16 11:42:23
b418a329-e807-4951-ab92-e3982903621d,Too many threads to look at can become confusing on what has been read or responded to. Notification does not always work and this can lead to important messages being missed!,3,2025-09-16 08:29:19,"Hi Preeti,

We recommend resetting the app's cache when you run into behavior like this. You can do so from the app's ""You"" tab > ""Preferences"". If you continue to run into trouble after this, please head to the ""You"" tab > ""Preferences"" > ""Send Feedback"" to flag this with our support team and provide some logs needed to investigate. We'll be ha...",2025-09-16 11:27:10
54146228-a9d3-451e-8d81-7e96ee57e36d,"I'm not able to copy the web address to put on coursera for peer support, SIX people. coursera doesn't allow a link, and slack said it did not link. what am I doing wrong. I can't change 'your-workplace' to a name of our group. I got your reply. how do I contact you by email?",4,2025-09-16 02:32:51,"Hi there,

Thanks for reaching out to Slack!

We'd like to take a closer look into this, so we kindly request you to contact us by sending an email at to provide us with additional information about your account and provide you with proper assistance.

Looking forward to hearing back from you soon!",2025-09-13 08:20:42
b2c4ac85-d393-4c4a-8bdd-a0b9ecf17ad7,Good app and top customer support. But lacks zero knowledge encryption.,5,2025-09-16 00:44:46,,
d63b8eb7-cca0-4149-8163-843d2b9a6301,So productive!,5,2025-09-15 23:25:47,,
686dab5d-aafa-483d-9f8b-f42e2d2a08eb,"i really don't understand what's going on with this app. I can't download or view an image or document sent me. Even after updating the app, what exactly is going on? please I need immediate response on this!. thank you!",1,2025-09-15 11:59:56,"Try connecting on a different connection like a known good wifi or cellular data and see if it persists.  If it does, write into us at feedback@slack.com so we can look into the issue further!",2025-09-15 15:35:24
58311771-c10b-4617-8f0b-4c508260aa70,"i love the app especially after the redesign, the UX is pretty good, i love the swipe to search feature it's so helpful, very well though small tweaks ♥️ i would love to see an edit image before sharing feature like draw, crop etc",5,2025-09-15 09:13:48,,
c30ee072-11e9-42f2-b881-6dfc88f0e1ec,Copy option is not available now. not able to copy any message,3,2025-09-14 15:32:25,,
9ef1feb6-7482-4c55-b864-4b32e0746092,Nice communicating App,5,2025-09-14 14:08:56,,
481b4d90-d7b7-4aae-8582-3b552d6d3ac4,excellent,5,2025-09-14 12:21:54,,
1be802b9-5de0-4076-b84a-26e675ba2058,Should be able to screenshot on Android the same way you can screenshot on iPhone.,4,2025-09-13 11:26:14,"Hi Shaazie, Thank you for your feedback. Currently, we are investigating a bug where it's not possible to take a screenshot on Android if your Slack org has a mobile passcode enabled. My apologies for the trouble. That said, in any other cases, screenshots should be possible -- please reach out to us at feedback@slack.com if you feel a mobile pa...",2025-09-13 14:31:42
137063f7-9e8b-45d9-87de-9dc39a4bd2f4,"no notifications... went to the grocery, when I got home I see on my PC that 5 minutes after I left my wife messaged me to buy more stuff, but since this app doesn't do notifications for new messages (and yes, notifications permission is given, including sound & vibrate), I had no way to know... we'll be switching to Discord or Teams since, unlike Slack, those apps do notify when new DMs arrive",1,2025-09-12 17:38:21,"Please navigate to your app's ""You"" tab > ""Notifications"" > ""Troubleshoot Notifications"". Once the tests are complete, tap the three dots in the upper right corner of the screen and select ""Send Report"" to flag your results with our support team for further help.",2025-09-12 17:51:31
74bc4e6f-b292-4f16-8722-3b12367fb224,"Huddles are totally broken. I don't get huddle notifications and when I do hop into a huddle the audio output randomly cycles between the phone, speaker and any connected bluetooth device every 5 seconds",1,2025-09-12 17:29:26,"We'd be interested in hearing more about this issue. When you have a moment, please tap on your profile picture on the top of the screen > ""Preferences"" > ""Send Feedback"" to flag this with our support team and provide some logs we'll need to investigate. We'll be happy to help!",2025-09-12 17:49:00
ade24417-b7d3-49cf-9166-e4a0fd6b59c5,"pretty good. it can be difficult to find someone for messaging, when you search their name all of the group chats come up first. annoying",4,2025-09-12 16:27:12,,
90e8a589-db1c-451b-a6a9-3182e10be5c0,5 stars if they manage to make it able to see if recipient read the message,4,2025-09-12 13:02:10,"Hello,

We're glad to hear that you're loving Slack so far and appreciate the feedback!",2025-09-12 14:16:00
ed0be5c5-5b4c-44c1-992c-47ef02d6de83,Awesome,5,2025-09-12 12:59:53,,
4501c3d6-b37d-4520-af3e-3d90c9512602,Great for team communication,5,2025-09-12 12:30:27,,
5eb6f148-4414-44ef-ba98-d1bd0f3c63ca,the best thing for collaboration and remote work,5,2025-09-12 12:25:36,,
b56cf803-f55b-421a-bf3d-1436aff41215,very bad mobile experience,2,2025-09-12 05:54:00,"Hello! We'd be interested in hearing more about this issue. When you have a moment, please navigate to your app's ""You"" tab > ""Preferences"" > ""Send Feedback"" or please reach out via email to feedback@slack.com  to flag this with our support team and provide some logs we'll need to investigate. We'll be happy to help!",2025-09-12 06:36:11
84dda8a7-df00-46ff-a8df-82c8a66fd6a8,i hate this app in all its forms,1,2025-09-12 00:40:01,,
ca63e81f-25a2-4d0a-a6f0-61b0b09f8d30,no better app to keep me chained to work,5,2025-09-11 21:24:50,,
d06d2748-8bfc-4ead-bb08-2e2fa5f27733,Less than half as good as Discord. Buggy. Forcing trash AI features on to users.,1,2025-09-11 17:31:30,,
e4beadd6-11ac-4d95-95f9-eda9ef04cf77,YIKES,1,2025-09-11 16:41:53,,
b5dff4ee-3d73-4139-89ed-7147d0c38909,"Pretty good. Dicord, but for work. with paid company tier all the features are actually much better than Discord.",5,2025-09-11 12:36:24,,
31223c04-6502-46e2-b5c8-eb53743c676c,not good,1,2025-09-11 08:27:50,,
255f9062-9a0c-4c96-9e79-1dd1ed445490,stop harassing me to rate the app!,1,2025-09-11 03:08:48,,
eae1b924-2202-4109-88d0-01eedb4baf44,"Update: after Slack reply, I stand firm on 1-star! Their reply did not help. This is the most frustrating app! Sadly, it's required for a course I'm taking; otherwise, I would delete it & never deal with it again! I accept invite & it tells me that I have no workspaces and wants me to create one. I don't WANT to create 1, I want to join an existing 1. Try different way to login, it says I have no account & need to confirm my email; I do & again it wants me to create a new workspace!",1,2025-09-10 20:18:25,"Hello Maria,

Please follow up with us at feedback@slack.com so we can look into this more closely for you.",2025-09-10 20:56:40
36419ce6-2604-4b27-b631-ec8263765b89,I cant find my account anymore its just gone ig,2,2025-09-10 19:04:54,,
0e4a264b-cba7-44e2-9354-783bf81dcfba,I love this format.And I love the color scheme.So much fun to use.I can interact with my co.Workers very easily,5,2025-09-10 17:14:55,,
e703797b-4900-463c-8874-83344d7efabb,Superb experience,5,2025-09-10 14:32:46,,
d7482c8a-5db9-4a30-9a15-33f66309cfd6,cool app. very useful for group communication,5,2025-09-10 14:22:10,,
1fed1f7d-6f1a-4495-abe4-a10176384ff7,honestly one of the better ones.,5,2025-09-10 05:39:37,,
5f16420f-4c7f-477e-93e4-672689a4f4df,limited,1,2025-09-10 00:33:11,,
f17b1c10-e9f5-48ef-ba53-a20455274518,Have always loved using slack - everything makes so much sense.,5,2025-09-09 19:32:44,,
87af08c1-71be-46d5-b6bc-024bc0541beb,"Good support for the app, they fixed my issue quickly.",4,2025-09-09 19:20:20,"Hi Patrick! Thanks for letting us know you were running in to this. We know about this issue, and a fix should be in the next update.",2025-08-27 20:00:29
403a3693-f96f-4a4b-ba6b-7918c34cfec9,"It's 2025 and you still haven't figured out how to get your deep links working from email. It should be possible to click one of the chat links in those ""you've got X unread messages"" emails and have it open in the app. Such a frustrating app to use.",1,2025-09-09 19:02:01,"We'd be interested in hearing more about this issue. When you have a moment, please tap on your profile picture on the top of the screen > ""Preferences"" > ""Send Feedback"" to flag this with our support team and provide some logs we'll need to investigate. We'll be happy to help!",2024-07-15 21:39:35
2037931f-5850-478c-8c03-cd6f80a19693,Great,5,2025-09-09 07:58:41,,
0375f3fa-a3c7-4154-9b19-d7b52c5730ef,This has always been my favorite communication tool for our projects. Easy to use. Very organized.,5,2025-09-09 02:18:20,,
d750370f-cfb2-4e55-8b05-a4d41390cd21,leave me alone,1,2025-09-09 00:24:30,,
ee927d13-ad7d-4baa-8b67-12eec053e8c6,"It gets better and you enjoy it better, the more you use it",5,2025-09-08 20:21:22,,
c24f6902-5f6b-4a90-85db-e1d8f4830733,awesome app !!,5,2025-09-08 16:50:12,,
b16f37f2-b956-4283-93a1-ed00bd15805b,"your phone app stinks. navigation is so different. somehow in just writing a dm, I moved all conversations to a private one? what does that even mean?",2,2025-09-08 16:29:59,"We'd be interested in hearing more about your feedback. When you have a moment, please tap on your profile picture on the top of the screen > ""Preferences"" > ""Send Feedback"" to flag this with our support team. We'll be happy to help!",2025-09-08 20:24:55
26ff0dba-a86b-4971-bdb1-887dd25a7596,best messaging app out there,5,2025-09-08 14:42:36,,
23d9acfb-e873-4885-a4e9-0deab474dda0,"Excellent communication tool, but the app is extremely buggy, and notifications are messed up, we keep on missing messages",3,2025-09-08 14:32:48,"Please navigate to your app's ""You"" tab > ""Notifications"" > ""Troubleshoot Notifications"".  Once the tests are complete, tap the three dots in the upper right corner of the screen and select ""Send Report"" to flag your results with our support team for further help.",2025-09-08 14:44:21
6f1b1dd7-c6dd-46a4-bdba-b73cf706f9fe,"Such a poorly designed log in flow. I want to, but am unable, to log in and upgrade my organization.",1,2025-09-08 14:19:30,"We'd be interested in hearing more about this issue. When you have a moment, please tap on your profile picture on the top of the screen > ""Preferences"" > ""Send Feedback"" to flag this with our support team and provide some logs we'll need to investigate. We'll be happy to help!",2025-09-08 14:41:16
ac4bff35-b505-41fa-95c0-dcdc0990ea1a,It's OK...,4,2025-09-08 11:56:08,,
95ab1307-012d-4cb8-ad77-b6a9d7a477f9,"screwed up my phone, had to buy a new one. Google thought i was hacking into my email by adding a foreign company work address. it led to a screen with a pin code, which i don't remember setting up .",2,2025-09-08 07:15:34,,
025f2225-eaf6-4006-b3bd-e6d39d7c2421,1. copy paste something that was copied in ff browser 2. navigate away to copy something else 3. go back to app with newly copied item/text 4. observe that previously pasted item has disappeared this just started happening,1,2025-09-08 01:45:59,,
d88a281a-0557-4909-acf9-7755ca318bdc,Kinda weird but good it's like a Gmail and discord baby,5,2025-09-08 00:34:25,,
2017d276-d90f-4598-a831-335d3f4ad2e2,Sometimes it's to find what you need and answer messages in a timely manner.,4,2025-09-07 23:50:17,,
4098b703-905e-4c32-82ee-aecc4e377c92,good workplace group chat,5,2025-09-07 21:05:48,,
2aaff83d-88a8-45d2-90b9-075e3e399077,"It has always been great. Even when they had low ratings, I never had any issues with the app.",5,2025-09-06 21:53:38,,
446e48b8-bf81-4fbf-a73b-f2a189e10efb,they do not have alot of features kinda disappointed my company picked this platform,5,2025-09-06 17:24:16,"Thanks for your feedback! We are always looking to improve our app. If you have additional feedback, please write to us - feedback@slack.com.",2025-09-05 22:44:35
81dd6af3-739c-4387-9216-c33ab953bb5a,great 👍,5,2025-09-06 15:54:45,,
04febfb7-2aea-4fba-b0e2-57b8a6f97e5d,best,4,2025-09-06 10:48:55,,
a0b1e60f-d5f6-4169-a8cf-294abefd01ca,"On Pixel 10 (base model), the app kind of refreshes a second time while the first refresh is going on after opening the app. I didn't observe this issue with Pixel 8 Pro or Pixel 7 prior to the upgrade. This is kind of annoying, everything else works fine.",3,2025-09-06 08:19:18,"Hey there,

Apologies you've been experiencing this unread issue. If you could reach out to us at feedback@slack.com, we'll be standing by to assist.

Kindest regards,",2023-12-19 07:02:48
9c31d7c5-b344-48db-a4d9-9db80c1aef1e,awesome,5,2025-09-05 16:04:50,,
e5b17f50-502e-4fcb-8710-d1b7d2d64d3b,Could never get past the endless email confirmation loops. The app never proceeded to the actual Slack application. I'll just use the desktop.,1,2025-09-05 15:16:06,,
ae2e43bf-87d1-438f-a477-ec5494dd6bb3,"Emojis are not usable in app at all! Emoji list scroll is stuck, custom emojis do not appear in recent ones and recents are not being synced with the desktop ones. It feels like they live their own life as my recents do not appear in the list. Worst experience! This makes me use the app only for reading the notifications!!",1,2025-09-05 15:10:03,"Hi there! We'd be interested in hearing more about this issue. When you have a moment, please tap on your profile picture on the top of the screen > ""Preferences"" > ""Send Feedback"" to flag this with our support team and provide some logs we'll need to investigate. We'll be happy to help!",2025-09-05 15:37:01
8fbf27d2-b3d3-48f7-aceb-1b18af42cc31,"Agreat product! More versatile than teams you can have two screen shares, you can mark up someone else's screen share. The AI Note Taker is sharp as well.",5,2025-09-05 14:14:58,,
fd24743b-dd29-4d62-a7ac-cc13784edf09,It's legit and it makes work seamless to work efficiently .,5,2025-09-05 09:37:55,,
b3d76100-f3ea-4869-8bd3-7e5989c1f0d3,"Generally good and worth the price, loses a star for some of its weird choices to fix things that aren't broken and for the threat of rolling out AI features. This review will instantly become one star if Slack tries to make any AI features unavoidable.",4,2025-09-05 08:58:53,,
c02c5cde-52bf-4d7e-bb98-aa8a7d6e9d56,app randomly stopped working and signed me out and google sso doesn't work,1,2025-09-05 08:44:18,,
def08e68-9bfe-42f3-94aa-de50ed2cfa22,I like the Slack app For Online banking.,5,2025-09-05 04:31:59,,
74106f1b-ab06-4c60-abd5-8f10b48b952d,Has no business demanding root.,1,2025-09-04 19:28:59,,
84928a06-60a6-40a0-a2cb-114685c22118,Your company is using slack that means you're in a cool organisation.,5,2025-09-04 17:03:54,,
b9c6e697-4ca4-49e3-86a2-b0744a7b6ae7,Superb! Professional communication application,5,2025-09-04 15:51:27,,
1fe7f02f-1e93-46ee-9ea4-04b978efb9de,bad user experience,3,2025-09-04 15:49:22,"Hello,

We'd be interested in hearing more about this issue. When you have a moment, please tap on your profile picture on the top of the screen > ""Preferences"" > ""Send Feedback"" to flag this with our support team and provide some logs we'll need to investigate. We'll be happy to help!",2025-09-04 16:29:28
262b568e-eacf-4943-8583-1e465ad2888b,best messenger,5,2025-09-04 09:53:47,,
c8edd0ef-1891-4980-95c4-f37396054be6,awesome app. I get to keep up with work comms,5,2025-09-04 05:02:33,,
41c802ac-d836-4475-bd0a-cff28c9ed4d7,I don't really understand how it works. There are no clear instructions on how to use the app.,3,2025-09-03 18:59:10,,
07e947ba-ff86-403e-82da-9f82e5de1ec1,I love Slack!,5,2025-09-03 16:06:33,,
10633e0c-cd50-4984-a529-381020774af1,good,5,2025-09-03 15:16:14,,
2e455ddd-695d-4048-a933-5a206f0e153b,Is not working,1,2025-09-03 06:48:35,"Hello! We'd be interested in hearing more about this issue. When you have a moment, please navigate to your app's ""You"" tab > ""Preferences"" > ""Send Feedback"" or please reach out via email to feedback@slack.com to flag this with our support team and provide some logs we'll need to investigate. We'll be happy to help!",2025-09-03 07:32:17
7de0251d-4b32-499f-aa10-097526b41fd3,"This app is cancer for making communication and collaboration more bad (is that possible?) for enterprise than it already is... I hate having a ""public"" work profile that anyone who stumbles across you can message you. Also basically a giant spam platform they never enforce. Feels like a beta startup.",1,2025-09-03 04:36:51,,
d8a568d1-71ec-46dc-a843-d20a9cfdcda8,Excellent,4,2025-09-02 20:23:36,,
82a342e0-6c8c-4dd9-bd72-c5e15e179c88,no matter what I do it will not show me notifications,1,2025-09-02 20:21:09,"Sorry to hear of the trouble receiving notifications! Please navigate to your app's ""You"" tab > ""Notifications"" > ""Troubleshoot Notifications"". Once the tests are complete, tap the three dots in the upper right corner of the screen and select ""Send Report"" to flag your results with our support team for further help.",2025-09-02 21:27:57
971f9040-f3ee-4815-b670-70664ab51fab,"The 90 day amnesia is counterproductive. I see people using it for ""stream"" type content. I would prefer to have a different path to support persistent forum content, perhaps migration to self-hosted storage. I may be ignorant of supported solutions. I prefer Slack to other platforms, but this model forces me to look elsewhere.",4,2025-09-02 16:27:40,,
6bbe5f90-965a-4230-94be-584b4ab04b5c,"Functionality is decent. But I use this for work, which means that I don't want to be pestered by it asking for a Google play review.",1,2025-09-02 12:37:52,,
4850da74-cc4d-4951-ad58-bbc038b1e057,need to work on their cpu usage. it uses too much of cpu and memory,3,2025-09-02 11:20:50,"Hi there, we're sorry for the trouble with Slack using too much CPU and memory. When you have a moment, please tap on your profile picture on the top of the screen > ""Preferences"" > ""Send Feedback"" to flag this with our support team and provide some logs we'll need to investigate. We'll be happy to help!",2025-09-02 11:50:48
c464f1b3-9e9c-4d58-ba23-2efa316c49e6,Efficient,5,2025-09-02 11:19:41,,
89cf51d9-a8c8-4a89-a248-a97e0f8f344d,Best of it's kind,5,2025-09-02 09:28:58,,
8e04615a-8a05-45c8-9543-fa2916660d00,"Works, but it's a hog. Release of 2024-09-17 is broken. I type replies and press send; the send button disappears and the message is never sent; I navigate and start seeing black screens. 2024-09-23 I had to uninstall and reinstall the app to fix the issues. Still sluggish though. EDIT No it doesn't work; started the same. I believe I need to install the last version released up to Aug 31, 2024.",3,2025-09-02 07:30:13,"Hi there, thank you for reaching out to me today! It sounds like we may need to do some further investigation. Please email Slack Support feedback@slack.com so that we can look at your logs.",2025-09-02 07:36:30
6bd95ecb-8a03-4379-ad8c-268bc123103a,Adding a contact to a group chat is hard if not impossible from this app. The ux is getting more and more confusing. focus on the core folks. not good,2,2025-09-02 06:44:54,,
adc458b9-50f2-44ac-954e-394383206481,"Overall great app, most features aligned with the Mac app, works well even over bad reception with local storage etc.",5,2025-09-02 05:58:45,,
b860e97f-52f0-4027-9bb8-138b9179af69,good,5,2025-09-02 05:08:05,,
72ad262b-8fea-41d1-8a41-5b3625f02210,chalac you,5,2025-09-01 20:27:00,,
880a2c61-67d6-4a86-8666-3d1aee9be204,cannot copy message text,3,2025-09-01 17:36:43,"Hello,

You can manually copy a message link and paste it to another conversation to share it. There's more on this here: https://slack.com/help/articles/203274767-Forward-messages-in-Slack",2025-09-01 17:32:23
52d7ae07-65c8-4a21-92be-9d28312f5a54,there's some bugs on notifications and huddles,3,2025-09-01 09:48:07,"Hi there, we're very sorry for the trouble with notifications and huddles. please go to the ""You"" tab > ""Notifications"" > ""Troubleshoot Notifications"".  Once the tests are complete, tap the three dots in the upper right corner of the screen and select ""Send Report"" to flag your results with our support team for further help.",2025-09-01 09:55:39
1f7fa601-d723-4c77-b69b-bd7a2b41b3e4,cumbersome and confusing,2,2025-08-31 17:33:13,"Hi Lorielle,

Thanks for sharing your thoughts!

We know Slack can take some getting used to, especially with many channels and messages to keep track of. Exploring features like saved items, search modifiers, and organizing channels can help make things more manageable.

We appreciate your feedback as we keep working to improve the experience...",2025-08-31 18:10:35
af6a6692-5eca-43f1-8beb-983968cdac0b,should include a title for threads in a channey,3,2025-08-31 09:31:25,,
b9f7a2d1-9df2-4f3f-8ff3-b26ada8c0203,signin,5,2025-08-30 15:28:03,,
37d62107-ec8f-4b0a-9398-393e67b9dfdb,"Slack has successfully reinveted the 2000s slavery model — now with channels, threads, and endless pings. Truly revolutionary. Thank you for reminding us that freedom was overrated anyway!",5,2025-08-29 18:38:34,,
6f6bcd2d-89b3-4590-93b1-10c9755b66ba,"there is no way to reorder groups in android app. e.g. I want to drag ""priority"" on top",3,2025-08-29 17:13:59,"We'd be interested in hearing more about this. You can add the channels to ""Starred"" section to bring to the top of your sidebar. To flag this with our support team, please tap on your profile picture on the top of the screen > ""Preferences"" > ""Send Feedback"". We'll be happy to help!",2025-08-29 17:30:45
43b98432-547c-4564-a2c1-bbfc4379459f,the app is great. i use it for work,5,2025-08-29 17:07:19,,
808db279-8fee-489e-9c2d-e5d08ce96e76,work time,5,2025-08-29 13:23:45,,
a876398a-3123-43b7-bda2-cdd06db2f70d,"I used to rave about Slack. However, ever since Salesforce bought Slack, there has been so many problems on my phone and desktop. I hate Teams, and this is making me want to switch. Issues come and go, but this morning, my issues are around just typing a message to my colleague.. it has a horrible lag and can't even get a message through on mobile right now 😡",3,2025-08-29 12:18:27,"Hi Jerry, we recommend resetting the app's cache when you run into behavior like this. You can do so from the app's ""You"" tab > ""Preferences"". If you continue to run into trouble after this, please head to the ""You"" tab > ""Preferences"" > ""Send Feedback"" to flag this with our support team and provide some logs needed to investigate. We'll be happ...",2025-08-29 12:28:44
075b095b-d82e-4dc3-95fe-1c86c40ad8ad,"I hate the opportunity for micromanagement this platform creates. My organization employs remote offshore workers who mean well but are keyboard warriors who have no perspective on the scope of the tasks assigned. I have to do the work, not them.",1,2025-08-29 11:32:47,,
3d91749a-d387-4dcc-8884-f2d5902e9308,"someone invites you on a huddle, you talk for a bit, they disconnected, now your phone still thinks that you're in a call and it doesn't play any media. you get a push notification of a message on slack, you click to view it, you want to reply but you have to first click on go to latest messages (even though the msg you clicked on was the latest msg)",1,2025-08-29 08:19:15,"Hi there, we're very sorry for the trouble with huddles and notifications in Slack. When you have a moment, please tap on your profile picture on the top of the screen > ""Preferences"" > ""Send Feedback"" to flag this with our support team and provide some logs we'll need to investigate. We'll be happy to help!",2025-08-29 08:51:47
20dc0f67-c7cb-4943-8855-c3d8897eb947,why wont it work on my android?,1,2025-08-29 02:53:06,"Hi there, thank you for reaching out to me today! I see that you are having trouble with your Android. Please contact our Slack Support team feedback@slack.com.",2025-08-29 04:04:31
4b0d3131-f8c1-46d9-863a-5c233391594c,great,5,2025-08-29 02:37:51,,
cef1db19-a23d-4610-aad3-ac3b2222a070,"Miserable experience, terrible UI, poor compatibility, opaque settings and just plain irritatingly pushy in all the ways a modern tech company can be. Would refuse to use it if I had a choice.",1,2025-08-28 22:43:53,"We'd be interested in hearing more about this issue. When you have a moment, please tap on your profile picture on the top of the screen > ""Preferences"" > ""Send Feedback"" to flag this with our support team and provide some logs we'll need to investigate. We'll be happy to help!",2025-08-28 22:47:57
dd8d5ba8-0496-420d-9706-ec4c6c26ced4,"For an app that has been around so long, so much practical functionality is not present. I have yet to find a way to jump from a conversation, into a channel, and back to the conversation to find information. Why can't I swipe left/right to get access to multiple areas of information? or tabs at the top? If the keyboard is too tall, slack does not realize the chat box area to let me see what I am typing. I cannot scroll up/down until the chat box is full. This includes searching for users.",3,2025-08-28 15:01:50,,
c2cf43b3-0c98-482d-899a-09cd4c48b0b9,Slack is very easy to use and it keeps all of our church members informed on what is going on and what needs to be done. I absolutely recommend it!,5,2025-08-28 14:37:52,,
b22871db-3017-49b0-af7d-79dfaf3514a0,Slow and buggy,3,2025-08-28 08:47:19,,
2b0fc395-06ec-4770-875f-f723f6029c7f,I love Slack so much -sales manager,5,2025-08-28 04:27:19,,
a95b382a-59e4-49b0-977d-3f071a611883,Doesn't support older Android versions.,1,2025-08-28 03:53:39,,
7b03010e-801a-4eea-ab9b-d0620c360a70,good,4,2025-08-28 03:02:36,,
1d620e51-712b-4ecf-932a-0242cf6735f6,My most used app.,4,2025-08-28 02:39:07,,
34948737-bfb2-4697-ab47-49e0879a9af0,it blows my mind how unintuitive this app is. being forced to use this in university should be considered a hate crime.,1,2025-08-27 20:36:15,,
529b1f07-7181-418d-90ea-138890fbd5c7,Would be good to have these features: 1. Read status of messages 2. Delete messages,4,2025-08-27 18:32:11,,
a99e2b97-0a4a-4fd6-a790-cdb4e77d1e64,all good,5,2025-08-27 14:36:32,,
62d782ae-cfc7-4361-ac00-b246a057fc90,"Every time I open a message notification, it gives me a button to view the latest message and I HAVE it click it or I can't reply. The only problem is THIS IS THE LATEST MESSAGE! This button is useless!",1,2025-08-27 13:34:03,"Hi there, we're very sorry for the trouble. When you have a moment, please tap on your profile picture on the top of the screen > ""Preferences"" > ""Send Feedback"" to flag this with our support team and provide some logs we'll need to investigate. We'll be happy to help!",2025-08-27 14:26:40
5adca09a-336e-4720-8c87-d0801ed067b8,"Literally keeps ""Pausing"" all of my notifications by itself and there's no way to turn it off. Why is this a feature anyway? So stupid!",1,2025-08-27 12:52:25,"Hi there, we're very sorry for the trouble with notifications. Please navigate to your app's ""You"" tab > ""Notifications"" > ""Troubleshoot Notifications"". Once the tests are complete, tap the three dots in the upper right corner of the screen and select ""Send Report"" to flag your results with our support team for further help.",2025-08-27 14:25:18
2bdc5862-0658-433f-afcc-36c72af0548c,like us experience all issue but now very much quality to behave,5,2025-08-27 05:21:20,,
33f9d792-f482-47f9-be3f-22f0b59491fc,wouldn't stop asking for a review,1,2025-08-26 19:15:31,,
20b687ee-4158-4e31-8f67-b81ed82f8d61,"Chats sometimes do not load, the screen is simply empty, I need to reload the application or try to switch conversations many times until it loads. Received messages do not load either! I see the notification message but when I open the conversation messages do not load or I have to wait for an eternity to load. As if my connection isn't working but it's actually working just fine for everything except Slack. This renders Slack unusable on mobile. Everything was working fine a few weeks ago...",1,2025-08-26 18:37:56,"Hello,

We'd be interested in hearing more about this issue. When you have a moment, please tap on your profile picture on the top of the screen > ""Preferences"" > ""Send Feedback"" to flag this with our support team and provide some logs we'll need to investigate. We'll be happy to help!",2025-08-26 22:02:22
efc85b6a-4ad6-4df8-b8a2-5d132543c94e,"the push notifications arent working, I'm not here to be checking the app every 5 minutes to make sure if there are any updates.",1,2025-08-26 18:12:23,"Hello,

Please navigate to your app's ""You"" tab > ""Notifications"" > ""Troubleshoot Notifications"".  Once the tests are complete, tap the three dots in the upper right corner of the screen and select ""Send Report"" to flag your results with our support team for further help.",2025-08-26 19:01:10
163f77f4-cd52-40d7-91a0-2b6dc061b694,great tool,4,2025-08-26 17:05:16,Thank you for the review! We appreciate your feedback.,2025-08-26 19:40:28
4a428da6-ea4a-499b-9dd9-ab18b09cc96f,"why do I now have to hit a button just to see the latest message. worst update ever. tired of clicking ""jump to most recent message""",2,2025-08-26 15:47:50,"We'd be interested in hearing more about this issue. When you have a moment, please tap on your profile picture on the top of the screen > ""Preferences"" > ""Send Feedback"" to flag this with our support team and provide some logs we'll need to investigate. We'll be happy to help!",2025-08-26 15:04:31
2387652d-8bc7-441b-9fb9-0328b5c7cadf,any messages disappear after 90 days unless you upgrade. not a great free tool to use if your business if using it as the mail source of communication between departments. notifications are inconsistent as well.,2,2025-08-26 14:33:52,"Hello,

We'd like to look into the notification issue for you. Please tap on your profile picture on the top of the screen > ""Notifications"" > ""Troubleshoot Notifications"".  Once the tests are complete, tap the three dots in the upper right corner of the screen and select ""Send Report"" to flag your results with our support team for further help.",2025-08-26 15:26:38
710513a2-0d7f-423d-8846-b56d8ec27f94,It's reet,5,2025-08-26 13:27:53,,
6526ab27-9b49-4856-9ad4-d48704957d77,very good app for working,5,2025-08-26 12:46:36,,
6f6200a6-42ed-4ee6-9c35-14012277d8ee,Remote team work made simple. Essential tool to keep our business updated with easy integration with our other stack 😄,5,2025-08-26 09:51:59,,
7b3e7065-12a2-40d2-8231-36e9f9a1bd1d,"best alternative of discord, maybe even better because it doesn't beg you to buy something all the time",5,2025-08-26 07:36:41,,
e063a600-efb5-49d4-9736-126b15c56922,"google sign it no longer works on the mobile app. reinstalled, doesn't work",1,2025-08-26 07:15:13,"Hi there, thanks for contacting me. Please reach out via email to feedback@slack.com  to flag this with our support team to investigate. We'll be happy to help!",2025-08-26 07:27:37
584f6397-f3c1-46e2-aa99-ad2a96f6b9f7,good app,5,2025-08-26 04:09:21,,
3477683d-63c5-44c1-ac74-442528e271b7,Hate Slack. seems like anytime someone wants to communicate for real they ask to go to WhatsApp or other messaging app,2,2025-08-25 19:50:01,,
1ce2bb50-3807-4c58-869f-beb404cecd49,"I've used this app in the past and had no problems with it, but now it freezes up during the sign-in process using my Gmail account. Tried uninstall/reinstall, clearing cache/data, and restarting phone. Can't sign in, so the app is completely unusable.",1,2025-08-25 19:42:09,"Try logging in using Continue with Email rather than Gmail to see if that helps.  If it doesn't, try logging in directly at your workspace URL in your mobile browser instead and use Continue with Email.",2025-08-25 21:22:39
065df173-228b-4be8-9e1c-f59d05f9bee0,great tool for business,5,2025-08-25 18:55:37,,
e007612e-0463-48cd-8ddd-3326f75fa923,muy buenas,5,2025-08-25 18:41:54,,
035922a4-7243-444a-848f-1a74acf27ff5,Recently updated 08/25/2025....you can't delete or edit posts from mobile now? This is going to ruin to my work life,1,2025-08-25 14:17:59,"Hello,

If your Workspace Owner or Admin has not restricted members from editing their messages, you can edit a message by following these steps:

1. Tap and hold the message you’d like to edit.
2. Tap  Edit Message and make your changes.
3. Tap the check mark icon to finish.

Tip: On an Android device, you can double-tap a message to quick...",2025-08-25 14:26:45
29482baf-2545-4fba-a3d8-604902507fd4,great way to get in contact with everyone I work with,5,2025-08-25 13:38:47,,
7c78bc1a-1d3a-4677-9c99-6b14268decd6,few notification issues,4,2025-08-25 12:24:51,"Hi Rakshith,

Please tap on your profile picture on the top of the screen > ""Notifications"" > ""Troubleshoot Notifications"".  Once the tests are complete, tap the three dots in the upper right corner of the screen and select ""Send Report"" to flag your results with our support team for further help.",2025-08-25 12:32:21
a79f4c06-35c1-4177-845f-aa42519f82e7,"The grouping of communication in channels for topics, not just by participants, is the feature I value most",5,2025-08-25 10:44:36,,
9a11132d-d65f-4618-8337-4ff84fa17af4,great app! it works like it should!,5,2025-08-25 08:02:04,,
2f8b64e9-7b98-4038-9802-de96b04f8ec3,threads absolutely suck.,1,2025-08-24 23:08:53,,
4678bc4f-e370-4770-8578-779f4f0af97d,"I can't complain, very effective.",5,2025-08-24 19:39:52,,
027e6098-bb28-4946-838e-c30d6d58a1ab,Message seen option is not showing like...facebook,3,2025-08-24 06:38:53,,
1f0cc1e1-af2a-46a2-9ee4-8f2bba649e1d,not detele msg recovery,5,2025-08-23 20:51:31,,
36fe8cc9-ed9b-40b4-acd9-cdca96f56896,😘,4,2025-08-23 09:51:10,,
b99c3509-eb6f-4a48-98dd-c0a877c6b6db,"fun, reliable and always a place to chat and stay in contact with your team",5,2025-08-22 21:15:15,,
d9a1ea76-1761-471d-8350-ec131279e6da,such a great messanger for a corporate communications,5,2025-08-22 15:42:22,,
88b216bf-d997-4608-a832-a7a9aedfc87c,great app it's easy to navigate through the platform and handle things to communicate 1 feedback I would like to give is having an option where we can get notification from specific channels only to stay productive,5,2025-08-22 10:57:50,,
b6b07b77-4542-4b27-bdd7-d3c8bdcf2cae,notifications,2,2025-08-21 21:29:07,"Hello,

Please navigate to your app's ""You"" tab > ""Notifications"" > ""Troubleshoot Notifications"".  Once the tests are complete, tap the three dots in the upper right corner of the screen and select ""Send Report"" to flag your results with our support team for further help.",2025-08-21 22:01:46
4ebde625-498c-48a2-bcf2-0c66f1b62ab4,a great source of constant interruption,3,2025-08-21 20:38:45,"Hello,

We're sorry to hear about the trouble. To reduce the noise in your workspace, you can set a custom notification schedule by following the steps in this Help Center article: https://slack.com/help/articles/201355156-Configure-your-Slack-notifications",2025-08-21 22:01:00
91f8f5b0-ad70-429e-a14c-afa250852320,several bugs not fixed after multiple reports over three years and two Android phones,3,2025-08-21 13:33:41,,
2df2e4fe-027c-4fe8-9e07-32797413211b,good app,4,2025-08-21 08:57:40,,
3e10e623-bc38-4b73-889a-4df130410581,little complex to handle in app mode especially in phone,2,2025-08-21 05:10:57,,
defb912c-41d4-420a-b238-960c1857f102,"Activity doesn't work. Layout is confusing. Generally sucks compared to the iPhone app, which, to be clear, also isn't a great app. Edit: although clearing the cache did not work for me, I'm bumping this up a star in acknowledgment of how quickly the developer responded here with assistance.",3,2025-08-21 01:09:36,"Try clearing your app's cache and launch Slack once more.  Sometimes when the UI doesn't work as expected, a cache clear should help. If you still have trouble, write in to feedback@slack.com and we'll be happy to help further!",2025-08-20 20:09:40
979ac55a-c5da-4b89-81f4-1abb0aa54ace,hopelessly confusing -- jargon ridden -- row to the deep part of the lake and throw you off the stern -- swim or sink.,1,2025-08-20 20:15:53,"Check out our Quick Start Guide at https://slack.com/help/articles/360059928654-How-to-use-Slack--your-quick-start-guide .  If you still have trouble, reach out to us at feedback@slack.com and we'll be happy to clarify anything you're struggling with!",2025-08-20 21:13:45
c618d597-649b-46a3-9ba6-019032384792,"If not the best, must be one of the best out there",4,2025-08-20 19:55:37,,
cf3f42e2-eaa1-405b-9229-d6e3952ea629,any app that asks for a review gets 1,1,2025-08-20 19:45:42,,
e1be8238-27d0-4894-9142-a7a314c32295,the worst set-up,1,2025-08-20 18:45:44,"We recommend resetting the app's cache when you run into behavior like this. You can do so from the app's ""You"" tab > ""Preferences"". If you continue to run into trouble after this, please head to the ""You"" tab > ""Preferences"" > ""Send Feedback"" to flag this with our support team and provide some logs needed to investigate. We'll be happy to help!",2025-08-20 21:11:21
7fef0048-53ec-4c9b-b55b-76ebb5469ab9,"slow, laggy",3,2025-08-20 18:04:17,"We'd be interested in hearing more about this issue. When you have a moment, please tap on your profile picture on the top of the screen > ""Preferences"" > ""Send Feedback"" to flag this with our support team and provide some logs we'll need to investigate. We'll be happy to help!",2025-08-20 20:44:56
0c642c34-39fc-4689-ae6a-2cc6dbe25b50,I love Slack and don't want to work without it,5,2025-08-20 16:26:10,,
cd26f91d-d783-4dda-80c9-05557278fc5f,I like reading the release notes.,5,2025-08-20 14:30:20,,
66af7d5b-4559-4df9-a587-c6689c219265,abeolutley love this tool. sooooo much better than Google Chat and Skype. all businesses should be using Slack.,5,2025-08-20 13:34:41,,
03269b42-489a-42d6-9d9e-264698a5f505,We are proud of we working on slak,5,2025-08-20 10:34:53,,
d1ac033c-12f1-4858-bf53-f4ee8ea4d244,Good,5,2025-08-20 09:58:38,,
0d349162-4121-4c7c-826f-afd1ec27cee9,Super saanam,5,2025-08-20 08:55:13,,
2def9d34-6cdf-4be5-bfcb-8b32d2b7178d,why I can't find the logout button 😭,4,2025-08-20 07:08:54,"Hi there, I see that you are using an Android. You can log out by following the steps on this Help Center article: https://slack.com/intl/en-au/help/articles/214613347-Sign-out-of-Slack#android-1. If you run into any issues, email to feedback@slack.com.",2025-08-20 07:34:51
7efffe6d-cf91-4a82-8906-4c7349e4bf9d,"I don't receive notifications on my phone, sometimes there's a delay and sometimes it just doesn't arrive. I am using LAVA BLAZE 5G LXX503",4,2025-08-20 06:28:28,Hello! Thanks for sharing this feedback with us! Please reach out via email to feedback@slack.com so that we can take a further look at what might be happening with your notifications.,2025-08-20 07:33:21
3ba9b179-a1f2-4903-9d0e-e9948e60a1c0,one of the best suite for collaboration.,5,2025-08-20 06:27:14,,
9208d26f-210e-49d7-9984-02e40a8b6a5a,perfect for any start up,5,2025-08-19 19:27:35,,
b5dbd829-17dc-4202-b3c1-0fa2d3269e6d,Workable and handy,5,2025-08-19 18:03:05,,
61d3a185-17f8-41cf-9938-741b1f06524b,this update is broken. major performance issues,1,2025-08-19 17:59:43,"We'd be interested in hearing more about this issue. When you have a moment, please tap on your profile picture on the top of the screen > ""Preferences"" > ""Send Feedback"" to flag this with our support team and provide some logs we'll need to investigate. We'll be happy to help!",2025-08-19 18:30:39
8d590b02-c33f-4461-95c1-bbb483f089e4,Great! Keeps me updated!,5,2025-08-19 17:52:45,,
275f080b-131a-4fa4-8a36-c9044ed888a1,cannot log in after org update. the app doesn't allow to log out and has to be reinstalled,2,2025-08-19 16:03:18,"Try logging in with your SSO provider through your SSO landing page.  If you still have trouble, try again in an incognito browser.  If the issue still persists, please write into feedback@slack.com so we can assist further!",2025-08-19 16:01:08
480615b1-393e-4839-90bd-9c4dac58c177,Great platform to perform professional work communications.,5,2025-08-19 15:19:12,,
2d1b854f-faef-4638-84bb-be856e925ddd,keeps prompting me for store feedback while I'm using the app,1,2025-08-19 13:36:35,"We'd be interested in hearing more about this issue. When you have a moment, please tap on your profile picture on the top of the screen > ""Preferences"" > ""Send Feedback"" to flag this with our support team and provide some logs we'll need to investigate. We'll be happy to help!",2025-08-19 15:56:25
f0d3303e-b3be-4897-88d3-9736ba9626c7,"Lifeline of our Team. For a remote first team like ours, Slack makes it easy to collaborate and work together.",5,2025-08-19 12:06:57,,
10dfe064-712b-4952-a191-6e8e37669bf8,Great app for work communications. vastly preferable to Teams. Only complaint is the audio settings for slack huddles sometimes change between calls.,4,2025-08-18 23:33:12,"We recommend resetting the app's cache when you run into behavior like this. You can do so from the app's ""You"" tab > ""Preferences"". If you continue to run into trouble after this, please head to the ""You"" tab > ""Preferences"" > ""Send Feedback"" to flag this with our support team and provide some logs needed to investigate. We'll be happy to help!",2025-08-18 23:57:19
6acc92be-21b1-4e3c-bb0b-73ab46dc598e,best chat function. but the app is not perfect. a bit glitchy in ui.,4,2025-08-18 19:29:59,,
4d8333e1-10ea-4910-9246-c202e6d980bd,great 👍,5,2025-08-18 19:14:48,,
c0e383f1-bd23-463a-9a51-d9884df070aa,I don't like how my channels are grouped on this app. I do not see any setting to change it. There are two different starred sections and two different channels sections like it is separating the internal channels and external channels. I just want all of my channels in one place. Thank you.,4,2025-08-18 18:12:14,"We'd be interested in hearing more about this issue. When you have a moment, please tap on your profile picture on the top of the screen > ""Preferences"" > ""Send Feedback"" to flag this with our support team and provide some logs we'll need to investigate. We'll be happy to help!",2025-08-18 17:24:47
45111b20-7fe0-4b00-a8c9-70169d0fa67a,"Slack is the best Messaging app on the market, hands down. If I tried to force our users to Team, they would revolt en masse.",5,2025-08-18 17:54:18,,
f5957767-d3f9-4cf8-a8f6-4fe0f32fb737,It's a great app but sometimes the features are on the laptop not on mobile and vice versa,4,2025-08-18 16:32:00,"Hi there, thanks for your review! We've shared your thoughts with our product team for their consideration. If you need help with anything else please write in to feedback@slack.com, our support team will be happy to help!",2025-08-18 16:40:24
93d8fd1e-779e-4e88-817d-1e534c8cfbf5,too slow and audio doesn't sync,1,2025-08-18 15:43:14,"We'd be interested in hearing more about this issue. When you have a moment, please tap on your profile picture on the top of the screen > ""Preferences"" > ""Send Feedback"" to flag this with our support team and provide some logs we'll need to investigate. We'll be happy to help!",2025-08-18 16:02:34
ac562e62-37b6-405e-87dc-3804f10b4655,This app sucks,2,2025-08-18 13:36:29,,
65b499c7-076d-4aab-a8fc-baa02a96eeb0,Is barely able to display text,2,2025-08-18 13:12:28,"We recommend resetting the app's cache when you run into behavior like this. You can do so from the app's ""You"" tab > ""Preferences"". If you continue to run into trouble after this, please head to the ""You"" tab > ""Preferences"" > ""Send Feedback"" to flag this with our support team and provide some logs needed to investigate. We'll be happy to help!",2025-08-18 15:00:33
c426e743-c94d-497a-af58-b91000197a4f,"For text conversations, it's the best app I've seen.",5,2025-08-18 13:08:31,,
1dd90337-b7d6-4fca-8c38-9e1dc10578ff,Great but I want a widget that will allow me to change statuses in slack from my home screen,4,2025-08-18 11:52:21,"Hi there, thanks for your review. We'll be happy to share your request with our app team so they're aware that users would find a widget a helpful addition to Slack.",2025-08-18 13:43:41
407b1a59-1882-4035-84a0-83440a46e130,Good 👍,5,2025-08-18 08:39:10,,
d69f3335-aa11-4b53-9d8a-180e62114ae1,Chat bubble outside app is glitchy and crashes / doesn't send messages. The app itself struggles with sending images for some reason. They won't send unless I try a few times.,3,2025-08-18 08:30:55,"Hi there, we're very sorry for the trouble with your chat bubble and sending images in Slack. Please tap on your profile picture on the top of the screen > ""Preferences"" > ""Send Feedback"" to flag this with our support team and provide some logs we'll need to investigate. We'll be happy to help!",2025-08-18 10:37:02
5e84fabc-26ea-47c4-bc3a-f083ba147a56,"great and versatile communication tool, lots of options to manage availability. can improve speed, message loading is slow and when there are connectivity issues the app has a hard time recovering.",4,2025-08-18 07:07:12,"Hi there, Thank you for sharing your review. I'd like to know more about your experience with message being slow. If you could kindly email Slack Support directly feedback@slack.com and we can take a look at your app logs.",2025-08-18 07:10:28
a67fe0fb-616b-4468-8462-e3532bb30e45,Very slow and laggy,1,2025-08-18 06:50:07,"Hello! We'd be interested in hearing more about this issue. When you have a moment, please navigate to your app's ""You"" tab > ""Preferences"" > ""Send Feedback"" or please reach out via email to feedback@slack.com to flag this with our support team and provide some logs we'll need to investigate. We'll be happy to help!",2025-08-18 06:58:58
77074f26-31cb-4038-8ea6-231b086d56c8,"slow, laggy, buggy",2,2025-08-17 08:56:23,Thanks for your review. Feel free to reach out to us at feedback@slack.com if you would like to troubleshoot these issues further.,2025-08-17 09:24:19
6761136c-5660-450e-92e9-0ba734880d4d,amazing,5,2025-08-17 08:45:58,,
f56fa72f-c2ff-4d89-9fdd-dd8cc9196f58,Excellent App 👍,5,2025-08-17 01:23:59,,
4e9a310e-ac88-486a-a965-2c9f15fc02fc,it's a good chat app,5,2025-08-16 20:23:09,,
0a065c64-ad0a-4380-abfb-b0b994ff4c25,"Okay for a business messaging app, but uses a lot of resources and sometimes has phantom unread messages",3,2025-08-16 19:00:42,,
8b756338-58df-4090-97bd-80e6da7c58ba,Best experience so far which keeps me updated for my work on time and keeps a record of all my progress smoothly and accurately...!!!,5,2025-08-16 07:03:51,,
3d2a82fd-8784-4b55-ad99-0a6717198e5b,"I love Slack, easy to organize information and communicate with other employees 10/10 would recommend",5,2025-08-16 04:17:36,,
8f9f6c83-d12a-4b63-87d0-a9ab94329d1c,it's very formal and easy to access without any hassle at all!,5,2025-08-15 22:22:53,,
2482c94d-f825-4eec-934c-3134bb13d2a9,I will be on my mobile filling out a response to somebody and then go to MOVE the screen above my keyboard and it will swipe left or right clearing the thread.It's absolutely infuriating because it's already hard to find those threads in the first place.,1,2025-08-15 21:15:24,We're sorry for the trouble. Please write to feedback@slack.com so we can investigate further. We'll be happy to help.,2025-08-15 22:43:23
1bdc6c2e-9106-46a7-99a0-e4d66a2f641a,I love this app for company wide communication!,5,2025-08-15 19:57:11,,
83fb04e5-3e1c-463e-94d1-4ce0617da325,Fantastic for collaboration.,5,2025-08-15 19:14:27,,
1da96afb-8105-46c0-8e34-10691312513b,"The best communication tool for scattered teams, hands down.",5,2025-08-15 15:23:03,,
53256ac7-7dd4-42f0-8b16-6b36ff78c8ff,"Very useful for work-related tasks, uploading files, calls, can also edit and delete files, easy to use and navigate",5,2025-08-15 11:29:09,,
7b4985a4-1f79-40a4-94e8-1ae36292f4f5,great,5,2025-08-15 09:25:04,,
72a34a7e-df94-494e-870c-052eff27f8db,the fact that this will only support an android version for 5 years tops STINKS. I had to get a new phone because my company obviously are too cheap to!,3,2025-08-15 03:10:01,,
86128c95-e203-4a06-8930-c7e725423d70,easy to use and cool 👹,5,2025-08-15 02:20:10,,
714c90b3-6d4a-4f5e-8440-aaaccac1944d,convenient,5,2025-08-15 00:38:43,,
918971d7-a2ba-4e90-a04f-04128f1d7417,Great platform for families to communicate and stay connected!,5,2025-08-15 00:14:50,,
8b450375-9942-4706-9a0b-4c9d9f939b0d,annoying surveys covering data on the screen and forcing reviews,1,2025-08-14 23:35:54,,
d2f99254-7d1e-41d6-9b0d-69f17bae54fb,Don't ask me for reviews,1,2025-08-14 22:35:08,,
5036f040-dba2-43e9-8421-2948862f1f14,I only use it because of work otherwise slack is a pain,1,2025-08-14 20:29:27,,
40fd3b33-297b-4ce6-908c-b4782e85dabf,horrible,1,2025-08-14 18:04:15,,
cf35633c-ebb2-4a3d-a0f0-2685b712f0a9,Need Improvement For Huddle Audio,3,2025-08-14 15:36:40,"We're sorry for the trouble. We'd be interested in hearing more about this issue. When you have a moment, please tap on your profile picture on the top of the screen > ""Preferences"" > ""Send Feedback"" to flag this with our support team and provide some logs we'll need to investigate. We'll be happy to help!",2025-08-14 15:45:14
ec524f36-0bec-4c5e-838e-930d3b1488d5,"My company needs me to set a password when open slack first time(xxx requires you to set a six digit passcode to access Slack on your mobile device), but why didn't I enter the APP after I entered the password?",1,2025-08-14 12:17:46,"Please write in to our Support team at feedback@slack.com and we will be able to troubleshoot this with you directly. Best,",2025-08-14 12:27:48
6696c8ab-d4c9-400c-947e-082f7c266bff,nice,5,2025-08-14 12:08:00,,
6fb527e8-5831-457c-a011-561be04276cd,Many bugs on android,1,2025-08-14 12:07:05,"We'd be interested in hearing more about this issue. When you have a moment, please tap on your profile picture on the top of the screen > ""Preferences"" > ""Send Feedback"" to flag this with our support team and provide some logs we'll need to investigate. We'll be happy to help!",2025-08-14 14:16:49
3d1ae4fd-3025-4eba-b969-8a5077ace165,like IRC with embedded content but unimpressive,3,2025-08-14 11:12:15,,
2b40ed5f-672f-4361-adec-b4bdeff1f703,"the best platform, can even record AI notes and create workflows",5,2025-08-14 07:03:59,,
22e3b4ec-6ba9-4aee-ad46-5e65fb2314d5,not user friendly at all.,1,2025-08-14 02:17:29,,
34192b6e-42c0-4cce-99cf-bfe8bad1b6f7,nice,5,2025-08-14 00:10:23,,
b98e1c38-c4ea-4053-b455-9e8fd81c8101,Needs wide screen responsive layout for Android tablets. Might as well just use the website. Uninstalled.,2,2025-08-13 18:41:34,,
be783ca7-4dbf-40bf-bc39-190316d50762,So far ahead of Teams that it's not even in the same league.,5,2025-08-13 18:17:35,,
59c620a5-dd4a-4b98-b91a-80b9bdebf1f6,Starting to work with me after we upgraded to premium,5,2025-08-13 18:15:07,,
e5ac462a-9fed-462f-978c-fa95c4d88c67,good,5,2025-08-13 17:57:08,,
2eb99c23-bc15-4421-a934-47519b73b51c,The huddle feature only works about 20% of the time. Sometimes it let's me join the huddle but then kicks me right out of it. Other times I can join but they can't hear me and their audio cuts out every 2-3 seconds and then reconnects for 2-3 seconds. Huddle feature is very unreliable.,1,2025-08-13 17:12:53,"We'd be interested in hearing more about this issue. When you have a moment, please tap on your profile picture on the top of the screen > ""Preferences"" > ""Send Feedback"" to flag this with our support team and provide some logs we'll need to investigate. We'll be happy to help!",2025-08-13 18:27:06
d017f66a-7425-4705-b164-b64c7b5172d6,Frequently fails to display push notifications when logged into more than one workspace.,1,2025-08-13 16:07:34,"Hello,

Please navigate to your app's ""You"" tab > ""Notifications"" > ""Troubleshoot Notifications"".  Once the tests are complete, tap the three dots in the upper right corner of the screen and select ""Send Report"" to flag your results with our support team for further help.",2025-08-13 16:19:01
9fec7107-da61-457d-b2f5-d8d0bf2107c5,great app,5,2025-08-13 15:48:52,,
8bd69067-9d6d-4ab9-b90b-33ae282e59b0,Great 👍,4,2025-08-13 13:46:59,,
b38bd264-bed7-4a8f-a652-239cbd3e9fe1,I have been using it for the past 6 years. It's an amazing app,5,2025-08-13 10:01:04,,
b71c2644-6400-434d-8411-17dbd2693f95,"the update is no longer compatible with my device, so can't use it.",1,2025-08-13 09:18:43,,
f369eac3-14e9-4ca0-9cc5-3c4cea797e34,"Slack should concentrate on core functions like choosing the correct audio device, rather than gimmicks. Notifications badges do not clear on Linux",2,2025-08-13 09:10:37,,
bb4a67af-4eb2-485d-ab3b-2d50b7deccd6,Great application for Team management,5,2025-08-13 06:59:35,,
9ea215f0-98d7-498e-b7d8-83f8e8a19787,super,5,2025-08-13 03:36:20,,
4e265128-61bf-4e1c-ad9d-843fc564c138,really great app,5,2025-08-13 02:26:45,,
18a6bcf2-0de4-49b8-bb8a-539f8bc065b9,slack not compatible with my device. I am on Android 15.0,1,2025-08-12 22:48:35,"Sorry to hear of the trouble installing Slack! We'd be interested in hearing more about this issue. When you have a moment, please tap on your profile picture on the top of the screen > ""Preferences"" > ""Send Feedback"" to flag this with our support team and provide some logs we'll need to investigate. We'll be happy to help!",2025-08-12 23:20:21
ecabb5f1-99c2-4d21-8abd-3296d006c436,when I try to login using google mail it is not giving me an option to select the mail and is automatically coming back. Please do look into this,2,2025-08-12 22:16:07,"Sorry to hear of the trouble here! We'd be interested in hearing more about this issue. When you have a moment, please tap on your profile picture on the top of the screen > ""Preferences"" > ""Send Feedback"" to flag this with our support team and provide some logs we'll need to investigate. We'll be happy to help!",2025-08-12 23:02:35
3de3fc87-37ee-4a57-81bf-8e64590d627b,great 👍,5,2025-08-12 19:10:53,,
8935b69f-8872-47ba-8ed7-03ce7aa8c238,"Discord, but for work and professional environments.",4,2025-08-12 10:49:37,,
b529629a-f027-43a1-9337-171eced79571,message are not getting delivered,1,2025-08-12 09:43:33,"Hi there, we're very sorry for the trouble with receiving messages. We recommend resetting the app's cache when you run into behavior like this. You can do so from the app's ""You"" tab > ""Preferences"". If you're still having trouble head to the ""You"" tab > ""Preferences"" > ""Send Feedback"" to flag this with our support team. We'll be happy to help!",2025-08-12 11:36:53
4827c82c-4613-467a-8af9-b516f309b815,Got invited into a workspace to participate in a group and immediately this app demands $20 per person per month. Its business plan is to use my own relationships to hold me hostage.,1,2025-08-12 05:56:15,,
9a787998-fbba-4cca-9612-1921eda673cf,One cannot see when a person will be back available by status time on app as well as view people associated with a given filter option is as well unavailable on Android . Please add these features to enhance user experience,3,2025-08-12 05:03:52,,
e4688962-de87-4fae-96c0-31ebab0aa77b,notifications don't work consistently,1,2025-08-11 19:55:23,"Please navigate to your app's ""You"" tab > ""Notifications"" > ""Troubleshoot Notifications"". Once the tests are complete, tap the three dots in the upper right corner of the screen and select ""Send Report"" to flag your results with our support team for further help.",2025-08-11 20:25:39
4e7786d7-bfab-4a48-b8aa-7be6c0f7ca05,"So much inferior to Discord in every way, from notifications to voice chats to organization of your conversations. I honestly don't know how this platform got this successful. It's marginally passable.",2,2025-08-11 17:30:27,,
a98bc14f-9c8b-4b64-a17d-1bcd37ab7048,Any app that harasses me to give ratings gets a 1,1,2025-08-11 15:02:43,,
4a39e5f1-89ee-4fc6-808d-f5e3e85fdecb,The messages don't get delivered when they are replied via pop up notifications and that's very important. It shows a message sent on the notification bar but when you open the app it says failed to send.,2,2025-08-11 14:21:09,"Please write into us at feedback@slack.com and our support team can troubleshoot this with your directly.

Best,",2025-08-11 15:00:31
01b510ee-21a9-4227-9a1d-7cff05f95c77,I think it's awesome there's a lot of people there to help you out when you need help I notice there's a lot of answers that are answered for me because I read almost all of them and noticed some of them answer questions I had that's very helpful thank you guys.,5,2025-08-11 12:42:26,,
fbb4aa82-1931-4bdc-8363-792edf9c2d34,Once again they've completely broken the frequently used emoji list,1,2025-08-11 08:00:00,"Hi there, we're very sorry for the trouble with frequently used emoji not showing the correct results. This is a bug on our end and our engineers are currently looking into it. Please accept our apologies for the inconvenience and reach out to us on feedback@slack.com if you need help with anything else in the meantime.",2025-08-11 10:31:00
e515f893-982a-434a-8a80-9e455750d728,The one thing that makes Slack stand out is their constant evolution. They keep on improving and adding new features.,5,2025-08-11 06:38:46,,
0d16857f-aeee-434e-b174-674bd6e57d1c,good,5,2025-08-11 05:52:25,,
89bbd9ff-ba40-42cb-8bf0-28cd46ce64d3,this has a lot of features,5,2025-08-11 03:56:07,,
af296ee3-9ddf-4692-a3b0-6ace68bc0896,"Not a fan of this app at all. It doesn't shut up. Even admin changing a setting notifies me. I get communication is fast via message boards, etc but it serves me no purpose. It should not be used for things when the same activity/action is available and built in a business app.",1,2025-08-11 00:43:48,"Hi Virginia, we're sorry to hear that you're getting a lot of unwanted notifications while using the Slack app. In case it helps, you can find more information on how to configure your app notifications here: https://slack.com/help/articles/201355156

If you have any trouble changing those notification settings, please reach out to us via feedba...",2025-08-11 02:11:10
b50c8f9c-48f4-4a4a-b49f-7241de189f4e,Slack has been fundamental for our social enterprise's success. Highly recommend over all other work communication software.,5,2025-08-10 20:22:52,,
aae086c7-fb77-4a92-9d68-493c97e5db66,"Great tool for work, sending important updates, reminders along with important posts. User-friendly indeed.",5,2025-08-10 16:24:54,,
d166a440-27a5-48a7-aadd-8f1838e12ee1,Really the standard for remote team comms,5,2025-08-10 07:46:53,,
cde260d2-c1d4-4665-a63f-dfe8d650b9cc,"Very cool, feature-rich, and useful app, but it could be faster. Maybe it's time to use AI to optimize it?",5,2025-08-09 21:11:39,,
8f502e82-1624-4697-89ae-0c68af2eabe8,Great App 👍🏻,5,2025-08-09 12:09:00,,
1e2d303f-3ae1-486f-b393-9e76bb645da4,bueno,5,2025-08-09 10:04:43,,
200061ac-dbe3-4ea8-92e6-904bdf072a93,great,5,2025-08-09 07:12:13,,
f0ef0f6e-50fe-4ddf-b0ff-668cbaf13d0b,"can't install the app, said I had an update but unable to update. so tried a fresh application can't get back in.",1,2025-08-09 04:31:24,"We'd be interested in hearing more about this issue. When you have a moment, please send an email to feedback@slack.com to flag this with our support team. We'll be happy to help!",2025-08-09 07:23:49
4546e49c-324a-42f3-b418-faf70bb68394,"Been using it for new job without issues last 3 months. 15 minutes ago, got an update via Google Play Store. Won't finish download (6 other apps updated w/o issue). Cleared data/cache, deleted, rebooted, tried new install. Stopped at 97% download. Won't install. Cleared Play Store data/cache, rebooted. Tried to download. 97% is as far as it goes. Can I please have the old...working...version back?",3,2025-08-09 03:06:38,"Although you cannot go back in time to get the older version of Slack, we are here to help you with the product. We'd be interested in hearing more about this issue. When you have a moment, please tap on your profile picture on the top of the screen > ""Preferences"" > ""Send Feedback"" to flag this with our support team and provide some logs we'll ...",2025-08-09 06:19:11
7dedbd8d-540a-4dbe-be57-01490809dc62,"Ask for a review, get one star.",1,2025-08-09 00:04:20,,
a279f219-fd82-412a-9975-1822379c780d,"I was unable to update the app. Then I uninstalled and attempted to redownload, and now the app cannot be downloaded.",1,2025-08-08 23:53:00,"We'd be interested in hearing more about this issue. When you have a moment, please tap on your profile picture on the top of the screen > ""Preferences"" > ""Send Feedback"" to flag this with our support team and provide some logs we'll need to investigate. We'll be happy to help!",2025-08-09 00:06:10
3acced8b-aabf-4099-87a7-6f6f59c0cb4d,"Great chat app. The absolute best changelogs in the whole app store! Edit: ""thumbs up"" and other frequently use emojis no longer appear in the ""most frequent"" or even ""frequent"" drop down lists. Edit: This problem resolved spontaneously today, with no apparent software update or change on my part. Thanks!",5,2025-08-08 21:39:58,"We'd be interested in hearing more about this issue. When you have a moment, please navigate to your app's ""You"" tab > ""Preferences"" > ""Send Feedback"" to flag this with our support team and provide some logs we'll need to investigate. We'll be happy to help!",2025-08-03 20:58:24
4d419773-7826-4453-b46a-a3a244b4d39d,"More than a communication app, slack is a synchronization point for multiple teams working on complex projects. Highly recommended for teams both large and smaller.",5,2025-08-08 18:32:06,,
593af265-fa8e-41e7-a0ef-e2f66b09e8cc,RAISE ME TO MY VICTORY ✌️🙌.,5,2025-08-08 11:37:00,,
fd1ee126-7df3-4343-9031-9da821aab093,"From my own experience, I'd say that this platform is very helpful for official use. the UI is very friendly and not complicated to use. there are some cool features too, like giving you an AI summary of a long conversation in a channel. very wonderful app, I'd say.",5,2025-08-08 09:02:19,,
30f10830-83f6-4246-9414-99c0c7e53c91,Fairly buggy and gets buggier over time.,3,2025-08-08 04:54:21,,
14094616-7c30-4028-80a3-f159a67f5564,Love the 'catch up' tool to view unread channels and threads,5,2025-08-08 03:09:03,,
139808df-0a59-497d-adc2-877bd4c5c602,"It's absolutely essential for diverse communication between management, office staff, and field personnel. The ability to ""huddle"" with staff over long distances for feedback and input on different projects is essential to effectively assess project equipment and budgetary needs.",5,2025-08-07 17:40:53,,
c69f237d-88b7-41ba-abce-b99b87333242,handy,5,2025-08-07 13:31:08,,
7220ebb6-b535-4b2c-9a3e-a31c02959a05,"The app is a lot lot better than the desktop. Though, the huddle/call function is constantly making unclickable notifications. I always get a problem where I join a call and then no one can hear me untill I leave and rejoin. Switching organisations takes ages. I wouldnt be using slack if it wasn't a standard. The desktop version You can genuinely 1 shot a better app with chef the convex AI app builder. Mobile/native team 5*, desktop team 1*",2,2025-08-07 13:06:48,"We'd be interested in hearing more about this issue. When you have a moment, please tap on your profile picture on the top of the screen > ""Preferences"" > ""Send Feedback"" to flag this with our support team and provide some logs we'll need to investigate. We'll be happy to help!",2025-08-07 13:10:33
51fca035-4b5f-4118-ac08-236a24ed4aa6,good app,5,2025-08-07 12:29:15,,
03ab9cd7-1155-4bd4-9c65-87e4d51dbe1c,Why do you need email confirmation every time I log in on a web browser?,1,2025-08-07 10:31:43,,
75f4d5a8-1df9-4324-897d-c4008e1fcca4,Still remains as the most versitle and simple to use messaging app in the market,5,2025-08-07 09:57:27,,
54f3482e-bbf4-45c5-a132-c03604b7de39,call keeps dropping when a screen is shared on mobile phone,3,2025-08-07 08:39:06,"Please write in to our support team at feedback@slack.com and we would be able to troubleshoot this with you directly.
Best,",2025-08-07 10:54:45
8d9ab84f-8b27-47c2-8782-2c7795aa02ab,😇 cool platform,5,2025-08-07 08:28:42,,
51beac16-f094-400a-b7b3-bd1309429ed3,it's annoying your boss calls you in midnight and the huddle sound still haunts me 🌝😂,3,2025-08-07 07:53:59,,
294850bd-1110-46d9-8b6c-fc79392973a5,great app for corporations,5,2025-08-07 05:55:52,,
00777385-0a57-4045-bbea-b99c02c747f9,"Works well, and makes it easy to collaborate with coworkers.",5,2025-08-07 03:05:57,,
708556e7-0621-45fd-a876-06df952fa3fd,Rock solid,5,2025-08-07 00:41:53,,
e9bf8cce-0b07-4e70-a9a7-31f27f5c7a8a,not now. im working,1,2025-08-06 22:52:56,"We'd be interested in hearing more about this issue. When you have a moment, please tap on your profile picture on the top of the screen > ""Preferences"" > ""Send Feedback"" to flag this with our support team and provide some logs we'll need to investigate. We'll be happy to help!",2025-08-06 23:05:31
c0dbb872-8504-4c1d-a7b3-1818d4c004d6,"love it, only like to have a mark as unread option for the conversation",5,2025-08-06 21:47:31,,
30ab350a-98ea-4fa3-86c7-0abed7dfbac6,Great communication app. Has a lot of features. Best for company group messages.,5,2025-08-06 20:05:14,,
0f057077-0f9e-4661-9bc1-a58f33629947,great except those really spammy apps and the fact that some say don't have publicity and they do.,4,2025-08-06 19:33:01,,
84153cfb-8c74-4cd7-b723-b4fcccbb9fdc,"The app no longer works on my Android 9 phone, even though it runs in Chrome. This is a horrible way to treat longtime, paying customers. We will be looking at alternatives, such as Mattermost.",1,2025-08-06 19:26:58,"Sorry to hear about the trouble! Slack recently deprecated certain older app versions. Devices must be running Android 10 or higher to install Slack, and only app versions above 24.03.10 can access Slack. https://slack.com/help/articles/1500001836081-Slack-support-lifecycle-for-operating-systems-app-versions-and-browsers#mobile-support-lifecycle",2025-08-06 19:35:45
e4af139e-9d87-4024-aeaf-1cf2a075b6f1,nice app,5,2025-08-06 17:35:59,,
61226461-eceb-4e7d-a6c0-33676fad535a,good but a little cluttered,4,2025-08-06 17:15:54,,
e6154c50-5c91-4f7a-bab5-528ac2721026,बढ़िया ऐप। सह कर्मियों से वार्त्तालाप करने में सहायक सिद्ध हुई। डेवलपर द्वारा उच्च कोटि का कार्य किया गया है,5,2025-08-06 15:45:40,,
c81095d0-ebf3-4a98-b95c-b0173584d7b5,Bad sound setup always releasing sound from different speaker,1,2025-08-06 15:13:59,"We're sorry for the trouble you're having here, Mohamed! If you write in to us at feedback@slack.com, we can investigate this further for you.",2025-08-06 19:08:51
ed77b557-0655-4c4e-869f-6c167df4e3f5,no predictive back gesture,3,2025-08-06 14:09:09,,
5073f061-146a-44b0-9d8c-d487de440e9d,"Constantly, having issues with it's connectivity and crashing",1,2025-08-06 12:25:54,"Sorry that you're having this experience. Please feel free to write to our support team at feedback@slack.com and we can troubleshoot this with you directly.
Best,",2025-08-06 12:31:38
