release_note_id,review_id,similarity,lcs_length,time_diff_days,release_note,review
slack-254,180ba52a-a21a-49bf-bfbb-0f29fe8a511d,0.5799671745300294,2,39,"Fixed: Attempting to change your notification settings for a specific channel would routinely fail. Not in an entertaining way, or the sort that teaches you something important on your way to greater heights. It just didn't do the thing it was designed to do. Sometimes misfortune carries with it no lesson. Anyway, it works again.",Notification settings never work properly
slack-251,1ab432fa-a383-47cf-a787-3f4aebf091c3,0.5317552634647915,2,191,"Fixed: Uploading a new profile picture was sometimes failing, leaving people stuck with their old ones like an unfortunate driver's license photo. Contrary to popular belief, we've never aspired for Slack to feel like going to the DMV, so retake that photo to your heart's content.",Profile picture never updates on this app.
slack-251,c5be5499-ec86-4581-b4ef-cdffc09019df,0.5189905643463135,2,29,"Fixed: Uploading a new profile picture was sometimes failing, leaving people stuck with their old ones like an unfortunate driver's license photo. Contrary to popular belief, we've never aspired for Slack to feel like going to the DMV, so retake that photo to your heart's content.",I'm not able to set my profile picture.
slack-254,a39f9632-641e-416f-9a65-8793df9595b6,0.4713375012079875,3,270,"Fixed: Attempting to change your notification settings for a specific channel would routinely fail. Not in an entertaining way, or the sort that teaches you something important on your way to greater heights. It just didn't do the thing it was designed to do. Sometimes misfortune carries with it no lesson. Anyway, it works again.","Installed to join a specific channel, but can't get to that channel. Can't get to any channels. Useless."
slack-252,180ba52a-a21a-49bf-bfbb-0f29fe8a511d,0.4628699111938477,1,53,"Fixed: On certain devices, tapping on a notification could lead to a weird state where backing out of a thread would always return you to that message from the notification you tapped. It was a phenomenon as confusing to witness as it is to explain, and we'll all be pleased to never have to experience it again.",Notification settings never work properly
slack-254,6b45f8e7-fd5f-4d88-97f4-b94262e68dba,0.45921564499537154,1,363,"Fixed: Attempting to change your notification settings for a specific channel would routinely fail. Not in an entertaining way, or the sort that teaches you something important on your way to greater heights. It just didn't do the thing it was designed to do. Sometimes misfortune carries with it no lesson. Anyway, it works again.",There notification system doesn't work correctly
slack-252,f6b5eaaf-5662-489a-a98e-d96fd5f94172,0.4361003227233887,2,182,"Fixed: On certain devices, tapping on a notification could lead to a weird state where backing out of a thread would always return you to that message from the notification you tapped. It was a phenomenon as confusing to witness as it is to explain, and we'll all be pleased to never have to experience it again.","A commonly occurring problem is that messages often show up in the notification bar, but won't show up once inside the app despite multiple refreshes."
slack-254,07672865-78cb-4c9d-a44f-a9ddd31786c7,0.4280311822891235,1,300,"Fixed: Attempting to change your notification settings for a specific channel would routinely fail. Not in an entertaining way, or the sort that teaches you something important on your way to greater heights. It just didn't do the thing it was designed to do. Sometimes misfortune carries with it no lesson. Anyway, it works again.",There is no notification on android device and can't see the message on time. Pathetic experience
slack-251,b5c768f1-4d2a-4022-b0fb-73ef00441476,0.4258072681427002,2,92,"Fixed: Uploading a new profile picture was sometimes failing, leaving people stuck with their old ones like an unfortunate driver's license photo. Contrary to popular belief, we've never aspired for Slack to feel like going to the DMV, so retake that photo to your heart's content.","Still unable to change profile picture with new update, which is the only reason I got the mobile app. Unsure why it was taken off."
slack-252,d2b5d44d-334e-402c-8981-369f2afa6fa8,0.4245642071184905,3,210,"Fixed: On certain devices, tapping on a notification could lead to a weird state where backing out of a thread would always return you to that message from the notification you tapped. It was a phenomenon as confusing to witness as it is to explain, and we'll all be pleased to never have to experience it again.",Bug . Open app from the notification bar. Type in reply. Press back. And its looping with the same screen and not getting exit.
slack-252,6f3447bb-74e3-48df-b045-89864a277e3c,0.42046654116023674,2,238,"Fixed: On certain devices, tapping on a notification could lead to a weird state where backing out of a thread would always return you to that message from the notification you tapped. It was a phenomenon as confusing to witness as it is to explain, and we'll all be pleased to never have to experience it again.",App will not send notifications for new messages unless you open the app (swiping the notification does nothing) and view every message.
slack-254,4a8b6b2d-9f2a-4770-8f93-1f97bfc2b80d,0.41900360697791694,1,118,"Fixed: Attempting to change your notification settings for a specific channel would routinely fail. Not in an entertaining way, or the sort that teaches you something important on your way to greater heights. It just didn't do the thing it was designed to do. Sometimes misfortune carries with it no lesson. Anyway, it works again.",You app doesn't even show notification. I missed so many important messages. Even after applying all settings this is not working.
slack-252,b04a4df9-84b2-4a41-8fe3-e4ed0247b046,0.4156574296951294,1,152,"Fixed: On certain devices, tapping on a notification could lead to a weird state where backing out of a thread would always return you to that message from the notification you tapped. It was a phenomenon as confusing to witness as it is to explain, and we'll all be pleased to never have to experience it again.",Notification issues are there often
slack-254,2821e7a3-a591-4eb6-86c9-5721618e3691,0.4139949401219686,1,178,"Fixed: Attempting to change your notification settings for a specific channel would routinely fail. Not in an entertaining way, or the sort that teaches you something important on your way to greater heights. It just didn't do the thing it was designed to do. Sometimes misfortune carries with it no lesson. Anyway, it works again.","Has got lot of bugs like loading failure, no notification, no refresh"
slack-252,d9cafaa0-306f-4515-8693-6b214c26188b,0.40562918186187746,1,50,"Fixed: On certain devices, tapping on a notification could lead to a weird state where backing out of a thread would always return you to that message from the notification you tapped. It was a phenomenon as confusing to witness as it is to explain, and we'll all be pleased to never have to experience it again.",Iam not recieving any notification. I uninstalled and installed again and now not able to login
slack-254,c1b0c853-bd29-4a3a-a9fa-c05490e76057,0.40560581824358777,1,41,"Fixed: Attempting to change your notification settings for a specific channel would routinely fail. Not in an entertaining way, or the sort that teaches you something important on your way to greater heights. It just didn't do the thing it was designed to do. Sometimes misfortune carries with it no lesson. Anyway, it works again.","Notification is not reliable. Sometimes it is late. Already lock in recent, disable battery optimization, allow startup"
slack-254,106ddcb7-3fd9-456a-98e8-8ea6668ca923,0.40496244322169916,1,353,"Fixed: Attempting to change your notification settings for a specific channel would routinely fail. Not in an entertaining way, or the sort that teaches you something important on your way to greater heights. It just didn't do the thing it was designed to do. Sometimes misfortune carries with it no lesson. Anyway, it works again.",Unresponsive. Notification comes very late after the message is actually received.
slack-254,1a69a22d-9828-4948-881b-9990b03bc109,0.40228816835503833,2,115,"Fixed: Attempting to change your notification settings for a specific channel would routinely fail. Not in an entertaining way, or the sort that teaches you something important on your way to greater heights. It just didn't do the thing it was designed to do. Sometimes misfortune carries with it no lesson. Anyway, it works again.",Lack of free version voice notes makes it a bit annoying but good app. Also needs more notification settings.
slack-254,f9ea1b57-5425-4790-834b-a1b9c23b552f,0.40209481875101727,1,160,"Fixed: Attempting to change your notification settings for a specific channel would routinely fail. Not in an entertaining way, or the sort that teaches you something important on your way to greater heights. It just didn't do the thing it was designed to do. Sometimes misfortune carries with it no lesson. Anyway, it works again.","Notification doesn't work properly sometimes. That's a problem in both android, website and desktop app."
slack-252,d36c8f21-6587-415a-8edf-955e9a695ba6,0.39790651191744886,2,199,"Fixed: On certain devices, tapping on a notification could lead to a weird state where backing out of a thread would always return you to that message from the notification you tapped. It was a phenomenon as confusing to witness as it is to explain, and we'll all be pleased to never have to experience it again.","Off lately, the messages will not be refreshed when the app is opened. I receive the notification and when I open it, the app will just not update the channel or DM. I have to either restart the phone or go on airplane mode for a while. It's made the app completely useless. It's the same with so many of my colleagues too."
slack-252,69d349b3-01dd-451e-8411-e495800d5f1c,0.39774760054607017,1,306,"Fixed: On certain devices, tapping on a notification could lead to a weird state where backing out of a thread would always return you to that message from the notification you tapped. It was a phenomenon as confusing to witness as it is to explain, and we'll all be pleased to never have to experience it again.","Notification system is toooo bad for this app. You didn't get notified as message arrive but as soon as you manually check the messages by opening the app and start reading those messages, then notification of those messages starts appearing one by one even though those messages are already read now."
slack-251,58e65aa7-ebb2-4644-b772-7a07e300b1b9,0.39756746255990233,1,230,"Fixed: Uploading a new profile picture was sometimes failing, leaving people stuck with their old ones like an unfortunate driver's license photo. Contrary to popular belief, we've never aspired for Slack to feel like going to the DMV, so retake that photo to your heart's content.",Why does slack take ages to load the dashboard? Why do I have both people I chatted up and people I viewed their profile in the same stack? It clutters the whole thing.
slack-252,2821e7a3-a591-4eb6-86c9-5721618e3691,0.3969626863797506,1,192,"Fixed: On certain devices, tapping on a notification could lead to a weird state where backing out of a thread would always return you to that message from the notification you tapped. It was a phenomenon as confusing to witness as it is to explain, and we'll all be pleased to never have to experience it again.","Has got lot of bugs like loading failure, no notification, no refresh"
slack-254,d2b5d44d-334e-402c-8981-369f2afa6fa8,0.3924211066702138,1,196,"Fixed: Attempting to change your notification settings for a specific channel would routinely fail. Not in an entertaining way, or the sort that teaches you something important on your way to greater heights. It just didn't do the thing it was designed to do. Sometimes misfortune carries with it no lesson. Anyway, it works again.",Bug . Open app from the notification bar. Type in reply. Press back. And its looping with the same screen and not getting exit.
slack-252,71a84c43-6ca6-4475-8d20-8dd522e4987a,0.3921639977839955,2,311,"Fixed: On certain devices, tapping on a notification could lead to a weird state where backing out of a thread would always return you to that message from the notification you tapped. It was a phenomenon as confusing to witness as it is to explain, and we'll all be pleased to never have to experience it again.","Notifications frequently do not show up. I had to set a periodic alarm to check for new posts. DMs and chats are listed alphabetically on the home page, not chrono. If you want to see them chrono, you have to tap a different page. If you read a message in the app or through the web without tapping the notification on your phone, the notification stays. One more little thing: when you're done typing, the 'back' arrow in the top left does not go back! It closes the keyboard first"
slack-252,4a8b6b2d-9f2a-4770-8f93-1f97bfc2b80d,0.3918966781525385,1,132,"Fixed: On certain devices, tapping on a notification could lead to a weird state where backing out of a thread would always return you to that message from the notification you tapped. It was a phenomenon as confusing to witness as it is to explain, and we'll all be pleased to never have to experience it again.",You app doesn't even show notification. I missed so many important messages. Even after applying all settings this is not working.
slack-254,6d3417b1-7c81-4b62-9b71-ef095d46aee5,0.38736583391825363,2,4,"Fixed: Attempting to change your notification settings for a specific channel would routinely fail. Not in an entertaining way, or the sort that teaches you something important on your way to greater heights. It just didn't do the thing it was designed to do. Sometimes misfortune carries with it no lesson. Anyway, it works again.","It's still giving me an ""unable to update notification settings"" error after I gave the app unrestricted battery usage. I did the troubleshooting but it can't seem to find the error. I've double checked all the settings I can find, maybe there's some kind of incompatibility going on?"
slack-252,f19669eb-8c7c-41c7-87d4-5076358ce493,0.38386182261676327,2,265,"Fixed: On certain devices, tapping on a notification could lead to a weird state where backing out of a thread would always return you to that message from the notification you tapped. It was a phenomenon as confusing to witness as it is to explain, and we'll all be pleased to never have to experience it again.","Worst app. I need to force close it to load new messages although it shows that there is a new message and send a notification. Unusable. Also, now when you just view a profile, it opens a conversation with this user. "
slack-254,84bb6d70-9b79-4966-818a-926afe8596ff,0.38220602444240026,1,300,"Fixed: Attempting to change your notification settings for a specific channel would routinely fail. Not in an entertaining way, or the sort that teaches you something important on your way to greater heights. It just didn't do the thing it was designed to do. Sometimes misfortune carries with it no lesson. Anyway, it works again.","Facing Issue with notifications ,Slack is not sending me any notification on my phone"
slack-254,68d3d50e-007b-42cb-ba77-e2fd1594d2c6,0.3814634368337434,1,356,"Fixed: Attempting to change your notification settings for a specific channel would routinely fail. Not in an entertaining way, or the sort that teaches you something important on your way to greater heights. It just didn't do the thing it was designed to do. Sometimes misfortune carries with it no lesson. Anyway, it works again.",I just updated the app and my slack notification tone keep ringing every few seconds even though there is no new message. If it ain't broken don't fix it .
slack-254,f6b5eaaf-5662-489a-a98e-d96fd5f94172,0.38036042785644536,1,168,"Fixed: Attempting to change your notification settings for a specific channel would routinely fail. Not in an entertaining way, or the sort that teaches you something important on your way to greater heights. It just didn't do the thing it was designed to do. Sometimes misfortune carries with it no lesson. Anyway, it works again.","A commonly occurring problem is that messages often show up in the notification bar, but won't show up once inside the app despite multiple refreshes."
slack-249,dc5c9714-1e29-44a0-a0fa-1aefd860cd4f,0.37929178162624966,1,241,"A little reminder as you go about your day: The world is a more unique place simply because you're a part of it, and you've impacted others in ways you can't imagine. Oh, and no big changes to the app this time. Happy messaging.",Trash. Clueless designers making the experience worse and worse with every update just for the sake of change. Reminder.
slack-254,eec909e3-7ba7-48c6-a5d1-1c023c1f6da6,0.37847201426823934,1,248,"Fixed: Attempting to change your notification settings for a specific channel would routinely fail. Not in an entertaining way, or the sort that teaches you something important on your way to greater heights. It just didn't do the thing it was designed to do. Sometimes misfortune carries with it no lesson. Anyway, it works again.",Notification for downloading complete for apk file performs no action on tapping.
slack-254,69d349b3-01dd-451e-8411-e495800d5f1c,0.37049084948558436,1,292,"Fixed: Attempting to change your notification settings for a specific channel would routinely fail. Not in an entertaining way, or the sort that teaches you something important on your way to greater heights. It just didn't do the thing it was designed to do. Sometimes misfortune carries with it no lesson. Anyway, it works again.","Notification system is toooo bad for this app. You didn't get notified as message arrive but as soon as you manually check the messages by opening the app and start reading those messages, then notification of those messages starts appearing one by one even though those messages are already read now."
slack-254,d4270e42-4036-4a0a-87f8-8aed72cafcc8,0.3682463357665322,1,111,"Fixed: Attempting to change your notification settings for a specific channel would routinely fail. Not in an entertaining way, or the sort that teaches you something important on your way to greater heights. It just didn't do the thing it was designed to do. Sometimes misfortune carries with it no lesson. Anyway, it works again.",The design makes no sense. The whole idea of a 100 different channels for the same group is dumb. There's a reason why all other chat apps are designed differently. And the fact that the notification system is so complicated that you can only get notified of someone tags the channel. I have no words dumbest UI ever created. No idea how it could become so popular
slack-254,1bb3663f-fe59-4282-9c20-3d3a5617983d,0.36428301447913763,1,180,"Fixed: Attempting to change your notification settings for a specific channel would routinely fail. Not in an entertaining way, or the sort that teaches you something important on your way to greater heights. It just didn't do the thing it was designed to do. Sometimes misfortune carries with it no lesson. Anyway, it works again.","Notification problem ,i am not reciving a single Notification from anyone and many of my work get delayed bcz of that."
slack-254,c51f2c0f-1a8a-4ec9-bca1-d69409559a61,0.363365217886473,2,290,"Fixed: Attempting to change your notification settings for a specific channel would routinely fail. Not in an entertaining way, or the sort that teaches you something important on your way to greater heights. It just didn't do the thing it was designed to do. Sometimes misfortune carries with it no lesson. Anyway, it works again.","I never get notifications, even with the desktop app installed (PC), mobile app (Android). and all notification settings set to ON via email, desktop, and mobile for every single message. For me, no notifications makes it practically unusable."
slack-254,5237a577-c003-4626-a019-e55508e4f0a4,0.36126125061765635,2,59,"Fixed: Attempting to change your notification settings for a specific channel would routinely fail. Not in an entertaining way, or the sort that teaches you something important on your way to greater heights. It just didn't do the thing it was designed to do. Sometimes misfortune carries with it no lesson. Anyway, it works again.","Android app is unbearable, plenty of times I made sure that I have all the notification settings turned on and not a single notification appears. This is a very serious bug considering that this is a app that most people uses for work and not for fun"
slack-252,8a917f6d-3186-4ca4-afb9-8229c9e7435e,0.3010893842007252,2,177,"Fixed: On certain devices, tapping on a notification could lead to a weird state where backing out of a thread would always return you to that message from the notification you tapped. It was a phenomenon as confusing to witness as it is to explain, and we'll all be pleased to never have to experience it again.",I successfully used Slack on my phone for over a year. Then I got the notification that I can no longer use it on my device. This is very disappointing. An app forcing me to buy a new device feels like it's really the wrong way round.
slack-252,5b283614-1d8f-4180-83ba-84dd838c8f65,0.28340127457652176,2,222,"Fixed: On certain devices, tapping on a notification could lead to a weird state where backing out of a thread would always return you to that message from the notification you tapped. It was a phenomenon as confusing to witness as it is to explain, and we'll all be pleased to never have to experience it again.","It was all good until today. I'm now getting a notification saying that the Android version on my phone is no longer supported and doesn't allow me to use the app at all. This is completely unacceptable. Should everybody now with an older version of Android (and unfortunately updates are no longer released by the manufacturer) change the phone itself to use Slack.? Every other app works fine on my phone, why not Slack.?"
slack-254,7584b244-de7a-4392-9bcf-cec90a0725b9,0.2821523462023054,1,292,"Fixed: Attempting to change your notification settings for a specific channel would routinely fail. Not in an entertaining way, or the sort that teaches you something important on your way to greater heights. It just didn't do the thing it was designed to do. Sometimes misfortune carries with it no lesson. Anyway, it works again.",Barely functional. Calling experience is not good.
slack-254,d4849fce-27cf-4f84-967e-c4a2fc64a0b5,0.26640213012695313,1,13,"Fixed: Attempting to change your notification settings for a specific channel would routinely fail. Not in an entertaining way, or the sort that teaches you something important on your way to greater heights. It just didn't do the thing it was designed to do. Sometimes misfortune carries with it no lesson. Anyway, it works again.","Bad app , not working anymore"
slack-252,209b1760-88a1-4b45-ad18-345c1514d761,0.2578914642333984,2,262,"Fixed: On certain devices, tapping on a notification could lead to a weird state where backing out of a thread would always return you to that message from the notification you tapped. It was a phenomenon as confusing to witness as it is to explain, and we'll all be pleased to never have to experience it again.",Displays the incorrect count of notifications on a channel if a recent @here message comes in
slack-254,ce02621c-317a-49fa-814a-d14582d610b0,0.2564016257013594,1,228,"Fixed: Attempting to change your notification settings for a specific channel would routinely fail. Not in an entertaining way, or the sort that teaches you something important on your way to greater heights. It just didn't do the thing it was designed to do. Sometimes misfortune carries with it no lesson. Anyway, it works again.",Not able to use over 4g network.
slack-254,279ee859-d35d-4431-8fb1-95602b363e1e,0.2552052895228068,1,335,"Fixed: Attempting to change your notification settings for a specific channel would routinely fail. Not in an entertaining way, or the sort that teaches you something important on your way to greater heights. It just didn't do the thing it was designed to do. Sometimes misfortune carries with it no lesson. Anyway, it works again.",Difficult to use on multiple devices.
slack-254,b671709c-e34c-4f89-83b1-35576d420159,0.254153745174408,1,9,"Fixed: Attempting to change your notification settings for a specific channel would routinely fail. Not in an entertaining way, or the sort that teaches you something important on your way to greater heights. It just didn't do the thing it was designed to do. Sometimes misfortune carries with it no lesson. Anyway, it works again.",Am unable to login SOS
slack-251,3678c5d9-91fd-4d40-8ed6-8f1dfdf89cdd,0.2532890833341158,2,11,"Fixed: Uploading a new profile picture was sometimes failing, leaving people stuck with their old ones like an unfortunate driver's license photo. Contrary to popular belief, we've never aspired for Slack to feel like going to the DMV, so retake that photo to your heart's content.",Unable to login. It keeps throwing me back to the get started screen
slack-254,edd9cdee-da8b-4a9e-805e-938a20faaa51,0.2525338101387024,1,178,"Fixed: Attempting to change your notification settings for a specific channel would routinely fail. Not in an entertaining way, or the sort that teaches you something important on your way to greater heights. It just didn't do the thing it was designed to do. Sometimes misfortune carries with it no lesson. Anyway, it works again.",Its not functioning at all.
slack-254,913da17c-43b3-4259-998e-0947fa635cd7,0.2518704806055342,1,208,"Fixed: Attempting to change your notification settings for a specific channel would routinely fail. Not in an entertaining way, or the sort that teaches you something important on your way to greater heights. It just didn't do the thing it was designed to do. Sometimes misfortune carries with it no lesson. Anyway, it works again.",Not able to install slack on mymobile
slack-254,a3c2e6e3-cfe3-4cd8-99e3-4db6a2284102,0.2518129634857178,1,254,"Fixed: Attempting to change your notification settings for a specific channel would routinely fail. Not in an entertaining way, or the sort that teaches you something important on your way to greater heights. It just didn't do the thing it was designed to do. Sometimes misfortune carries with it no lesson. Anyway, it works again.",Always buggin and not working
slack-252,c1b0c853-bd29-4a3a-a9fa-c05490e76057,0.2514398126041188,2,55,"Fixed: On certain devices, tapping on a notification could lead to a weird state where backing out of a thread would always return you to that message from the notification you tapped. It was a phenomenon as confusing to witness as it is to explain, and we'll all be pleased to never have to experience it again.","Notification is not reliable. Sometimes it is late. Already lock in recent, disable battery optimization, allow startup"
slack-254,ccb9cd6b-6a9e-44fe-8cae-e6a3fb102f26,0.2510004554476057,1,333,"Fixed: Attempting to change your notification settings for a specific channel would routinely fail. Not in an entertaining way, or the sort that teaches you something important on your way to greater heights. It just didn't do the thing it was designed to do. Sometimes misfortune carries with it no lesson. Anyway, it works again.",Abit too difficult to use for newcomers.
slack-254,17bf1922-def9-4ba0-9eb2-62ab4684af31,0.24946049928665165,1,53,"Fixed: Attempting to change your notification settings for a specific channel would routinely fail. Not in an entertaining way, or the sort that teaches you something important on your way to greater heights. It just didn't do the thing it was designed to do. Sometimes misfortune carries with it no lesson. Anyway, it works again.",Unable to install the app
slack-254,7acda091-3fcb-41dc-9dc7-6c03827c6598,0.24898666484015328,1,234,"Fixed: Attempting to change your notification settings for a specific channel would routinely fail. Not in an entertaining way, or the sort that teaches you something important on your way to greater heights. It just didn't do the thing it was designed to do. Sometimes misfortune carries with it no lesson. Anyway, it works again.",Very bad interface and is not responsive.
slack-252,995db925-ddd5-4d77-a360-f2e1bc9a8f98,0.24650204522269112,1,354,"Fixed: On certain devices, tapping on a notification could lead to a weird state where backing out of a thread would always return you to that message from the notification you tapped. It was a phenomenon as confusing to witness as it is to explain, and we'll all be pleased to never have to experience it again.",The app stopped connecting and updating yesterday.
slack-251,40f4d9c6-3adb-45d3-b5ff-2f82cb4e13db,0.2457937526702881,1,278,"Fixed: Uploading a new profile picture was sometimes failing, leaving people stuck with their old ones like an unfortunate driver's license photo. Contrary to popular belief, we've never aspired for Slack to feel like going to the DMV, so retake that photo to your heart's content.",The dumbest app ever used
slack-252,13255050-cac3-46bd-9181-7da6d9474e98,0.24461842060089115,2,307,"Fixed: On certain devices, tapping on a notification could lead to a weird state where backing out of a thread would always return you to that message from the notification you tapped. It was a phenomenon as confusing to witness as it is to explain, and we'll all be pleased to never have to experience it again.",Got stuck on a screen and the app become unusable
slack-251,b671709c-e34c-4f89-83b1-35576d420159,0.24320946216583256,1,23,"Fixed: Uploading a new profile picture was sometimes failing, leaving people stuck with their old ones like an unfortunate driver's license photo. Contrary to popular belief, we've never aspired for Slack to feel like going to the DMV, so retake that photo to your heart's content.",Am unable to login SOS
slack-254,af33ddd6-39a7-41c0-a5b3-d89dcda6c5eb,0.24175706386566165,1,299,"Fixed: Attempting to change your notification settings for a specific channel would routinely fail. Not in an entertaining way, or the sort that teaches you something important on your way to greater heights. It just didn't do the thing it was designed to do. Sometimes misfortune carries with it no lesson. Anyway, it works again.",Muddled organization. Difficult to navigate.
slack-252,a3c2e6e3-cfe3-4cd8-99e3-4db6a2284102,0.2413256096839905,1,268,"Fixed: On certain devices, tapping on a notification could lead to a weird state where backing out of a thread would always return you to that message from the notification you tapped. It was a phenomenon as confusing to witness as it is to explain, and we'll all be pleased to never have to experience it again.",Always buggin and not working
slack-251,2335c4b8-5d5d-4308-848e-fee0e6a32bfa,0.24096002578735354,1,213,"Fixed: Uploading a new profile picture was sometimes failing, leaving people stuck with their old ones like an unfortunate driver's license photo. Contrary to popular belief, we've never aspired for Slack to feel like going to the DMV, so retake that photo to your heart's content.",Too many steps just to open app. Annoying
slack-254,15fffed8-f6e4-4c7d-864b-88a09456a1f0,0.24092503786087038,1,362,"Fixed: Attempting to change your notification settings for a specific channel would routinely fail. Not in an entertaining way, or the sort that teaches you something important on your way to greater heights. It just didn't do the thing it was designed to do. Sometimes misfortune carries with it no lesson. Anyway, it works again.",Does not work lol. Stuck on splash screen
slack-254,4ea4f34b-2ce5-4610-be1e-470e441b3dab,0.24064904621669225,1,12,"Fixed: Attempting to change your notification settings for a specific channel would routinely fail. Not in an entertaining way, or the sort that teaches you something important on your way to greater heights. It just didn't do the thing it was designed to do. Sometimes misfortune carries with it no lesson. Anyway, it works again.","Not reliable, frequent crashes and not working in way a business application should do."
slack-254,1d4bd5d4-fb33-4b3e-86de-e77c58d8c7fd,0.24026543299357095,1,362,"Fixed: Attempting to change your notification settings for a specific channel would routinely fail. Not in an entertaining way, or the sort that teaches you something important on your way to greater heights. It just didn't do the thing it was designed to do. Sometimes misfortune carries with it no lesson. Anyway, it works again.",Poor notifications and crashes a ton.
slack-254,c8ed8eed-ef6b-462d-ae17-681a0e01ae21,0.23862295945485434,1,208,"Fixed: Attempting to change your notification settings for a specific channel would routinely fail. Not in an entertaining way, or the sort that teaches you something important on your way to greater heights. It just didn't do the thing it was designed to do. Sometimes misfortune carries with it no lesson. Anyway, it works again.",Unable to connect to slack.... Getting this version is not supported error.
slack-254,9a26be5e-7a0d-4353-8a0b-e8507b058443,0.23542230367660524,1,14,"Fixed: Attempting to change your notification settings for a specific channel would routinely fail. Not in an entertaining way, or the sort that teaches you something important on your way to greater heights. It just didn't do the thing it was designed to do. Sometimes misfortune carries with it no lesson. Anyway, it works again.",There are no notifications for an app designed for communication.
slack-254,848fba95-62a9-4d1c-b43a-43ee30a63488,0.23507920900980633,1,194,"Fixed: Attempting to change your notification settings for a specific channel would routinely fail. Not in an entertaining way, or the sort that teaches you something important on your way to greater heights. It just didn't do the thing it was designed to do. Sometimes misfortune carries with it no lesson. Anyway, it works again.",There is a problem with notifications
slack-251,913da17c-43b3-4259-998e-0947fa635cd7,0.2344739590372358,1,222,"Fixed: Uploading a new profile picture was sometimes failing, leaving people stuck with their old ones like an unfortunate driver's license photo. Contrary to popular belief, we've never aspired for Slack to feel like going to the DMV, so retake that photo to your heart's content.",Not able to install slack on mymobile
slack-254,73bf2016-2d2d-4265-aec5-19cf782abf05,0.23386834008353097,1,11,"Fixed: Attempting to change your notification settings for a specific channel would routinely fail. Not in an entertaining way, or the sort that teaches you something important on your way to greater heights. It just didn't do the thing it was designed to do. Sometimes misfortune carries with it no lesson. Anyway, it works again.","Slow, buggy and just pointless to use"
slack-251,1f9745d6-dba3-4a41-ad89-e5150c45be58,0.2335087219874064,1,360,"Fixed: Uploading a new profile picture was sometimes failing, leaving people stuck with their old ones like an unfortunate driver's license photo. Contrary to popular belief, we've never aspired for Slack to feel like going to the DMV, so retake that photo to your heart's content.","Glithes, slow, the worst voice quality"
slack-251,9b7f9249-dfe2-447c-a818-5794073c71bc,0.23330045223236087,1,81,"Fixed: Uploading a new profile picture was sometimes failing, leaving people stuck with their old ones like an unfortunate driver's license photo. Contrary to popular belief, we've never aspired for Slack to feel like going to the DMV, so retake that photo to your heart's content.",Cannot copy messages to clipboard! 
slack-254,a1d800d2-06a9-41a1-8f5e-ab57bbfa9b74,0.23216714007513864,1,34,"Fixed: Attempting to change your notification settings for a specific channel would routinely fail. Not in an entertaining way, or the sort that teaches you something important on your way to greater heights. It just didn't do the thing it was designed to do. Sometimes misfortune carries with it no lesson. Anyway, it works again.",Unable to get to my channels anymore.
slack-252,1aeac7d8-fc89-418d-ab99-f0216317253c,0.23194699287414552,1,313,"Fixed: On certain devices, tapping on a notification could lead to a weird state where backing out of a thread would always return you to that message from the notification you tapped. It was a phenomenon as confusing to witness as it is to explain, and we'll all be pleased to never have to experience it again.",Too many bugs: Call button shows always even after disconnecting and status indicator also not accurate
slack-254,d4a11ea0-625e-4527-8ec6-be7e33ecabae,0.23158063093821207,1,13,"Fixed: Attempting to change your notification settings for a specific channel would routinely fail. Not in an entertaining way, or the sort that teaches you something important on your way to greater heights. It just didn't do the thing it was designed to do. Sometimes misfortune carries with it no lesson. Anyway, it works again.",Unreliable in more ways than one.
slack-254,00e2e5bb-2cb4-4337-88e4-1d95a76e562a,0.2309462298046459,1,279,"Fixed: Attempting to change your notification settings for a specific channel would routinely fail. Not in an entertaining way, or the sort that teaches you something important on your way to greater heights. It just didn't do the thing it was designed to do. Sometimes misfortune carries with it no lesson. Anyway, it works again.",Unreliable. Won't show some messages. Navigation breaks from time to time.
slack-254,09b27a73-eb2e-4460-a632-64d9fd4abbc9,0.2308811102594648,1,253,"Fixed: Attempting to change your notification settings for a specific channel would routinely fail. Not in an entertaining way, or the sort that teaches you something important on your way to greater heights. It just didn't do the thing it was designed to do. Sometimes misfortune carries with it no lesson. Anyway, it works again.",Notifications don't work and nothing fixes it.
slack-254,44ff4c00-18a0-479b-8f0d-986e02f587c1,0.23073999881744384,1,159,"Fixed: Attempting to change your notification settings for a specific channel would routinely fail. Not in an entertaining way, or the sort that teaches you something important on your way to greater heights. It just didn't do the thing it was designed to do. Sometimes misfortune carries with it no lesson. Anyway, it works again.",Keyboard always dissapears (impossible to write a message
slack-251,8ed03a11-8551-4c38-ac6f-da87b8fa7cd7,0.22959707180658978,1,39,"Fixed: Uploading a new profile picture was sometimes failing, leaving people stuck with their old ones like an unfortunate driver's license photo. Contrary to popular belief, we've never aspired for Slack to feel like going to the DMV, so retake that photo to your heart's content.",Complex to login to official site
slack-251,9eb5da83-6367-41db-b3c0-b6a81256fb00,0.22930751187460763,1,92,"Fixed: Uploading a new profile picture was sometimes failing, leaving people stuck with their old ones like an unfortunate driver's license photo. Contrary to popular belief, we've never aspired for Slack to feel like going to the DMV, so retake that photo to your heart's content.",Couldn't sign in to my company's website
slack-251,beaa74cc-0e31-46a2-bbdf-cc0b3f117f1f,0.22848049742834908,1,189,"Fixed: Uploading a new profile picture was sometimes failing, leaving people stuck with their old ones like an unfortunate driver's license photo. Contrary to popular belief, we've never aspired for Slack to feel like going to the DMV, so retake that photo to your heart's content.",Unable to download it on my phone
slack-252,03de44f5-26ba-45f7-ba02-a4a2e1f69dc8,0.2283344912528992,1,123,"Fixed: On certain devices, tapping on a notification could lead to a weird state where backing out of a thread would always return you to that message from the notification you tapped. It was a phenomenon as confusing to witness as it is to explain, and we'll all be pleased to never have to experience it again.",Channels get lost from workspaces
slack-251,a479c9e1-4807-4183-a43d-56ca3e6e3b90,0.22832180738449098,1,17,"Fixed: Uploading a new profile picture was sometimes failing, leaving people stuck with their old ones like an unfortunate driver's license photo. Contrary to popular belief, we've never aspired for Slack to feel like going to the DMV, so retake that photo to your heart's content.",The app is very slow.
slack-254,9d4bc066-f00b-4ebd-9d2c-7aba50206e6a,0.22825790882110597,1,234,"Fixed: Attempting to change your notification settings for a specific channel would routinely fail. Not in an entertaining way, or the sort that teaches you something important on your way to greater heights. It just didn't do the thing it was designed to do. Sometimes misfortune carries with it no lesson. Anyway, it works again.",- Conflict with desktop app - bad UI - notifications not works properly
slack-254,2631b483-3b74-4124-b0d5-0fa3819575ee,0.22778367201487226,1,348,"Fixed: Attempting to change your notification settings for a specific channel would routinely fail. Not in an entertaining way, or the sort that teaches you something important on your way to greater heights. It just didn't do the thing it was designed to do. Sometimes misfortune carries with it no lesson. Anyway, it works again.",There's huge delay in message receiption.
slack-254,71b4452a-abbb-4deb-8790-d155ae8fe2c7,0.2277498271730211,1,278,"Fixed: Attempting to change your notification settings for a specific channel would routinely fail. Not in an entertaining way, or the sort that teaches you something important on your way to greater heights. It just didn't do the thing it was designed to do. Sometimes misfortune carries with it no lesson. Anyway, it works again.",an useless app doesn't work with mobile data networks
slack-252,c0112182-669b-4571-918a-118018a8c3ee,0.22771868705749512,1,340,"Fixed: On certain devices, tapping on a notification could lead to a weird state where backing out of a thread would always return you to that message from the notification you tapped. It was a phenomenon as confusing to witness as it is to explain, and we'll all be pleased to never have to experience it again.",App just stopped working...can't send messages...can't connect to other workspace. Message history won't load
slack-252,c38b814c-17b0-41e0-bf1f-9492e24e75db,0.22635631901877268,1,306,"Fixed: On certain devices, tapping on a notification could lead to a weird state where backing out of a thread would always return you to that message from the notification you tapped. It was a phenomenon as confusing to witness as it is to explain, and we'll all be pleased to never have to experience it again.",Unable to install. Showing pending for long
slack-254,9388f860-cd52-4a9d-b8e1-9bf10ce0d533,0.226280411084493,1,291,"Fixed: Attempting to change your notification settings for a specific channel would routinely fail. Not in an entertaining way, or the sort that teaches you something important on your way to greater heights. It just didn't do the thing it was designed to do. Sometimes misfortune carries with it no lesson. Anyway, it works again.",Does not work anymore. Crash to home screen with no error / message.
slack-252,7b149dee-bbca-4105-86c4-ff126afc946a,0.22624446458594744,2,26,"Fixed: On certain devices, tapping on a notification could lead to a weird state where backing out of a thread would always return you to that message from the notification you tapped. It was a phenomenon as confusing to witness as it is to explain, and we'll all be pleased to never have to experience it again.","For those having issues after upgrading your phone. Delete the app. Clear your cache, and reinstall. My pixel 6 would error out when logging in with SSO until I did that. Seems like an issue with transferring your data to a new phone."
slack-251,8d9e894e-fc21-4d90-8858-09d133869885,0.22604806763785226,1,233,"Fixed: Uploading a new profile picture was sometimes failing, leaving people stuck with their old ones like an unfortunate driver's license photo. Contrary to popular belief, we've never aspired for Slack to feel like going to the DMV, so retake that photo to your heart's content.",Can't remove a member in mobile app.
slack-252,1c2ab340-2b9b-4d37-a0f5-3c044c12bcce,0.22571013041904994,1,222,"Fixed: On certain devices, tapping on a notification could lead to a weird state where backing out of a thread would always return you to that message from the notification you tapped. It was a phenomenon as confusing to witness as it is to explain, and we'll all be pleased to never have to experience it again.",Unable to use slack since last update. Message pop-up within app indicates that an update is needed but when you click the message there are no updates available. Pop-up message cannot be dismissed
slack-251,1e93b57c-5d65-437b-9d41-571d94406dd7,0.2255012768965501,1,173,"Fixed: Uploading a new profile picture was sometimes failing, leaving people stuck with their old ones like an unfortunate driver's license photo. Contrary to popular belief, we've never aspired for Slack to feel like going to the DMV, so retake that photo to your heart's content.",Every time I try to upload a video on the phone it crashes...
slack-251,dc796a37-02f8-4b10-9f72-e1a4b773f76b,0.22475605425627337,2,354,"Fixed: Uploading a new profile picture was sometimes failing, leaving people stuck with their old ones like an unfortunate driver's license photo. Contrary to popular belief, we've never aspired for Slack to feel like going to the DMV, so retake that photo to your heart's content.",App gets confused and shows you the messages from the wrong channel all the time! Why does a conversation with someone disappear from the list of conversations just because there is a new message? Just highlight it or display it in both the unread and the normal location. Removing it from the convo list is just confusing!
slack-254,7a7ee6e2-f53a-472e-83bb-a47f8e5d183b,0.22473746776580814,1,175,"Fixed: Attempting to change your notification settings for a specific channel would routinely fail. Not in an entertaining way, or the sort that teaches you something important on your way to greater heights. It just didn't do the thing it was designed to do. Sometimes misfortune carries with it no lesson. Anyway, it works again.",This app has one job and it cannot do it
slack-254,d36c8f21-6587-415a-8edf-955e9a695ba6,0.22470966772599657,2,185,"Fixed: Attempting to change your notification settings for a specific channel would routinely fail. Not in an entertaining way, or the sort that teaches you something important on your way to greater heights. It just didn't do the thing it was designed to do. Sometimes misfortune carries with it no lesson. Anyway, it works again.","Off lately, the messages will not be refreshed when the app is opened. I receive the notification and when I open it, the app will just not update the channel or DM. I have to either restart the phone or go on airplane mode for a while. It's made the app completely useless. It's the same with so many of my colleagues too."
slack-251,b8f21260-618e-48c8-b362-3bb007829adb,0.2243638896942139,1,243,"Fixed: Uploading a new profile picture was sometimes failing, leaving people stuck with their old ones like an unfortunate driver's license photo. Contrary to popular belief, we've never aspired for Slack to feel like going to the DMV, so retake that photo to your heart's content.","Kept on crashing when trying to open, had to reinstall"
slack-254,e5f60835-c4c4-4c82-8d64-2106b683f089,0.22429652690887453,1,356,"Fixed: Attempting to change your notification settings for a specific channel would routinely fail. Not in an entertaining way, or the sort that teaches you something important on your way to greater heights. It just didn't do the thing it was designed to do. Sometimes misfortune carries with it no lesson. Anyway, it works again.",Screen stutters for no reason?
slack-254,125f27e8-ea4c-4a77-89f1-69ee73c2b06b,0.22374756813049318,1,123,"Fixed: Attempting to change your notification settings for a specific channel would routinely fail. Not in an entertaining way, or the sort that teaches you something important on your way to greater heights. It just didn't do the thing it was designed to do. Sometimes misfortune carries with it no lesson. Anyway, it works again.",Lot of problems on Samsung
slack-251,4ea4f34b-2ce5-4610-be1e-470e441b3dab,0.22358244827815466,1,26,"Fixed: Uploading a new profile picture was sometimes failing, leaving people stuck with their old ones like an unfortunate driver's license photo. Contrary to popular belief, we've never aspired for Slack to feel like going to the DMV, so retake that photo to your heart's content.","Not reliable, frequent crashes and not working in way a business application should do."
slack-252,17bf1922-def9-4ba0-9eb2-62ab4684af31,0.22346418380737307,1,67,"Fixed: On certain devices, tapping on a notification could lead to a weird state where backing out of a thread would always return you to that message from the notification you tapped. It was a phenomenon as confusing to witness as it is to explain, and we'll all be pleased to never have to experience it again.",Unable to install the app
slack-254,daf9338d-7c22-42cd-ad0a-fe621f1b3196,0.2234510053287853,1,158,"Fixed: Attempting to change your notification settings for a specific channel would routinely fail. Not in an entertaining way, or the sort that teaches you something important on your way to greater heights. It just didn't do the thing it was designed to do. Sometimes misfortune carries with it no lesson. Anyway, it works again.",Sound notifications don't work for many xiaomi users. Useless on mobile.
slack-251,13691dd5-f18e-49f7-9af1-5d619fb99564,0.2233094085346569,1,190,"Fixed: Uploading a new profile picture was sometimes failing, leaving people stuck with their old ones like an unfortunate driver's license photo. Contrary to popular belief, we've never aspired for Slack to feel like going to the DMV, so retake that photo to your heart's content.",Sometimes images don't send. And error doesn't get away any more
slack-251,ca588807-626a-497e-b92c-dbeb779d5de0,0.2232746212106002,1,37,"Fixed: Uploading a new profile picture was sometimes failing, leaving people stuck with their old ones like an unfortunate driver's license photo. Contrary to popular belief, we've never aspired for Slack to feel like going to the DMV, so retake that photo to your heart's content.","Stupid app, stupid magic link and stupid email confirmation, I couldn't log in so I deleted it, good riddance!"
slack-254,995db925-ddd5-4d77-a360-f2e1bc9a8f98,0.22278011185782295,1,340,"Fixed: Attempting to change your notification settings for a specific channel would routinely fail. Not in an entertaining way, or the sort that teaches you something important on your way to greater heights. It just didn't do the thing it was designed to do. Sometimes misfortune carries with it no lesson. Anyway, it works again.",The app stopped connecting and updating yesterday.
slack-254,75184ea5-5378-4ccc-9d76-dfe232fea91d,0.22224251861157626,2,129,"Fixed: Attempting to change your notification settings for a specific channel would routinely fail. Not in an entertaining way, or the sort that teaches you something important on your way to greater heights. It just didn't do the thing it was designed to do. Sometimes misfortune carries with it no lesson. Anyway, it works again.","Poor user experience. They make it impossible to login either with the web page or the App. Otherwise, it is an ok app."
slack-251,e382513d-5ea8-4be2-99b7-ad9bfb1ed5db,0.22219144446509226,1,192,"Fixed: Uploading a new profile picture was sometimes failing, leaving people stuck with their old ones like an unfortunate driver's license photo. Contrary to popular belief, we've never aspired for Slack to feel like going to the DMV, so retake that photo to your heart's content.",Cannot sing in and use the app
slack-252,b4fb4933-f3c5-40d2-889d-ebd45be5ba50,0.2220810807668246,2,255,"Fixed: On certain devices, tapping on a notification could lead to a weird state where backing out of a thread would always return you to that message from the notification you tapped. It was a phenomenon as confusing to witness as it is to explain, and we'll all be pleased to never have to experience it again.",Notifications not popping on screen.huge drawback. Have to check again n again
slack-254,c38b814c-17b0-41e0-bf1f-9492e24e75db,0.22196545941489085,1,292,"Fixed: Attempting to change your notification settings for a specific channel would routinely fail. Not in an entertaining way, or the sort that teaches you something important on your way to greater heights. It just didn't do the thing it was designed to do. Sometimes misfortune carries with it no lesson. Anyway, it works again.",Unable to install. Showing pending for long
slack-251,73bf2016-2d2d-4265-aec5-19cf782abf05,0.2210985575403486,1,25,"Fixed: Uploading a new profile picture was sometimes failing, leaving people stuck with their old ones like an unfortunate driver's license photo. Contrary to popular belief, we've never aspired for Slack to feel like going to the DMV, so retake that photo to your heart's content.","Slow, buggy and just pointless to use"
slack-254,e3071304-b601-4ac1-be5b-4b103b03b2f3,0.22089916054083378,2,297,"Fixed: Attempting to change your notification settings for a specific channel would routinely fail. Not in an entertaining way, or the sort that teaches you something important on your way to greater heights. It just didn't do the thing it was designed to do. Sometimes misfortune carries with it no lesson. Anyway, it works again.",This requires updates constantly whether you use on phone or computer. If you arent up to date it malfunctions terribly. It also shows you as away the moment your screen times out or the moment you are inactive on the platform - stupid and pointless for business teams on WFH.
slack-251,ccb9cd6b-6a9e-44fe-8cae-e6a3fb102f26,0.22063393933432443,1,347,"Fixed: Uploading a new profile picture was sometimes failing, leaving people stuck with their old ones like an unfortunate driver's license photo. Contrary to popular belief, we've never aspired for Slack to feel like going to the DMV, so retake that photo to your heart's content.",Abit too difficult to use for newcomers.
slack-252,af20756f-d1b0-421c-a72e-962d1c1b42c4,0.21995959622519357,1,354,"Fixed: On certain devices, tapping on a notification could lead to a weird state where backing out of a thread would always return you to that message from the notification you tapped. It was a phenomenon as confusing to witness as it is to explain, and we'll all be pleased to never have to experience it again.",App comsumes too much memory and cpu ...
slack-254,6e8a24a0-cd8a-4124-a87a-8137a73d262c,0.21930334806442262,1,351,"Fixed: Attempting to change your notification settings for a specific channel would routinely fail. Not in an entertaining way, or the sort that teaches you something important on your way to greater heights. It just didn't do the thing it was designed to do. Sometimes misfortune carries with it no lesson. Anyway, it works again.",Poor app. No notifications come if msg comes or post.
slack-254,1aeac7d8-fc89-418d-ab99-f0216317253c,0.2191403388977051,1,299,"Fixed: Attempting to change your notification settings for a specific channel would routinely fail. Not in an entertaining way, or the sort that teaches you something important on your way to greater heights. It just didn't do the thing it was designed to do. Sometimes misfortune carries with it no lesson. Anyway, it works again.",Too many bugs: Call button shows always even after disconnecting and status indicator also not accurate
slack-254,4974d7ee-b6f5-41dc-a722-267d4aafd3cf,0.21896877496138864,1,259,"Fixed: Attempting to change your notification settings for a specific channel would routinely fail. Not in an entertaining way, or the sort that teaches you something important on your way to greater heights. It just didn't do the thing it was designed to do. Sometimes misfortune carries with it no lesson. Anyway, it works again.","Unreliable for work use. A lot the time I see an unread message on a channel, when I open the channel, there is no message. The channel still shows unread. The only fix this and to view the message is to open it on a desktop."
slack-254,37ceffb9-32af-4472-af74-c05fc49409c9,0.21892726686265734,1,11,"Fixed: Attempting to change your notification settings for a specific channel would routinely fail. Not in an entertaining way, or the sort that teaches you something important on your way to greater heights. It just didn't do the thing it was designed to do. Sometimes misfortune carries with it no lesson. Anyway, it works again.",too much error in sign in and refreshing messages
slack-252,161a7519-896a-4b76-a421-ae45e49a7320,0.21869179087300455,2,202,"Fixed: On certain devices, tapping on a notification could lead to a weird state where backing out of a thread would always return you to that message from the notification you tapped. It was a phenomenon as confusing to witness as it is to explain, and we'll all be pleased to never have to experience it again.","App keeps disconnecting every 2 minutes. Also, sent pictures stay in the buffer, and the app pesters at you to resend with no option to cancel but to clean the cache"
slack-251,33deb931-b04b-433b-ba7c-fdc6f04a09e5,0.21851134300231934,1,305,"Fixed: Uploading a new profile picture was sometimes failing, leaving people stuck with their old ones like an unfortunate driver's license photo. Contrary to popular belief, we've never aspired for Slack to feel like going to the DMV, so retake that photo to your heart's content.","Worst App ,fails to login through magic link"
slack-254,6c580921-c150-4e35-bf07-3d03fc20c8fe,0.21817405700683595,1,253,"Fixed: Attempting to change your notification settings for a specific channel would routinely fail. Not in an entertaining way, or the sort that teaches you something important on your way to greater heights. It just didn't do the thing it was designed to do. Sometimes misfortune carries with it no lesson. Anyway, it works again.",There is no Arabic version
slack-251,1d442a96-76dd-4d4e-adf3-dc35315494d0,0.2178762333733695,1,77,"Fixed: Uploading a new profile picture was sometimes failing, leaving people stuck with their old ones like an unfortunate driver's license photo. Contrary to popular belief, we've never aspired for Slack to feel like going to the DMV, so retake that photo to your heart's content.",No option to leave a workspace in the app which is really not convinient.
slack-254,4d72da96-1f1d-479c-ab75-dda21b6a2f54,0.21753421094682485,1,254,"Fixed: Attempting to change your notification settings for a specific channel would routinely fail. Not in an entertaining way, or the sort that teaches you something important on your way to greater heights. It just didn't do the thing it was designed to do. Sometimes misfortune carries with it no lesson. Anyway, it works again.",Not able to install the app on OnePlus 9R.
slack-254,6f8d2068-995d-4a64-8fb5-b83f7e99eba8,0.21736395699637276,1,78,"Fixed: Attempting to change your notification settings for a specific channel would routinely fail. Not in an entertaining way, or the sort that teaches you something important on your way to greater heights. It just didn't do the thing it was designed to do. Sometimes misfortune carries with it no lesson. Anyway, it works again.",Buggy. Messages are not displayed/synced properly.
slack-252,a1a75785-d663-4950-840f-9c91fc46a871,0.21696943283081058,1,326,"Fixed: On certain devices, tapping on a notification could lead to a weird state where backing out of a thread would always return you to that message from the notification you tapped. It was a phenomenon as confusing to witness as it is to explain, and we'll all be pleased to never have to experience it again.",Messages are not received instant Loading time is also bad
slack-254,f5918a77-603d-4e8f-843b-fc7b4aa19808,0.21610430592582341,1,186,"Fixed: Attempting to change your notification settings for a specific channel would routinely fail. Not in an entertaining way, or the sort that teaches you something important on your way to greater heights. It just didn't do the thing it was designed to do. Sometimes misfortune carries with it no lesson. Anyway, it works again.",Slack. No longer works with Android OS 7. I don't like being pressured into replacing a phone that otherwise still works.
slack-254,458f55d3-31da-44df-ac34-2d222bd5456f,0.21602612972259524,1,101,"Fixed: Attempting to change your notification settings for a specific channel would routinely fail. Not in an entertaining way, or the sort that teaches you something important on your way to greater heights. It just didn't do the thing it was designed to do. Sometimes misfortune carries with it no lesson. Anyway, it works again.","Log in problems, no customer support, terrible interface, huge disappointment"
slack-252,c8ed8eed-ef6b-462d-ae17-681a0e01ae21,0.2159701426823934,1,222,"Fixed: On certain devices, tapping on a notification could lead to a weird state where backing out of a thread would always return you to that message from the notification you tapped. It was a phenomenon as confusing to witness as it is to explain, and we'll all be pleased to never have to experience it again.",Unable to connect to slack.... Getting this version is not supported error.
slack-254,a1423541-7699-4e17-8478-874c2901cc7c,0.21555575132369995,1,361,"Fixed: Attempting to change your notification settings for a specific channel would routinely fail. Not in an entertaining way, or the sort that teaches you something important on your way to greater heights. It just didn't do the thing it was designed to do. Sometimes misfortune carries with it no lesson. Anyway, it works again.",Recent experience has been poor. The app is not updating and messages are failing to send.
slack-254,e382513d-5ea8-4be2-99b7-ad9bfb1ed5db,0.21515332801001413,1,178,"Fixed: Attempting to change your notification settings for a specific channel would routinely fail. Not in an entertaining way, or the sort that teaches you something important on your way to greater heights. It just didn't do the thing it was designed to do. Sometimes misfortune carries with it no lesson. Anyway, it works again.",Cannot sing in and use the app
slack-254,6ebb0cf0-bce0-4b7f-9445-75423513bb85,0.21490928332010906,1,228,"Fixed: Attempting to change your notification settings for a specific channel would routinely fail. Not in an entertaining way, or the sort that teaches you something important on your way to greater heights. It just didn't do the thing it was designed to do. Sometimes misfortune carries with it no lesson. Anyway, it works again.",Notifications are a mess in android.
slack-254,97ab1d2d-b8b4-4940-aab2-42af9a948cb4,0.21458458048956736,1,341,"Fixed: Attempting to change your notification settings for a specific channel would routinely fail. Not in an entertaining way, or the sort that teaches you something important on your way to greater heights. It just didn't do the thing it was designed to do. Sometimes misfortune carries with it no lesson. Anyway, it works again.",Now can't operate my business without it
slack-254,b7896665-fbbe-4a96-a8e6-980bd6055d9a,0.2139723442849659,2,316,"Fixed: Attempting to change your notification settings for a specific channel would routinely fail. Not in an entertaining way, or the sort that teaches you something important on your way to greater heights. It just didn't do the thing it was designed to do. Sometimes misfortune carries with it no lesson. Anyway, it works again.",It just will not load new message and when it does it'll load half of them. Channels get stuck loading too.
slack-254,ad4a714d-8b75-4764-a913-19a4638ef037,0.21388454702165394,1,332,"Fixed: Attempting to change your notification settings for a specific channel would routinely fail. Not in an entertaining way, or the sort that teaches you something important on your way to greater heights. It just didn't do the thing it was designed to do. Sometimes misfortune carries with it no lesson. Anyway, it works again.",Missing notifications. Notifications are too much delayed or missed.
slack-252,5199962e-e184-478c-a038-905e6cc1e6a8,0.21386670849540018,2,192,"Fixed: On certain devices, tapping on a notification could lead to a weird state where backing out of a thread would always return you to that message from the notification you tapped. It was a phenomenon as confusing to witness as it is to explain, and we'll all be pleased to never have to experience it again.",have to use for work. Keeps giving problems far too often :((((
slack-252,fe2843b7-eb75-44da-9e2b-c381ce042bb1,0.21360698113074672,2,355,"Fixed: On certain devices, tapping on a notification could lead to a weird state where backing out of a thread would always return you to that message from the notification you tapped. It was a phenomenon as confusing to witness as it is to explain, and we'll all be pleased to never have to experience it again.",It constantly crashes on my device recently. Before the update it was fine.
slack-254,6b4e995b-6e3c-4583-84f8-0c1d4d9d55bc,0.21348288150934075,1,361,"Fixed: Attempting to change your notification settings for a specific channel would routinely fail. Not in an entertaining way, or the sort that teaches you something important on your way to greater heights. It just didn't do the thing it was designed to do. Sometimes misfortune carries with it no lesson. Anyway, it works again.",Rendering of reaction emojis on messages (for ex. thumbs up) is broken. Showing no reactions at all or reactions to other messages. Otherwise a great app.
slack-254,b5c768f1-4d2a-4022-b0fb-73ef00441476,0.21284578514099123,2,78,"Fixed: Attempting to change your notification settings for a specific channel would routinely fail. Not in an entertaining way, or the sort that teaches you something important on your way to greater heights. It just didn't do the thing it was designed to do. Sometimes misfortune carries with it no lesson. Anyway, it works again.","Still unable to change profile picture with new update, which is the only reason I got the mobile app. Unsure why it was taken off."
slack-254,c0112182-669b-4571-918a-118018a8c3ee,0.2127843141555786,1,326,"Fixed: Attempting to change your notification settings for a specific channel would routinely fail. Not in an entertaining way, or the sort that teaches you something important on your way to greater heights. It just didn't do the thing it was designed to do. Sometimes misfortune carries with it no lesson. Anyway, it works again.",App just stopped working...can't send messages...can't connect to other workspace. Message history won't load
slack-254,394d27ab-152f-42ae-a9ae-7bdee0692d53,0.2126600291993883,1,356,"Fixed: Attempting to change your notification settings for a specific channel would routinely fail. Not in an entertaining way, or the sort that teaches you something important on your way to greater heights. It just didn't do the thing it was designed to do. Sometimes misfortune carries with it no lesson. Anyway, it works again.",It's buggy as hell and the interface is confusing.
slack-251,cf4c5198-fc91-4753-9ebf-04f0431c82b4,0.21230845658675485,1,210,"Fixed: Uploading a new profile picture was sometimes failing, leaving people stuck with their old ones like an unfortunate driver's license photo. Contrary to popular belief, we've never aspired for Slack to feel like going to the DMV, so retake that photo to your heart's content.","Avatars of people are mimatched with one another. Unable to read messages. Notifications are pushed after I already read the messages. I have a ticket open with Slack support - sent videos and logs showing all the issues. Support basically telling me its a ""known issue"". The issues are more than 6 mounth old I think. Its almost unusuable at this stage."
slack-254,daee350c-dac0-497f-98cb-3d13a7077e0a,0.2121153857972887,1,216,"Fixed: Attempting to change your notification settings for a specific channel would routinely fail. Not in an entertaining way, or the sort that teaches you something important on your way to greater heights. It just didn't do the thing it was designed to do. Sometimes misfortune carries with it no lesson. Anyway, it works again.",Not able to get any Notification on my mobile
slack-251,a50366d8-2107-474b-9d24-c4bc00f76b7c,0.21157719055811566,1,33,"Fixed: Uploading a new profile picture was sometimes failing, leaving people stuck with their old ones like an unfortunate driver's license photo. Contrary to popular belief, we've never aspired for Slack to feel like going to the DMV, so retake that photo to your heart's content.",Can't uploading media ! It stuck in sending status And after retrying the app was crashed
slack-252,47a172ec-4e6d-4eb7-b1f7-4b36da65e53b,0.21122363199267472,2,197,"Fixed: On certain devices, tapping on a notification could lead to a weird state where backing out of a thread would always return you to that message from the notification you tapped. It was a phenomenon as confusing to witness as it is to explain, and we'll all be pleased to never have to experience it again.","I'll change this after they either get back to me or fix this. Android - my new message notifications won't go away, as if I haven't seen them, and I can no longer view older messages from those same people. I also go on a channel and it'll say 10+ new messages and they're not new, I've seen them, but the notification keeps sending me way up the channel for no reason. No updates to fix these bugs."
slack-254,402c8c77-76f9-4353-8efc-adf12c46ea78,0.21104429924126827,1,44,"Fixed: Attempting to change your notification settings for a specific channel would routinely fail. Not in an entertaining way, or the sort that teaches you something important on your way to greater heights. It just didn't do the thing it was designed to do. Sometimes misfortune carries with it no lesson. Anyway, it works again.",They dropped Android 7 support. What a terrible idea? Any reasons for the essentially JS app? Take a look at Outlook policy or any other communication app. They still work without any problems.
slack-252,ce9ca6c9-4625-4aa6-9cef-c15e09a48fb7,0.21103072393508185,2,205,"Fixed: On certain devices, tapping on a notification could lead to a weird state where backing out of a thread would always return you to that message from the notification you tapped. It was a phenomenon as confusing to witness as it is to explain, and we'll all be pleased to never have to experience it again.",Wosrt app always crashes. Have uninstalled it. The name should be changed to lack not slack. As it lacks basics functionalities
slack-254,13691dd5-f18e-49f7-9af1-5d619fb99564,0.21099949966777456,1,176,"Fixed: Attempting to change your notification settings for a specific channel would routinely fail. Not in an entertaining way, or the sort that teaches you something important on your way to greater heights. It just didn't do the thing it was designed to do. Sometimes misfortune carries with it no lesson. Anyway, it works again.",Sometimes images don't send. And error doesn't get away any more
slack-254,49e7a04a-3b6f-43e4-96f7-cff31abbf793,0.21056100527445476,1,71,"Fixed: Attempting to change your notification settings for a specific channel would routinely fail. Not in an entertaining way, or the sort that teaches you something important on your way to greater heights. It just didn't do the thing it was designed to do. Sometimes misfortune carries with it no lesson. Anyway, it works again.",Notification seems to be a problem.
slack-251,e92fdc15-000f-47d8-8cc9-fd93d88bed60,0.21011931118757832,2,275,"Fixed: Uploading a new profile picture was sometimes failing, leaving people stuck with their old ones like an unfortunate driver's license photo. Contrary to popular belief, we've never aspired for Slack to feel like going to the DMV, so retake that photo to your heart's content.","Tried to sign in with my account with the email link method, sent an email to the email attached to my account. Clicked the link, saw my workspaces, progressed.. The app disregards my existing stuff and builds a completely new account, no access to my workspaces I just saw the app present me."
slack-252,35a7f46e-4b9d-401e-a0c6-74ad50a12a1e,0.2100521450950986,1,179,"Fixed: On certain devices, tapping on a notification could lead to a weird state where backing out of a thread would always return you to that message from the notification you tapped. It was a phenomenon as confusing to witness as it is to explain, and we'll all be pleased to never have to experience it again.","The slack android app negates all the goodness of the desktop version. Slack should just remove it from here. Issues like Notifications don't come, threads don't open when you click on them, umread count doesn't go away, status doesn't update etc etc"
slack-252,c69e60c0-6043-40e6-967c-99ff2085dbe5,0.20992561817169192,1,192,"Fixed: On certain devices, tapping on a notification could lead to a weird state where backing out of a thread would always return you to that message from the notification you tapped. It was a phenomenon as confusing to witness as it is to explain, and we'll all be pleased to never have to experience it again.",Latest update crashes constantly and won't load or send messages
slack-254,f35381f2-9496-4732-8296-fc00cb248f2b,0.20989673137664794,1,46,"Fixed: Attempting to change your notification settings for a specific channel would routinely fail. Not in an entertaining way, or the sort that teaches you something important on your way to greater heights. It just didn't do the thing it was designed to do. Sometimes misfortune carries with it no lesson. Anyway, it works again.",Hanging all the times and calls not connecting
slack-252,1ab432fa-a383-47cf-a787-3f4aebf091c3,0.20934397322790962,1,191,"Fixed: On certain devices, tapping on a notification could lead to a weird state where backing out of a thread would always return you to that message from the notification you tapped. It was a phenomenon as confusing to witness as it is to explain, and we'll all be pleased to never have to experience it again.",Profile picture never updates on this app.
slack-254,13255050-cac3-46bd-9181-7da6d9474e98,0.20925929784774783,1,293,"Fixed: Attempting to change your notification settings for a specific channel would routinely fail. Not in an entertaining way, or the sort that teaches you something important on your way to greater heights. It just didn't do the thing it was designed to do. Sometimes misfortune carries with it no lesson. Anyway, it works again.",Got stuck on a screen and the app become unusable
slack-254,3b391770-b9b0-4a36-9d66-982dc2540500,0.2089409682808853,1,259,"Fixed: Attempting to change your notification settings for a specific channel would routinely fail. Not in an entertaining way, or the sort that teaches you something important on your way to greater heights. It just didn't do the thing it was designed to do. Sometimes misfortune carries with it no lesson. Anyway, it works again.",Not happy with the service should have a feature of storing the message like FB messenger. I have joined a channel and by mistake i have uninstal after that the messages I have sent to that channel's person that were removed.
slack-251,a1c3c091-7e26-433a-b02b-c7ef0f9c90fd,0.2088804324467977,1,256,"Fixed: Uploading a new profile picture was sometimes failing, leaving people stuck with their old ones like an unfortunate driver's license photo. Contrary to popular belief, we've never aspired for Slack to feel like going to the DMV, so retake that photo to your heart's content.",Everytime I get slack call it hangs and feel difficult to use.
slack-252,3b391770-b9b0-4a36-9d66-982dc2540500,0.20866965724200737,2,273,"Fixed: On certain devices, tapping on a notification could lead to a weird state where backing out of a thread would always return you to that message from the notification you tapped. It was a phenomenon as confusing to witness as it is to explain, and we'll all be pleased to never have to experience it again.",Not happy with the service should have a feature of storing the message like FB messenger. I have joined a channel and by mistake i have uninstal after that the messages I have sent to that channel's person that were removed.
slack-254,e0254d61-e235-477c-b357-beee09f1e43d,0.20815394366229023,1,290,"Fixed: Attempting to change your notification settings for a specific channel would routinely fail. Not in an entertaining way, or the sort that teaches you something important on your way to greater heights. It just didn't do the thing it was designed to do. Sometimes misfortune carries with it no lesson. Anyway, it works again.","Awful call interface. It's hard for to know if you mic is muted or not, and you can't even see the screen if someone is sharing it. and on top of that, I was dropped off of a call, and I wasn't able to join back in, even though my internet was working fine."
slack-254,d49e628d-3553-4434-b533-0c251c0b74ae,0.2079959869384766,1,184,"Fixed: Attempting to change your notification settings for a specific channel would routinely fail. Not in an entertaining way, or the sort that teaches you something important on your way to greater heights. It just didn't do the thing it was designed to do. Sometimes misfortune carries with it no lesson. Anyway, it works again.","stopped working on my tablet, no upgrade available"
slack-251,48dfee79-eebc-4ba5-8c2e-06cb2fc87706,0.20770712069102698,1,339,"Fixed: Uploading a new profile picture was sometimes failing, leaving people stuck with their old ones like an unfortunate driver's license photo. Contrary to popular belief, we've never aspired for Slack to feel like going to the DMV, so retake that photo to your heart's content.","Too many glitches, too many platforms that are not as ""productive"" as people believe."
slack-254,00e321f7-3d9d-4d38-bed0-bbea093b8e23,0.20756832695007327,1,208,"Fixed: Attempting to change your notification settings for a specific channel would routinely fail. Not in an entertaining way, or the sort that teaches you something important on your way to greater heights. It just didn't do the thing it was designed to do. Sometimes misfortune carries with it no lesson. Anyway, it works again.",Disappointed. Used to be great to use on the go but now it appears to be no longer supported with my phone. Such a shame.
slack-252,4adaa2da-6005-4ed4-844d-3cbc243b91e0,0.2062318437027209,2,257,"Fixed: On certain devices, tapping on a notification could lead to a weird state where backing out of a thread would always return you to that message from the notification you tapped. It was a phenomenon as confusing to witness as it is to explain, and we'll all be pleased to never have to experience it again.","kind of a copy of discord for offices. Bit complicated to use, and when sending videos, it makes a shadow file which is impossible to get rid of. and many more notification bugs"
slack-254,84537c67-b024-4af1-a29a-ea2a60340e7b,0.20621654878963125,1,185,"Fixed: Attempting to change your notification settings for a specific channel would routinely fail. Not in an entertaining way, or the sort that teaches you something important on your way to greater heights. It just didn't do the thing it was designed to do. Sometimes misfortune carries with it no lesson. Anyway, it works again.","Not supported in Android 6, they suddenly stopped with any warning."
slack-251,06340ec9-c340-4cfd-8e89-f938aaf631a0,0.20515303752001596,1,46,"Fixed: Uploading a new profile picture was sometimes failing, leaving people stuck with their old ones like an unfortunate driver's license photo. Contrary to popular belief, we've never aspired for Slack to feel like going to the DMV, so retake that photo to your heart's content.",Has lot of issues. Keyboard is collapsing every time. Messages are duplicating. Not receiving all the messages.
slack-254,a1a75785-d663-4950-840f-9c91fc46a871,0.20497342586517336,1,312,"Fixed: Attempting to change your notification settings for a specific channel would routinely fail. Not in an entertaining way, or the sort that teaches you something important on your way to greater heights. It just didn't do the thing it was designed to do. Sometimes misfortune carries with it no lesson. Anyway, it works again.",Messages are not received instant Loading time is also bad
slack-254,11bc3da5-dfb3-4a3e-b014-418f25f68ddc,0.20465352535247805,1,3,"Fixed: Attempting to change your notification settings for a specific channel would routinely fail. Not in an entertaining way, or the sort that teaches you something important on your way to greater heights. It just didn't do the thing it was designed to do. Sometimes misfortune carries with it no lesson. Anyway, it works again.",Not able to disable the floating chat bubble.
slack-254,69f916f8-5c03-4017-a163-e76ccc57b543,0.20457055833604604,1,19,"Fixed: Attempting to change your notification settings for a specific channel would routinely fail. Not in an entertaining way, or the sort that teaches you something important on your way to greater heights. It just didn't do the thing it was designed to do. Sometimes misfortune carries with it no lesson. Anyway, it works again.",Unable to sign in using any method since update
slack-252,a3fb420d-bed8-4476-822b-b9f0ddcd0fe7,0.2042710630517257,2,103,"Fixed: On certain devices, tapping on a notification could lead to a weird state where backing out of a thread would always return you to that message from the notification you tapped. It was a phenomenon as confusing to witness as it is to explain, and we'll all be pleased to never have to experience it again.","Can't remove or sign out of workspaces. Don't use the mobile app. If you have to use slack, stick with a browser. This is a bug they've known about for a long time and will likely never fix."
slack-252,9388f860-cd52-4a9d-b8e1-9bf10ce0d533,0.2042193373044332,1,305,"Fixed: On certain devices, tapping on a notification could lead to a weird state where backing out of a thread would always return you to that message from the notification you tapped. It was a phenomenon as confusing to witness as it is to explain, and we'll all be pleased to never have to experience it again.",Does not work anymore. Crash to home screen with no error / message.
slack-251,3b391770-b9b0-4a36-9d66-982dc2540500,0.20413883662805327,1,273,"Fixed: Uploading a new profile picture was sometimes failing, leaving people stuck with their old ones like an unfortunate driver's license photo. Contrary to popular belief, we've never aspired for Slack to feel like going to the DMV, so retake that photo to your heart's content.",Not happy with the service should have a feature of storing the message like FB messenger. I have joined a channel and by mistake i have uninstal after that the messages I have sent to that channel's person that were removed.
slack-254,e55841a8-e39a-4cac-9b40-815232d21fdc,0.20405086170543327,2,201,"Fixed: Attempting to change your notification settings for a specific channel would routinely fail. Not in an entertaining way, or the sort that teaches you something important on your way to greater heights. It just didn't do the thing it was designed to do. Sometimes misfortune carries with it no lesson. Anyway, it works again.",Useless. It no longer recognises my Android phone without any way for me to update and connect to my group. Extremely poor 
slack-252,bf321518-200b-49df-bb49-7142d5618501,0.20386109937701308,2,35,"Fixed: On certain devices, tapping on a notification could lead to a weird state where backing out of a thread would always return you to that message from the notification you tapped. It was a phenomenon as confusing to witness as it is to explain, and we'll all be pleased to never have to experience it again.","Can't even login to the app manually on a Google Pixel 6. AKA will not work with the phone, ever. Especially if you cannot access your work email on the phone itself. Update; Just tried logging in using the magic link with the email on the phone as well. Gives ""Something went wrong."" So basically you can never login on a Google Pixel 6. It was working on my previous Pixel 3 just fine."
slack-252,06340ec9-c340-4cfd-8e89-f938aaf631a0,0.20378921172198128,1,46,"Fixed: On certain devices, tapping on a notification could lead to a weird state where backing out of a thread would always return you to that message from the notification you tapped. It was a phenomenon as confusing to witness as it is to explain, and we'll all be pleased to never have to experience it again.",Has lot of issues. Keyboard is collapsing every time. Messages are duplicating. Not receiving all the messages.
slack-254,bf321518-200b-49df-bb49-7142d5618501,0.20373404221101243,2,21,"Fixed: Attempting to change your notification settings for a specific channel would routinely fail. Not in an entertaining way, or the sort that teaches you something important on your way to greater heights. It just didn't do the thing it was designed to do. Sometimes misfortune carries with it no lesson. Anyway, it works again.","Can't even login to the app manually on a Google Pixel 6. AKA will not work with the phone, ever. Especially if you cannot access your work email on the phone itself. Update; Just tried logging in using the magic link with the email on the phone as well. Gives ""Something went wrong."" So basically you can never login on a Google Pixel 6. It was working on my previous Pixel 3 just fine."
slack-254,4581f30b-2bfa-407c-aee8-45b107a96980,0.20373049020767214,1,364,"Fixed: Attempting to change your notification settings for a specific channel would routinely fail. Not in an entertaining way, or the sort that teaches you something important on your way to greater heights. It just didn't do the thing it was designed to do. Sometimes misfortune carries with it no lesson. Anyway, it works again.","Mobile app became a mess. reactions doesn't work, drafts disappear"
slack-251,15781df1-da09-4829-bb3b-b4fb3e0ad87c,0.2036301573117574,1,202,"Fixed: Uploading a new profile picture was sometimes failing, leaving people stuck with their old ones like an unfortunate driver's license photo. Contrary to popular belief, we've never aspired for Slack to feel like going to the DMV, so retake that photo to your heart's content.","Keeps logging me off due to ""invalid authentication"" all of a sudden."
slack-254,5ee286dc-52a8-4261-9ff5-4030d61e2e03,0.20356785392761234,1,179,"Fixed: Attempting to change your notification settings for a specific channel would routinely fail. Not in an entertaining way, or the sort that teaches you something important on your way to greater heights. It just didn't do the thing it was designed to do. Sometimes misfortune carries with it no lesson. Anyway, it works again.","This app was working great but since today I was getting absolutely no messages, and no I reinstalled slack and now I can't back in"
slack-254,d7f336ab-c42d-494b-aed2-c1ecd992434f,0.2033791439873832,1,284,"Fixed: Attempting to change your notification settings for a specific channel would routinely fail. Not in an entertaining way, or the sort that teaches you something important on your way to greater heights. It just didn't do the thing it was designed to do. Sometimes misfortune carries with it no lesson. Anyway, it works again.","No chat label is visible... Black screen all around, only ""green active"" icon visible..."
slack-254,65197ab7-2afd-424c-8329-7189ffe4ed4b,0.2032705802183885,1,3,"Fixed: Attempting to change your notification settings for a specific channel would routinely fail. Not in an entertaining way, or the sort that teaches you something important on your way to greater heights. It just didn't do the thing it was designed to do. Sometimes misfortune carries with it no lesson. Anyway, it works again.","Single sign on does not work, I can't even log into my account"
slack-254,e7d9455c-dc62-40e9-a500-2588bf6dd41b,0.2031630833943685,1,303,"Fixed: Attempting to change your notification settings for a specific channel would routinely fail. Not in an entertaining way, or the sort that teaches you something important on your way to greater heights. It just didn't do the thing it was designed to do. Sometimes misfortune carries with it no lesson. Anyway, it works again.",total fail in on a Chromebook. It shows nothing on the channels.
slack-254,1afa178a-0c34-4b08-ae6a-8b30547e1d21,0.20305887794494631,1,179,"Fixed: Attempting to change your notification settings for a specific channel would routinely fail. Not in an entertaining way, or the sort that teaches you something important on your way to greater heights. It just didn't do the thing it was designed to do. Sometimes misfortune carries with it no lesson. Anyway, it works again.","Slack doesn't tells me I don't have internet data available, but I do. Doesn't recognize my workspace. No longer able to communicate for work effectively."
slack-254,a0aa1912-678a-4b98-bfcc-8c3ddfe7b736,0.20298711939861902,1,12,"Fixed: Attempting to change your notification settings for a specific channel would routinely fail. Not in an entertaining way, or the sort that teaches you something important on your way to greater heights. It just didn't do the thing it was designed to do. Sometimes misfortune carries with it no lesson. Anyway, it works again.","Application was really cool couple of years ago but now its deteriorated. Overcomplicated interface, strange ux and terrible support."
slack-252,f3c3febd-eff8-4e8b-937c-a7712484db73,0.20294927900487728,2,101,"Fixed: On certain devices, tapping on a notification could lead to a weird state where backing out of a thread would always return you to that message from the notification you tapped. It was a phenomenon as confusing to witness as it is to explain, and we'll all be pleased to never have to experience it again.","Finally managed to stop Slack closing every time it was minimised, and then the widgets disappeared. I had direct DM widgets set up and they just vanished, as did the option to create more. In fact there are no slack widgets showing at all."
slack-252,a0aa1912-678a-4b98-bfcc-8c3ddfe7b736,0.20272034092953334,1,26,"Fixed: On certain devices, tapping on a notification could lead to a weird state where backing out of a thread would always return you to that message from the notification you tapped. It was a phenomenon as confusing to witness as it is to explain, and we'll all be pleased to never have to experience it again.","Application was really cool couple of years ago but now its deteriorated. Overcomplicated interface, strange ux and terrible support."
slack-254,1d442a96-76dd-4d4e-adf3-dc35315494d0,0.2026617663247245,1,63,"Fixed: Attempting to change your notification settings for a specific channel would routinely fail. Not in an entertaining way, or the sort that teaches you something important on your way to greater heights. It just didn't do the thing it was designed to do. Sometimes misfortune carries with it no lesson. Anyway, it works again.",No option to leave a workspace in the app which is really not convinient.
slack-254,463917e5-2a63-4167-a894-3e031e709b52,0.2026053298603405,1,208,"Fixed: Attempting to change your notification settings for a specific channel would routinely fail. Not in an entertaining way, or the sort that teaches you something important on your way to greater heights. It just didn't do the thing it was designed to do. Sometimes misfortune carries with it no lesson. Anyway, it works again.","Now i can't use slack because of an ""old"" android version."
slack-251,a1d800d2-06a9-41a1-8f5e-ab57bbfa9b74,0.20252372367041452,1,48,"Fixed: Uploading a new profile picture was sometimes failing, leaving people stuck with their old ones like an unfortunate driver's license photo. Contrary to popular belief, we've never aspired for Slack to feel like going to the DMV, so retake that photo to your heart's content.",Unable to get to my channels anymore.
slack-252,4974d7ee-b6f5-41dc-a722-267d4aafd3cf,0.20207280335219013,2,273,"Fixed: On certain devices, tapping on a notification could lead to a weird state where backing out of a thread would always return you to that message from the notification you tapped. It was a phenomenon as confusing to witness as it is to explain, and we'll all be pleased to never have to experience it again.","Unreliable for work use. A lot the time I see an unread message on a channel, when I open the channel, there is no message. The channel still shows unread. The only fix this and to view the message is to open it on a desktop."
slack-254,ad90b3f0-db01-4da3-8703-f7f53455f45c,0.20204084714253745,1,178,"Fixed: Attempting to change your notification settings for a specific channel would routinely fail. Not in an entertaining way, or the sort that teaches you something important on your way to greater heights. It just didn't do the thing it was designed to do. Sometimes misfortune carries with it no lesson. Anyway, it works again.","Not working... mobile app, desktop software, web site ....unable to send messages"
slack-252,4d8ec09a-8750-4603-8d2e-9b8ed2d8032d,0.20200250289019417,1,312,"Fixed: On certain devices, tapping on a notification could lead to a weird state where backing out of a thread would always return you to that message from the notification you tapped. It was a phenomenon as confusing to witness as it is to explain, and we'll all be pleased to never have to experience it again.","Issue : Links in slack app not getting redirected. It says ""we're are unable to open this link"""
slack-252,ad9ca36d-83e7-4310-b6a9-a137cf654ab8,0.20192904612597298,1,52,"Fixed: On certain devices, tapping on a notification could lead to a weird state where backing out of a thread would always return you to that message from the notification you tapped. It was a phenomenon as confusing to witness as it is to explain, and we'll all be pleased to never have to experience it again.",Notifications not working on Mi Band. It stopped automatically from past 10-20 days. Please fix this.
slack-254,9d46c301-35d6-4722-bfda-b7a87a62c36e,0.20144691637584144,1,4,"Fixed: Attempting to change your notification settings for a specific channel would routinely fail. Not in an entertaining way, or the sort that teaches you something important on your way to greater heights. It just didn't do the thing it was designed to do. Sometimes misfortune carries with it no lesson. Anyway, it works again.",I'm unable to install on my phone (One Plus 9). I get error msg.
slack-251,ef099cbb-bca8-4bd6-baf0-e658ce3ef65c,0.20134480396906534,1,328,"Fixed: Uploading a new profile picture was sometimes failing, leaving people stuck with their old ones like an unfortunate driver's license photo. Contrary to popular belief, we've never aspired for Slack to feel like going to the DMV, so retake that photo to your heart's content.","Tapping a DM with a 'new messages' icon, does not show the new messages. Have to force-quit in order for it to refresh"
slack-251,9388f860-cd52-4a9d-b8e1-9bf10ce0d533,0.2013083299001058,1,305,"Fixed: Uploading a new profile picture was sometimes failing, leaving people stuck with their old ones like an unfortunate driver's license photo. Contrary to popular belief, we've never aspired for Slack to feel like going to the DMV, so retake that photo to your heart's content.",Does not work anymore. Crash to home screen with no error / message.
slack-251,ce9ca6c9-4625-4aa6-9cef-c15e09a48fb7,0.20094589108512517,1,205,"Fixed: Uploading a new profile picture was sometimes failing, leaving people stuck with their old ones like an unfortunate driver's license photo. Contrary to popular belief, we've never aspired for Slack to feel like going to the DMV, so retake that photo to your heart's content.",Wosrt app always crashes. Have uninstalled it. The name should be changed to lack not slack. As it lacks basics functionalities
slack-251,4974d7ee-b6f5-41dc-a722-267d4aafd3cf,0.20093970506087594,1,273,"Fixed: Uploading a new profile picture was sometimes failing, leaving people stuck with their old ones like an unfortunate driver's license photo. Contrary to popular belief, we've never aspired for Slack to feel like going to the DMV, so retake that photo to your heart's content.","Unreliable for work use. A lot the time I see an unread message on a channel, when I open the channel, there is no message. The channel still shows unread. The only fix this and to view the message is to open it on a desktop."
slack-252,4d901b9b-4de3-4691-a800-dc34a98b75f4,0.20091331285588881,2,172,"Fixed: On certain devices, tapping on a notification could lead to a weird state where backing out of a thread would always return you to that message from the notification you tapped. It was a phenomenon as confusing to witness as it is to explain, and we'll all be pleased to never have to experience it again.",The app lags when you first open. Have to close and open again for it to stop
slack-254,11fd14b3-944f-4c03-957f-bd743f9c754b,0.2009021087929055,1,105,"Fixed: Attempting to change your notification settings for a specific channel would routinely fail. Not in an entertaining way, or the sort that teaches you something important on your way to greater heights. It just didn't do the thing it was designed to do. Sometimes misfortune carries with it no lesson. Anyway, it works again.","Unfortunately the app is terrible. Nothing works in offline mode at all, it is impossible even to view the message history in offline. For what this application exist? The application is very slow. Takes too much memory. There is no point in this application, since you can use the web version through a browser."
slack-251,f84e173b-a4b8-43dd-b4bf-10abf12a0b09,0.20068228912353517,2,13,"Fixed: Uploading a new profile picture was sometimes failing, leaving people stuck with their old ones like an unfortunate driver's license photo. Contrary to popular belief, we've never aspired for Slack to feel like going to the DMV, so retake that photo to your heart's content.",I'm completely unable to login to the app with my new Pixel 6. It just keeps sending me back to the main splash/login screen.
slack-251,af0872aa-3a31-4299-af66-ec23f4f989f8,0.2004240894317627,1,179,"Fixed: Uploading a new profile picture was sometimes failing, leaving people stuck with their old ones like an unfortunate driver's license photo. Contrary to popular belief, we've never aspired for Slack to feel like going to the DMV, so retake that photo to your heart's content.",Blocked my old phone OS without any warning. Not cool.
slack-251,723f17ee-66f0-458f-8364-74d280989127,0.2003154578416244,3,233,"Fixed: Uploading a new profile picture was sometimes failing, leaving people stuck with their old ones like an unfortunate driver's license photo. Contrary to popular belief, we've never aspired for Slack to feel like going to the DMV, so retake that photo to your heart's content.","Slack continues to create bizarre design decisions that reduce usability. Recent change makes clicking a slack workspace image now do the same thing as clicking the 3 dots, instead of it going to the workspace. If I wanted to click the 3 dots, I'd click that. Don't make the far left target do the same thing as the right one. Horrible UX"
slack-251,5199962e-e184-478c-a038-905e6cc1e6a8,0.20026246200908315,1,192,"Fixed: Uploading a new profile picture was sometimes failing, leaving people stuck with their old ones like an unfortunate driver's license photo. Contrary to popular belief, we've never aspired for Slack to feel like going to the DMV, so retake that photo to your heart's content.",have to use for work. Keeps giving problems far too often :((((
slack-251,13255050-cac3-46bd-9181-7da6d9474e98,0.20013610363006593,1,307,"Fixed: Uploading a new profile picture was sometimes failing, leaving people stuck with their old ones like an unfortunate driver's license photo. Contrary to popular belief, we've never aspired for Slack to feel like going to the DMV, so retake that photo to your heart's content.",Got stuck on a screen and the app become unusable
slack-252,d0074141-aed2-4022-a24b-73bedaf380ba,0.20012579147632306,1,207,"Fixed: On certain devices, tapping on a notification could lead to a weird state where backing out of a thread would always return you to that message from the notification you tapped. It was a phenomenon as confusing to witness as it is to explain, and we'll all be pleased to never have to experience it again.",The app is just a very buggy and does not sync up well.
slack-254,1c2ab340-2b9b-4d37-a0f5-3c044c12bcce,0.19990868636540005,1,208,"Fixed: Attempting to change your notification settings for a specific channel would routinely fail. Not in an entertaining way, or the sort that teaches you something important on your way to greater heights. It just didn't do the thing it was designed to do. Sometimes misfortune carries with it no lesson. Anyway, it works again.",Unable to use slack since last update. Message pop-up within app indicates that an update is needed but when you click the message there are no updates available. Pop-up message cannot be dismissed
slack-254,21221747-de44-49a1-86ec-cc9120df36af,0.19986573855082196,1,329,"Fixed: Attempting to change your notification settings for a specific channel would routinely fail. Not in an entertaining way, or the sort that teaches you something important on your way to greater heights. It just didn't do the thing it was designed to do. Sometimes misfortune carries with it no lesson. Anyway, it works again.",Lazy update description! You refer to a link but this isn't clickable. Meaning Slack never had a decent design around this experience. A shame
slack-252,1ff9b968-11a8-4e49-94bf-2f5ef98c4e67,0.19976957774743803,1,349,"Fixed: On certain devices, tapping on a notification could lead to a weird state where backing out of a thread would always return you to that message from the notification you tapped. It was a phenomenon as confusing to witness as it is to explain, and we'll all be pleased to never have to experience it again.",This is frustrating...I am not able to connect to my slack workspace. I reinstalled the app but it's the same problem again. At first I was atleast able to see my channels and messages now it doesn't even log in
slack-252,d7f336ab-c42d-494b-aed2-c1ecd992434f,0.1997556107384818,1,298,"Fixed: On certain devices, tapping on a notification could lead to a weird state where backing out of a thread would always return you to that message from the notification you tapped. It was a phenomenon as confusing to witness as it is to explain, and we'll all be pleased to never have to experience it again.","No chat label is visible... Black screen all around, only ""green active"" icon visible..."
slack-251,d09b5b0a-bb3b-4d5e-aaff-9257c3dee2ad,0.19972485195506706,1,41,"Fixed: Uploading a new profile picture was sometimes failing, leaving people stuck with their old ones like an unfortunate driver's license photo. Contrary to popular belief, we've never aspired for Slack to feel like going to the DMV, so retake that photo to your heart's content.",Absolutely useless. Doesn't alert me of new messages but eats battery.
slack-252,a356ce86-c463-4505-8781-567dd8705b20,0.19971794342172558,1,271,"Fixed: On certain devices, tapping on a notification could lead to a weird state where backing out of a thread would always return you to that message from the notification you tapped. It was a phenomenon as confusing to witness as it is to explain, and we'll all be pleased to never have to experience it again.","Notifications appearing after seeing the message. So many lags, no matter if I bring 30mbps speed internet or 150mbps speed. SLACK will always delay the notifications, full of bugs"
slack-252,65197ab7-2afd-424c-8329-7189ffe4ed4b,0.19913127605731673,1,17,"Fixed: On certain devices, tapping on a notification could lead to a weird state where backing out of a thread would always return you to that message from the notification you tapped. It was a phenomenon as confusing to witness as it is to explain, and we'll all be pleased to never have to experience it again.","Single sign on does not work, I can't even log into my account"
slack-254,e563ea48-19d3-4d95-ac35-b346ab02ff34,0.1990536226945765,1,214,"Fixed: Attempting to change your notification settings for a specific channel would routinely fail. Not in an entertaining way, or the sort that teaches you something important on your way to greater heights. It just didn't do the thing it was designed to do. Sometimes misfortune carries with it no lesson. Anyway, it works again.",Unreliable. Often fails to load messages. Slack acknowledged it's a bug but hasn't fixed it for months.
slack-254,a1c3c091-7e26-433a-b02b-c7ef0f9c90fd,0.19898362954457602,1,242,"Fixed: Attempting to change your notification settings for a specific channel would routinely fail. Not in an entertaining way, or the sort that teaches you something important on your way to greater heights. It just didn't do the thing it was designed to do. Sometimes misfortune carries with it no lesson. Anyway, it works again.",Everytime I get slack call it hangs and feel difficult to use.
slack-254,4e97ace4-0570-47a2-a134-7dbc1445c304,0.19880691453030236,1,13,"Fixed: Attempting to change your notification settings for a specific channel would routinely fail. Not in an entertaining way, or the sort that teaches you something important on your way to greater heights. It just didn't do the thing it was designed to do. Sometimes misfortune carries with it no lesson. Anyway, it works again.","such a buggy and unstable app. it doesn't manage code blocks and mentions properly. editing your drafts, it crashes."
slack-254,246e1e94-27df-46d5-8f11-21a4e34ae50e,0.1987111303864456,1,353,"Fixed: Attempting to change your notification settings for a specific channel would routinely fail. Not in an entertaining way, or the sort that teaches you something important on your way to greater heights. It just didn't do the thing it was designed to do. Sometimes misfortune carries with it no lesson. Anyway, it works again.","keeps getting worse. channels or dms will have new messages but they won't display. I'll select a channel and a different channel (the most recent) will come up. all in all, getting to the point where it's not actually useful anymore."
slack-254,6cb9dcc1-6bed-42f6-b528-31bb3005487d,0.1987011132416902,2,201,"Fixed: Attempting to change your notification settings for a specific channel would routinely fail. Not in an entertaining way, or the sort that teaches you something important on your way to greater heights. It just didn't do the thing it was designed to do. Sometimes misfortune carries with it no lesson. Anyway, it works again.","No previous deprecation notices, no new version on google play, but this version is suddenly not supported. Missing meetings right now figuring out what to do. Awful."
slack-254,eafbbb81-ddda-4c79-907f-e6233958160b,0.19863489957956168,1,281,"Fixed: Attempting to change your notification settings for a specific channel would routinely fail. Not in an entertaining way, or the sort that teaches you something important on your way to greater heights. It just didn't do the thing it was designed to do. Sometimes misfortune carries with it no lesson. Anyway, it works again.",Install it on P40 lite. Not working properly because of missing google play service. Great you need GPS to run slack. Slack development fail without google.
slack-254,f4a589ee-390f-4263-aee9-3f17991ab1d8,0.198583722114563,1,138,"Fixed: Attempting to change your notification settings for a specific channel would routinely fail. Not in an entertaining way, or the sort that teaches you something important on your way to greater heights. It just didn't do the thing it was designed to do. Sometimes misfortune carries with it no lesson. Anyway, it works again.",Work is affected because this app doesn't give any notifications despite having all settings set up
slack-251,f5727ce0-7c36-41da-a49b-f64277c7af5f,0.1983640193939209,1,227,"Fixed: Uploading a new profile picture was sometimes failing, leaving people stuck with their old ones like an unfortunate driver's license photo. Contrary to popular belief, we've never aspired for Slack to feel like going to the DMV, so retake that photo to your heart's content.",Trying to login to my account on mobile takes me in an endless loop. Terrible design
slack-252,ef099cbb-bca8-4bd6-baf0-e658ce3ef65c,0.19790438016255696,2,328,"Fixed: On certain devices, tapping on a notification could lead to a weird state where backing out of a thread would always return you to that message from the notification you tapped. It was a phenomenon as confusing to witness as it is to explain, and we'll all be pleased to never have to experience it again.","Tapping a DM with a 'new messages' icon, does not show the new messages. Have to force-quit in order for it to refresh"
slack-254,4cd724d0-8bec-426a-813d-90308f89907a,0.19787657329014371,1,273,"Fixed: Attempting to change your notification settings for a specific channel would routinely fail. Not in an entertaining way, or the sort that teaches you something important on your way to greater heights. It just didn't do the thing it was designed to do. Sometimes misfortune carries with it no lesson. Anyway, it works again.","Frustrated by the messages not updating unless the app is open. Should be able to get notifications in the background. When the notifications do work, you get all of them regardless of your online status."
slack-251,4d292cd3-3eaf-4e88-ae37-ec90d16e1df6,0.19771175384521486,1,251,"Fixed: Uploading a new profile picture was sometimes failing, leaving people stuck with their old ones like an unfortunate driver's license photo. Contrary to popular belief, we've never aspired for Slack to feel like going to the DMV, so retake that photo to your heart's content.",This app has amnesia. If you go away from the app and then come back it brings up the splash screen and you loose drafts and the location where you were viewing.
slack-252,b7a10807-3a32-4604-9b1f-5341840656d8,0.19764785906847787,1,7,"Fixed: On certain devices, tapping on a notification could lead to a weird state where backing out of a thread would always return you to that message from the notification you tapped. It was a phenomenon as confusing to witness as it is to explain, and we'll all be pleased to never have to experience it again.","In phone iam getting messages but not able to send, getting error as not able to connect"
slack-252,ff65a951-2bbe-4ee1-a05b-472b930f18a8,0.1976244081150402,1,222,"Fixed: On certain devices, tapping on a notification could lead to a weird state where backing out of a thread would always return you to that message from the notification you tapped. It was a phenomenon as confusing to witness as it is to explain, and we'll all be pleased to never have to experience it again.",Unable to update slack fromy mobile . No latest updates are available
slack-254,355fac80-d017-46f6-a102-d915ed3a01a2,0.19749666452407838,0,130,"Fixed: Attempting to change your notification settings for a specific channel would routinely fail. Not in an entertaining way, or the sort that teaches you something important on your way to greater heights. It just didn't do the thing it was designed to do. Sometimes misfortune carries with it no lesson. Anyway, it works again.",Great Lack Of Practical Communication
slack-254,cf4c5198-fc91-4753-9ebf-04f0431c82b4,0.19738593795082787,1,196,"Fixed: Attempting to change your notification settings for a specific channel would routinely fail. Not in an entertaining way, or the sort that teaches you something important on your way to greater heights. It just didn't do the thing it was designed to do. Sometimes misfortune carries with it no lesson. Anyway, it works again.","Avatars of people are mimatched with one another. Unable to read messages. Notifications are pushed after I already read the messages. I have a ticket open with Slack support - sent videos and logs showing all the issues. Support basically telling me its a ""known issue"". The issues are more than 6 mounth old I think. Its almost unusuable at this stage."
slack-254,ef099cbb-bca8-4bd6-baf0-e658ce3ef65c,0.19735316435496014,1,314,"Fixed: Attempting to change your notification settings for a specific channel would routinely fail. Not in an entertaining way, or the sort that teaches you something important on your way to greater heights. It just didn't do the thing it was designed to do. Sometimes misfortune carries with it no lesson. Anyway, it works again.","Tapping a DM with a 'new messages' icon, does not show the new messages. Have to force-quit in order for it to refresh"
slack-254,e9005df2-582c-4f42-a8fd-0e4c8e1aca11,0.1973384097565052,1,276,"Fixed: Attempting to change your notification settings for a specific channel would routinely fail. Not in an entertaining way, or the sort that teaches you something important on your way to greater heights. It just didn't do the thing it was designed to do. Sometimes misfortune carries with it no lesson. Anyway, it works again.","calls don't work since last update. Bluetooth audio doesn't work, speaker audio not even an option. phone behaviour becomes crazy until slack is shut down. if your app is this bad, you revert to a working old version until you get it together..."
slack-254,fbf0ba60-36d5-4ad4-a70a-94f43f78dd9e,0.19715122526342221,1,194,"Fixed: Attempting to change your notification settings for a specific channel would routinely fail. Not in an entertaining way, or the sort that teaches you something important on your way to greater heights. It just didn't do the thing it was designed to do. Sometimes misfortune carries with it no lesson. Anyway, it works again.",Having trouble using slack from last couple of days. Messages were not loading. Tried re installing and am unable to login now.
slack-251,626a0880-bdb3-49b3-9dbd-4ad556abfd41,0.19676523392017073,1,192,"Fixed: Uploading a new profile picture was sometimes failing, leaving people stuck with their old ones like an unfortunate driver's license photo. Contrary to popular belief, we've never aspired for Slack to feel like going to the DMV, so retake that photo to your heart's content.",What has happened to slack today? Unable to send messages and load messages!
slack-254,ce9ca6c9-4625-4aa6-9cef-c15e09a48fb7,0.19663829916999453,1,191,"Fixed: Attempting to change your notification settings for a specific channel would routinely fail. Not in an entertaining way, or the sort that teaches you something important on your way to greater heights. It just didn't do the thing it was designed to do. Sometimes misfortune carries with it no lesson. Anyway, it works again.",Wosrt app always crashes. Have uninstalled it. The name should be changed to lack not slack. As it lacks basics functionalities
slack-251,6402c556-2aee-4672-845a-4afe8fb02271,0.19662651388268723,2,136,"Fixed: Uploading a new profile picture was sometimes failing, leaving people stuck with their old ones like an unfortunate driver's license photo. Contrary to popular belief, we've never aspired for Slack to feel like going to the DMV, so retake that photo to your heart's content.",Looks like an app made by a bunch of amateurs. There is not even a proper sign in option
slack-252,109c27cd-aa5f-4196-baff-559a436852da,0.1965794263062654,2,254,"Fixed: On certain devices, tapping on a notification could lead to a weird state where backing out of a thread would always return you to that message from the notification you tapped. It was a phenomenon as confusing to witness as it is to explain, and we'll all be pleased to never have to experience it again.","When you are typing and you rotate the screen, the text drafted in the chats disappear and you have to type everything again. Please fix this bug."
slack-254,396ebcc1-58f8-45fa-9e09-6241b0beeaa0,0.19654165397990836,1,350,"Fixed: Attempting to change your notification settings for a specific channel would routinely fail. Not in an entertaining way, or the sort that teaches you something important on your way to greater heights. It just didn't do the thing it was designed to do. Sometimes misfortune carries with it no lesson. Anyway, it works again.","Forced updates, auto log out fo no reason. Terribly annoying notifications"
slack-254,2f1e471f-2cdc-44d0-afda-6031841c9ece,0.1963137170101734,2,54,"Fixed: Attempting to change your notification settings for a specific channel would routinely fail. Not in an entertaining way, or the sort that teaches you something important on your way to greater heights. It just didn't do the thing it was designed to do. Sometimes misfortune carries with it no lesson. Anyway, it works again.",I feel like Android app recent update made organization of channels worse. Just one flat group of everything - where are the custom sections and ways to organize? In an enterprise with hundreds of channels it's useless and almost impossible to find the channels I need to monitor.
slack-254,3b342425-b98c-4b34-9cba-56c3e19d3119,0.1961957589785258,1,208,"Fixed: Attempting to change your notification settings for a specific channel would routinely fail. Not in an entertaining way, or the sort that teaches you something important on your way to greater heights. It just didn't do the thing it was designed to do. Sometimes misfortune carries with it no lesson. Anyway, it works again.","Iam using mobile android version 7, slack is showin error, this version is not supported"
slack-251,4e97ace4-0570-47a2-a134-7dbc1445c304,0.1957615940194381,1,27,"Fixed: Uploading a new profile picture was sometimes failing, leaving people stuck with their old ones like an unfortunate driver's license photo. Contrary to popular belief, we've never aspired for Slack to feel like going to the DMV, so retake that photo to your heart's content.","such a buggy and unstable app. it doesn't manage code blocks and mentions properly. editing your drafts, it crashes."
slack-254,76e7e17a-e18a-4403-b813-25e427a89535,0.19570674896240237,1,301,"Fixed: Attempting to change your notification settings for a specific channel would routinely fail. Not in an entertaining way, or the sort that teaches you something important on your way to greater heights. It just didn't do the thing it was designed to do. Sometimes misfortune carries with it no lesson. Anyway, it works again.",Notifications never arrive sometimes and sometimes too late.
slack-254,f3c3febd-eff8-4e8b-937c-a7712484db73,0.19559287374669856,2,87,"Fixed: Attempting to change your notification settings for a specific channel would routinely fail. Not in an entertaining way, or the sort that teaches you something important on your way to greater heights. It just didn't do the thing it was designed to do. Sometimes misfortune carries with it no lesson. Anyway, it works again.","Finally managed to stop Slack closing every time it was minimised, and then the widgets disappeared. I had direct DM widgets set up and they just vanished, as did the option to create more. In fact there are no slack widgets showing at all."
slack-254,3491b171-b2c7-4a82-acf9-616532265466,0.19543152650197348,1,208,"Fixed: Attempting to change your notification settings for a specific channel would routinely fail. Not in an entertaining way, or the sort that teaches you something important on your way to greater heights. It just didn't do the thing it was designed to do. Sometimes misfortune carries with it no lesson. Anyway, it works again.",Suddenly disabled (no in-app deprecation warning) support for my android version.
slack-254,ce6230ba-1e7c-4eba-b145-0d36b73480a2,0.1954087087086269,1,196,"Fixed: Attempting to change your notification settings for a specific channel would routinely fail. Not in an entertaining way, or the sort that teaches you something important on your way to greater heights. It just didn't do the thing it was designed to do. Sometimes misfortune carries with it no lesson. Anyway, it works again.","I can no longer use this app bc my phone is too old, I guess. Which is super unfortunate since I have to have it for my job."
slack-251,ad90b3f0-db01-4da3-8703-f7f53455f45c,0.1953780253728231,1,192,"Fixed: Uploading a new profile picture was sometimes failing, leaving people stuck with their old ones like an unfortunate driver's license photo. Contrary to popular belief, we've never aspired for Slack to feel like going to the DMV, so retake that photo to your heart's content.","Not working... mobile app, desktop software, web site ....unable to send messages"
slack-252,147133cc-d8f6-4ce6-b8ce-a6cd7a5aae38,0.1947518057293362,1,283,"Fixed: On certain devices, tapping on a notification could lead to a weird state where backing out of a thread would always return you to that message from the notification you tapped. It was a phenomenon as confusing to witness as it is to explain, and we'll all be pleased to never have to experience it again.","how many years has it been and the phantom messages bug is still a thing? slack ought to discontinue the android app, it's so clear that iOS is the only version that mattere in head office."
slack-251,d4a11ea0-625e-4527-8ec6-be7e33ecabae,0.19474558830261232,0,27,"Fixed: Uploading a new profile picture was sometimes failing, leaving people stuck with their old ones like an unfortunate driver's license photo. Contrary to popular belief, we've never aspired for Slack to feel like going to the DMV, so retake that photo to your heart's content.",Unreliable in more ways than one.
slack-251,e9005df2-582c-4f42-a8fd-0e4c8e1aca11,0.19465583119281504,1,290,"Fixed: Uploading a new profile picture was sometimes failing, leaving people stuck with their old ones like an unfortunate driver's license photo. Contrary to popular belief, we've never aspired for Slack to feel like going to the DMV, so retake that photo to your heart's content.","calls don't work since last update. Bluetooth audio doesn't work, speaker audio not even an option. phone behaviour becomes crazy until slack is shut down. if your app is this bad, you revert to a working old version until you get it together..."
slack-254,80869988-7adb-493a-bc15-dea44cdf6de6,0.194543785832145,1,245,"Fixed: Attempting to change your notification settings for a specific channel would routinely fail. Not in an entertaining way, or the sort that teaches you something important on your way to greater heights. It just didn't do the thing it was designed to do. Sometimes misfortune carries with it no lesson. Anyway, it works again.","Edit 3: please stop implementing new features like that Hub thing you just did while your basic tools still need fixing. Frustrating Changing my review from  to  as after more than 1 year, the same issue persists. The app constantly crashes during calls and they still can't fix it. Horrible app and the team doesn't even listen to these feedbacks apparently. Being one of the most popular company messaging apps this app should work flawlessly but instead it's so glitchy, it's just frustrating."
slack-252,e563ea48-19d3-4d95-ac35-b346ab02ff34,0.19414048335131479,1,228,"Fixed: On certain devices, tapping on a notification could lead to a weird state where backing out of a thread would always return you to that message from the notification you tapped. It was a phenomenon as confusing to witness as it is to explain, and we'll all be pleased to never have to experience it again.",Unreliable. Often fails to load messages. Slack acknowledged it's a bug but hasn't fixed it for months.
slack-254,0e28356d-c22c-4cb3-b502-e4ab9bb6e504,0.193781115027035,1,13,"Fixed: Attempting to change your notification settings for a specific channel would routinely fail. Not in an entertaining way, or the sort that teaches you something important on your way to greater heights. It just didn't do the thing it was designed to do. Sometimes misfortune carries with it no lesson. Anyway, it works again.",Deleted business workspace of command in 100 people. Unreliable service and don't use it for your company.
slack-254,6483248c-a605-4b8d-ac54-375427e8449f,0.19359872738520306,1,301,"Fixed: Attempting to change your notification settings for a specific channel would routinely fail. Not in an entertaining way, or the sort that teaches you something important on your way to greater heights. It just didn't do the thing it was designed to do. Sometimes misfortune carries with it no lesson. Anyway, it works again.","Stupid updates. It wont work with WiFi, only with mobile data. I checked the PC version, also unusable when using WiFi. Fix thiS ASAP!!!"
slack-254,972f59ae-7261-48a1-ac84-fc427b71bc98,0.19355072324926204,1,64,"Fixed: Attempting to change your notification settings for a specific channel would routinely fail. Not in an entertaining way, or the sort that teaches you something important on your way to greater heights. It just didn't do the thing it was designed to do. Sometimes misfortune carries with it no lesson. Anyway, it works again.","No option for ""unread messages"" making the app just garbage... the most important question is WHY???? If this option available on desktop???"
slack-251,7288f6ab-2c7a-4bbc-a82b-d585630e2c83,0.19332876539230348,1,182,"Fixed: Uploading a new profile picture was sometimes failing, leaving people stuck with their old ones like an unfortunate driver's license photo. Contrary to popular belief, we've never aspired for Slack to feel like going to the DMV, so retake that photo to your heart's content.","So my review suddenly disappeared after the developer ""replied"". STILL NOT GETTING NOTIFICATIONS FOR SOME MESSAGES. YOU GUYS SUCK FOR REMOVING MY REVIEW!!! SCUMBAG MOVE."
slack-252,dd47500f-5a19-4c94-a89c-c1d90207c654,0.19326287508010864,1,364,"Fixed: On certain devices, tapping on a notification could lead to a weird state where backing out of a thread would always return you to that message from the notification you tapped. It was a phenomenon as confusing to witness as it is to explain, and we'll all be pleased to never have to experience it again.",Notifications and navigation to them is just broken
slack-254,fd46e307-6cd4-4271-99bd-6d88221e2ca4,0.19321710538864137,2,351,"Fixed: Attempting to change your notification settings for a specific channel would routinely fail. Not in an entertaining way, or the sort that teaches you something important on your way to greater heights. It just didn't do the thing it was designed to do. Sometimes misfortune carries with it no lesson. Anyway, it works again.","Layout on tablets is horrible, no way to hide channel list. And no way to access settings on tablet, three dot menu button is unresponsive"
slack-254,19b953b4-46dc-4a12-957e-f56fbc1e553c,0.19313000855238543,1,129,"Fixed: Attempting to change your notification settings for a specific channel would routinely fail. Not in an entertaining way, or the sort that teaches you something important on your way to greater heights. It just didn't do the thing it was designed to do. Sometimes misfortune carries with it no lesson. Anyway, it works again.","had difficulty speaking with members during midnight hours. seemed as though there was some default ""do not disturb"" setting, and communication was hindered."
slack-254,f01237eb-a35a-41f2-92f5-0119102e3d9e,0.19289119887996364,1,356,"Fixed: Attempting to change your notification settings for a specific channel would routinely fail. Not in an entertaining way, or the sort that teaches you something important on your way to greater heights. It just didn't do the thing it was designed to do. Sometimes misfortune carries with it no lesson. Anyway, it works again.","Upgraded to the new version today, screen just shakes till u change the note u are looking at to just that note. Makes it impossible to read and understand instructions and create a reply. Very poor product"
slack-252,b5c768f1-4d2a-4022-b0fb-73ef00441476,0.1927224225997925,2,92,"Fixed: On certain devices, tapping on a notification could lead to a weird state where backing out of a thread would always return you to that message from the notification you tapped. It was a phenomenon as confusing to witness as it is to explain, and we'll all be pleased to never have to experience it again.","Still unable to change profile picture with new update, which is the only reason I got the mobile app. Unsure why it was taken off."
slack-252,e3071304-b601-4ac1-be5b-4b103b03b2f3,0.192715386468537,1,311,"Fixed: On certain devices, tapping on a notification could lead to a weird state where backing out of a thread would always return you to that message from the notification you tapped. It was a phenomenon as confusing to witness as it is to explain, and we'll all be pleased to never have to experience it again.",This requires updates constantly whether you use on phone or computer. If you arent up to date it malfunctions terribly. It also shows you as away the moment your screen times out or the moment you are inactive on the platform - stupid and pointless for business teams on WFH.
slack-252,6483248c-a605-4b8d-ac54-375427e8449f,0.19268380800882975,1,315,"Fixed: On certain devices, tapping on a notification could lead to a weird state where backing out of a thread would always return you to that message from the notification you tapped. It was a phenomenon as confusing to witness as it is to explain, and we'll all be pleased to never have to experience it again.","Stupid updates. It wont work with WiFi, only with mobile data. I checked the PC version, also unusable when using WiFi. Fix thiS ASAP!!!"
slack-254,6402c556-2aee-4672-845a-4afe8fb02271,0.1923682777505172,1,122,"Fixed: Attempting to change your notification settings for a specific channel would routinely fail. Not in an entertaining way, or the sort that teaches you something important on your way to greater heights. It just didn't do the thing it was designed to do. Sometimes misfortune carries with it no lesson. Anyway, it works again.",Looks like an app made by a bunch of amateurs. There is not even a proper sign in option
slack-254,c1adcf40-94f8-4f4c-a149-c52090944ee7,0.19231992634859954,1,19,"Fixed: Attempting to change your notification settings for a specific channel would routinely fail. Not in an entertaining way, or the sort that teaches you something important on your way to greater heights. It just didn't do the thing it was designed to do. Sometimes misfortune carries with it no lesson. Anyway, it works again.","Slack is suddenly only pushing private messages and nothing else, no changes have been made. It's as if it's on do not disturb, which it's not. Verified all settings on phone and desktop. Pretty well makes this app useless with no notifications being sent"
slack-252,7654e6af-28a3-451a-b01e-95b81d865639,0.19228960673014323,1,350,"Fixed: On certain devices, tapping on a notification could lead to a weird state where backing out of a thread would always return you to that message from the notification you tapped. It was a phenomenon as confusing to witness as it is to explain, and we'll all be pleased to never have to experience it again.",Latest update is awful and unusable
slack-254,dde0a494-2dbd-460f-a05b-6b4cb9cd0e16,0.19204562354732205,1,49,"Fixed: Attempting to change your notification settings for a specific channel would routinely fail. Not in an entertaining way, or the sort that teaches you something important on your way to greater heights. It just didn't do the thing it was designed to do. Sometimes misfortune carries with it no lesson. Anyway, it works again.",Constantly freezes and stops. Won't let you type messages. Keeps sending self to home screen. Won't let you update status - you can push the button 50 times with no result. Desktop app is fine. Mobile simply nonfunctional.
slack-251,15ae046f-9462-4059-aa4c-512e7145a3f3,0.19180435149565989,1,287,"Fixed: Uploading a new profile picture was sometimes failing, leaving people stuck with their old ones like an unfortunate driver's license photo. Contrary to popular belief, we've never aspired for Slack to feel like going to the DMV, so retake that photo to your heart's content.","New ui is simply rubbish and you can't even turn it off. Members and Pinned Items menus are now clickable hovering menus with terrible spacing. I can't manage an incident effectively if I don't see who has joined, who is online at a glance. It's not like we REALLY NEEDED that empty space on the right side. THAT'S WHERE THE ALWAYS VISIBLE MEMBERS MENU SHOULD GO, PERIOD."
slack-254,52ea8ca2-46b0-4587-a354-b437f237ff9a,0.1917905418496383,1,178,"Fixed: Attempting to change your notification settings for a specific channel would routinely fail. Not in an entertaining way, or the sort that teaches you something important on your way to greater heights. It just didn't do the thing it was designed to do. Sometimes misfortune carries with it no lesson. Anyway, it works again.","After following help desk's suggestions, I can no longer login my workspace. The app has totally gone useless. Sigh."
slack-254,55d607d4-7a25-48fa-808b-226c4d9f2656,0.19178172490176035,1,184,"Fixed: Attempting to change your notification settings for a specific channel would routinely fail. Not in an entertaining way, or the sort that teaches you something important on your way to greater heights. It just didn't do the thing it was designed to do. Sometimes misfortune carries with it no lesson. Anyway, it works again.","This app don't care about customer, no longer supported old version of os. I'm moving to discord."
slack-251,8076ba36-441f-40fa-9ebf-c9609f4ef7d1,0.19170966488974434,2,256,"Fixed: Uploading a new profile picture was sometimes failing, leaving people stuck with their old ones like an unfortunate driver's license photo. Contrary to popular belief, we've never aspired for Slack to feel like going to the DMV, so retake that photo to your heart's content.",Have reached out to your support but useless. They don't even bother to respond
slack-254,a3fb420d-bed8-4476-822b-b9f0ddcd0fe7,0.19170852585842738,2,89,"Fixed: Attempting to change your notification settings for a specific channel would routinely fail. Not in an entertaining way, or the sort that teaches you something important on your way to greater heights. It just didn't do the thing it was designed to do. Sometimes misfortune carries with it no lesson. Anyway, it works again.","Can't remove or sign out of workspaces. Don't use the mobile app. If you have to use slack, stick with a browser. This is a bug they've known about for a long time and will likely never fix."
slack-252,f3a766c3-e267-4468-83fe-4d3ad402d081,0.19144941259313514,1,301,"Fixed: On certain devices, tapping on a notification could lead to a weird state where backing out of a thread would always return you to that message from the notification you tapped. It was a phenomenon as confusing to witness as it is to explain, and we'll all be pleased to never have to experience it again.","This app is becoming disaster, real time message not syncing. Even on manual attempt it's showing their is a new messages but still not sync or view."
slack-252,78dc49c9-67fa-488d-8c59-6fa62a79a76e,0.19140001648948307,1,350,"Fixed: On certain devices, tapping on a notification could lead to a weird state where backing out of a thread would always return you to that message from the notification you tapped. It was a phenomenon as confusing to witness as it is to explain, and we'll all be pleased to never have to experience it again.","Ever since the last update it's working very slowly, conversations take about 10 seconds to load making it impossible to use"
slack-254,d32ab63c-f897-4d55-8891-fb4f589b0fca,0.19125741411138464,1,113,"Fixed: Attempting to change your notification settings for a specific channel would routinely fail. Not in an entertaining way, or the sort that teaches you something important on your way to greater heights. It just didn't do the thing it was designed to do. Sometimes misfortune carries with it no lesson. Anyway, it works again.","Can't review the app as its not compatible with my samsung tablet , So totally useless in my case .not everybody has a desk too pc or laptop...."
slack-252,142204ef-eb87-45b1-b51c-6e7421303e45,0.19108988841374716,1,283,"Fixed: On certain devices, tapping on a notification could lead to a weird state where backing out of a thread would always return you to that message from the notification you tapped. It was a phenomenon as confusing to witness as it is to explain, and we'll all be pleased to never have to experience it again.",The app is loading since I installed it unable to access it
slack-252,81347b34-e943-4270-ba2b-610e8b8f1927,0.19094685768258984,1,256,"Fixed: On certain devices, tapping on a notification could lead to a weird state where backing out of a thread would always return you to that message from the notification you tapped. It was a phenomenon as confusing to witness as it is to explain, and we'll all be pleased to never have to experience it again.","After the most recent update, I can no longer access any messages. I still get notifications, so I know people are talking, but they never load in the app."
slack-251,aeeb5318-fc8c-4c28-a2ca-bcd01491c3b2,0.19093487470046336,1,341,"Fixed: Uploading a new profile picture was sometimes failing, leaving people stuck with their old ones like an unfortunate driver's license photo. Contrary to popular belief, we've never aspired for Slack to feel like going to the DMV, so retake that photo to your heart's content.","Extremely buggy at the moment. It is impossible to select the channel I want - it always sends me to a different one than the one I've selected. Today I went into one channel to remove myself, and it kicked me from a totally different channel than the one I was in! Very annoying."
slack-252,aa7cded0-3c76-448a-b013-0f465e888b7a,0.19048926943824407,1,222,"Fixed: On certain devices, tapping on a notification could lead to a weird state where backing out of a thread would always return you to that message from the notification you tapped. It was a phenomenon as confusing to witness as it is to explain, and we'll all be pleased to never have to experience it again.","Stopped working on my phone with very obscure reasoning about Android 7, when every other app works fine on Android 7."
slack-252,cf4c5198-fc91-4753-9ebf-04f0431c82b4,0.19039000565545602,1,210,"Fixed: On certain devices, tapping on a notification could lead to a weird state where backing out of a thread would always return you to that message from the notification you tapped. It was a phenomenon as confusing to witness as it is to explain, and we'll all be pleased to never have to experience it again.","Avatars of people are mimatched with one another. Unable to read messages. Notifications are pushed after I already read the messages. I have a ticket open with Slack support - sent videos and logs showing all the issues. Support basically telling me its a ""known issue"". The issues are more than 6 mounth old I think. Its almost unusuable at this stage."
slack-252,45f39c30-7968-4205-b96a-5bf4bea6f4a1,0.19024003903071088,1,304,"Fixed: On certain devices, tapping on a notification could lead to a weird state where backing out of a thread would always return you to that message from the notification you tapped. It was a phenomenon as confusing to witness as it is to explain, and we'll all be pleased to never have to experience it again.","So buggy, most of time doesn't work. Read DM's don't go away, even after reboot."
slack-252,9d46c301-35d6-4722-bfda-b7a87a62c36e,0.1901432650429862,1,18,"Fixed: On certain devices, tapping on a notification could lead to a weird state where backing out of a thread would always return you to that message from the notification you tapped. It was a phenomenon as confusing to witness as it is to explain, and we'll all be pleased to never have to experience it again.",I'm unable to install on my phone (One Plus 9). I get error msg.
slack-254,b2ec8be8-127c-4b79-87ae-09e84b6fd1e3,0.19010771251306302,1,356,"Fixed: Attempting to change your notification settings for a specific channel would routinely fail. Not in an entertaining way, or the sort that teaches you something important on your way to greater heights. It just didn't do the thing it was designed to do. Sometimes misfortune carries with it no lesson. Anyway, it works again.","Buggy AF, constant notifications about stuff that's already read (and not just one, today I've been notified about a read message 5 times) and then sometimes just no notifications. Also giphy is unusable on mobile. Plenty more things too, very disappointing."
slack-251,6e7a3737-6f8f-4657-bf8f-c457d7b1626b,0.18988877534866333,0,210,"Fixed: Uploading a new profile picture was sometimes failing, leaving people stuck with their old ones like an unfortunate driver's license photo. Contrary to popular belief, we've never aspired for Slack to feel like going to the DMV, so retake that photo to your heart's content.",I can't change my pfp.
slack-252,698125d6-6c8d-4297-97fb-31c34c60d147,0.1898646396139394,1,28,"Fixed: On certain devices, tapping on a notification could lead to a weird state where backing out of a thread would always return you to that message from the notification you tapped. It was a phenomenon as confusing to witness as it is to explain, and we'll all be pleased to never have to experience it again.","I crash on startup. This is fixed by clearing the cache. But anyway because of the problem, I rate the app 3 stars"
slack-252,f9d11183-8bbd-4020-a0ef-9a5fd265d3a8,0.18985715996135366,2,207,"Fixed: On certain devices, tapping on a notification could lead to a weird state where backing out of a thread would always return you to that message from the notification you tapped. It was a phenomenon as confusing to witness as it is to explain, and we'll all be pleased to never have to experience it again.","The unread notifications badge keep showing me that I have some, unless I open the notification from the notifications panel. Any suggestion?"
slack-254,56af4451-c81a-49c9-91de-97aea3533d55,0.1898000758627187,1,111,"Fixed: Attempting to change your notification settings for a specific channel would routinely fail. Not in an entertaining way, or the sort that teaches you something important on your way to greater heights. It just didn't do the thing it was designed to do. Sometimes misfortune carries with it no lesson. Anyway, it works again.","Cannot sign in. The ""magic link"" feature is terrible. The ""open in slack"" button doesn't work. I cannot join any of my organizations."
slack-252,24d4d855-e673-4c72-b9cf-c70bce29136f,0.18966605627175534,1,264,"Fixed: On certain devices, tapping on a notification could lead to a weird state where backing out of a thread would always return you to that message from the notification you tapped. It was a phenomenon as confusing to witness as it is to explain, and we'll all be pleased to never have to experience it again.","Ever since the last update nothing works anymore on Android. Names of message recipients do not show, app crashes constantly, visual layout is absolutely messed up, available channels do not show... absolute nightmare."
slack-252,626a0880-bdb3-49b3-9dbd-4ad556abfd41,0.18966286365802473,1,192,"Fixed: On certain devices, tapping on a notification could lead to a weird state where backing out of a thread would always return you to that message from the notification you tapped. It was a phenomenon as confusing to witness as it is to explain, and we'll all be pleased to never have to experience it again.",What has happened to slack today? Unable to send messages and load messages!
slack-252,9dd3c619-37a7-4c80-a3d5-05e6193888d7,0.18923825195857458,1,192,"Fixed: On certain devices, tapping on a notification could lead to a weird state where backing out of a thread would always return you to that message from the notification you tapped. It was a phenomenon as confusing to witness as it is to explain, and we'll all be pleased to never have to experience it again.","After updating with latest version, I am not able to open the slack app .."
slack-254,8e871d3b-e53a-49a2-b5d4-e8a48232f093,0.18911575476328532,1,304,"Fixed: Attempting to change your notification settings for a specific channel would routinely fail. Not in an entertaining way, or the sort that teaches you something important on your way to greater heights. It just didn't do the thing it was designed to do. Sometimes misfortune carries with it no lesson. Anyway, it works again.","Does what it's supposed to. Notification are horrible, keep receiving them 30mins after the message and sometimes after I read them on my laptop"
slack-254,47a172ec-4e6d-4eb7-b1f7-4b36da65e53b,0.18900061347267844,1,183,"Fixed: Attempting to change your notification settings for a specific channel would routinely fail. Not in an entertaining way, or the sort that teaches you something important on your way to greater heights. It just didn't do the thing it was designed to do. Sometimes misfortune carries with it no lesson. Anyway, it works again.","I'll change this after they either get back to me or fix this. Android - my new message notifications won't go away, as if I haven't seen them, and I can no longer view older messages from those same people. I also go on a channel and it'll say 10+ new messages and they're not new, I've seen them, but the notification keeps sending me way up the channel for no reason. No updates to fix these bugs."
slack-252,6d3417b1-7c81-4b62-9b71-ef095d46aee5,0.18898933728535972,1,18,"Fixed: On certain devices, tapping on a notification could lead to a weird state where backing out of a thread would always return you to that message from the notification you tapped. It was a phenomenon as confusing to witness as it is to explain, and we'll all be pleased to never have to experience it again.","It's still giving me an ""unable to update notification settings"" error after I gave the app unrestricted battery usage. I did the troubleshooting but it can't seem to find the error. I've double checked all the settings I can find, maybe there's some kind of incompatibility going on?"
slack-254,0fe21e38-ba86-4885-95b2-6838ec1efbcd,0.18896926533092154,1,178,"Fixed: Attempting to change your notification settings for a specific channel would routinely fail. Not in an entertaining way, or the sort that teaches you something important on your way to greater heights. It just didn't do the thing it was designed to do. Sometimes misfortune carries with it no lesson. Anyway, it works again.",Slack not working.. something went wrong while signing..unable to signin..
slack-252,ca2257c1-f720-4cd4-a072-1b8fa438e4ce,0.18876320804868427,1,294,"Fixed: On certain devices, tapping on a notification could lead to a weird state where backing out of a thread would always return you to that message from the notification you tapped. It was a phenomenon as confusing to witness as it is to explain, and we'll all be pleased to never have to experience it again.","Terribly slow app. Mesaages are delayed, so much lag between clicking something and it loading. Sometimes messages do not even appear. Love slack, but android app is horrible."
slack-251,113ff646-8d44-4e6c-a722-bc5c306861de,0.18875826804534251,1,7,"Fixed: Uploading a new profile picture was sometimes failing, leaving people stuck with their old ones like an unfortunate driver's license photo. Contrary to popular belief, we've never aspired for Slack to feel like going to the DMV, so retake that photo to your heart's content.","I always have problems with this app posting pictures, and it runs very slowly. It constantly changes screens when I try to type in a group chat, and the picture will never load or upload, and when I click on a photo, it shows me something else. This app is very broken."
slack-254,af0872aa-3a31-4299-af66-ec23f4f989f8,0.1886034631729126,1,165,"Fixed: Attempting to change your notification settings for a specific channel would routinely fail. Not in an entertaining way, or the sort that teaches you something important on your way to greater heights. It just didn't do the thing it was designed to do. Sometimes misfortune carries with it no lesson. Anyway, it works again.",Blocked my old phone OS without any warning. Not cool.
slack-251,8e871d3b-e53a-49a2-b5d4-e8a48232f093,0.18859016100565593,1,318,"Fixed: Uploading a new profile picture was sometimes failing, leaving people stuck with their old ones like an unfortunate driver's license photo. Contrary to popular belief, we've never aspired for Slack to feel like going to the DMV, so retake that photo to your heart's content.","Does what it's supposed to. Notification are horrible, keep receiving them 30mins after the message and sometimes after I read them on my laptop"
slack-254,9c6c9aea-4eed-4dbd-8cf1-f038e8ed0020,0.18851592955381977,1,13,"Fixed: Attempting to change your notification settings for a specific channel would routinely fail. Not in an entertaining way, or the sort that teaches you something important on your way to greater heights. It just didn't do the thing it was designed to do. Sometimes misfortune carries with it no lesson. Anyway, it works again.",You should not use application for business. Dropped workspace without any reason and warnings. I guess it will be impossible to get refund
slack-254,4adaa2da-6005-4ed4-844d-3cbc243b91e0,0.18847029173012936,1,243,"Fixed: Attempting to change your notification settings for a specific channel would routinely fail. Not in an entertaining way, or the sort that teaches you something important on your way to greater heights. It just didn't do the thing it was designed to do. Sometimes misfortune carries with it no lesson. Anyway, it works again.","kind of a copy of discord for offices. Bit complicated to use, and when sending videos, it makes a shadow file which is impossible to get rid of. and many more notification bugs"
slack-252,07f5a2c0-2725-40a0-8d89-5882dd95be4a,0.188252169377095,1,58,"Fixed: On certain devices, tapping on a notification could lead to a weird state where backing out of a thread would always return you to that message from the notification you tapped. It was a phenomenon as confusing to witness as it is to explain, and we'll all be pleased to never have to experience it again.","If you are removed from a server then try to access it, the app will always display 'invalid authentication.' You cannot go back to any other servers you're in. Closing the app will not reset this."
slack-249,8082cc8e-91b3-4ad1-a83d-218b174da54e,0.18820363680521646,1,140,"A little reminder as you go about your day: The world is a more unique place simply because you're a part of it, and you've impacted others in ways you can't imagine. Oh, and no big changes to the app this time. Happy messaging.",Not working worst app time waste
slack-254,9e345f96-069c-4f78-adf5-f8a76bf69778,0.18820286880839956,1,29,"Fixed: Attempting to change your notification settings for a specific channel would routinely fail. Not in an entertaining way, or the sort that teaches you something important on your way to greater heights. It just didn't do the thing it was designed to do. Sometimes misfortune carries with it no lesson. Anyway, it works again.",Joke of an app just use messenger save yourself the frustration.
slack-251,48a2540b-eb09-42c7-a0c1-1e7a971ac948,0.18798604091008506,1,166,"Fixed: Uploading a new profile picture was sometimes failing, leaving people stuck with their old ones like an unfortunate driver's license photo. Contrary to popular belief, we've never aspired for Slack to feel like going to the DMV, so retake that photo to your heart's content.","Worst messaging app I have on my phone. Sent me a push notification, tapped it and in the app the conversation isn't updated to include the msg from the push."
slack-252,5391e5cc-0696-49eb-8452-7df6f944a0ed,0.18778949369464004,2,222,"Fixed: On certain devices, tapping on a notification could lead to a weird state where backing out of a thread would always return you to that message from the notification you tapped. It was a phenomenon as confusing to witness as it is to explain, and we'll all be pleased to never have to experience it again.","Most recent string of updates make Android app unusable. Threads, DMs, etc do not update or show an update dot but not have new content. Really sad when on a business plan, you cannoy trust the app to properly function for business critical functions. Update: would give zero stars if possible. App continues to be extremely buggy, will not load message properly and is often nonfunctional. It's bad enough that I have had work team/Dept stop using and working to stop using company wide."
slack-252,fbce10e1-0c48-44e0-b6d5-abc49b4a45aa,0.18754148763768813,2,350,"Fixed: On certain devices, tapping on a notification could lead to a weird state where backing out of a thread would always return you to that message from the notification you tapped. It was a phenomenon as confusing to witness as it is to explain, and we'll all be pleased to never have to experience it again.","Have to update constantly in order to get notifications to sound off properly, defeats the whole point"
slack-251,d7f336ab-c42d-494b-aed2-c1ecd992434f,0.18750455379486086,0,298,"Fixed: Uploading a new profile picture was sometimes failing, leaving people stuck with their old ones like an unfortunate driver's license photo. Contrary to popular belief, we've never aspired for Slack to feel like going to the DMV, so retake that photo to your heart's content.","No chat label is visible... Black screen all around, only ""green active"" icon visible..."
slack-254,44096af3-1e3c-4b7b-8394-acf8a89c6ea3,0.18746801684884468,1,25,"Fixed: Attempting to change your notification settings for a specific channel would routinely fail. Not in an entertaining way, or the sort that teaches you something important on your way to greater heights. It just didn't do the thing it was designed to do. Sometimes misfortune carries with it no lesson. Anyway, it works again.","Impossible to log in. I've tried both a magic link and manual sign in and neither work for different workspaces across two separate email accounts. Updated the app, restarted it several times, still nothing."
slack-251,5f95faf2-f589-4134-b43d-c4728fa0f543,0.1874048153559367,1,8,"Fixed: Uploading a new profile picture was sometimes failing, leaving people stuck with their old ones like an unfortunate driver's license photo. Contrary to popular belief, we've never aspired for Slack to feel like going to the DMV, so retake that photo to your heart's content.",The app just randomly lost about the last months messages in a channel. Had to sign out and in again to get them back.
slack-252,a1c3c091-7e26-433a-b02b-c7ef0f9c90fd,0.18736915191014608,1,256,"Fixed: On certain devices, tapping on a notification could lead to a weird state where backing out of a thread would always return you to that message from the notification you tapped. It was a phenomenon as confusing to witness as it is to explain, and we'll all be pleased to never have to experience it again.",Everytime I get slack call it hangs and feel difficult to use.
slack-250,c0b6281f-2852-4dbc-89c5-58ea1c8b4de5,0.18724976062774662,1,315,"Dash on over to the Quick Switcher to find that searches will more accurately return channels with dashes in their names. If your hopes were previously dashed, we ask for a dash of forgiveness and wish to say you're looking very dashing today.",A place of scamming people
slack-252,4345a64d-9ee6-485d-9adc-628d6ed12e76,0.18719025243792617,2,247,"Fixed: On certain devices, tapping on a notification could lead to a weird state where backing out of a thread would always return you to that message from the notification you tapped. It was a phenomenon as confusing to witness as it is to explain, and we'll all be pleased to never have to experience it again.","UPDATE 8/7: App for Android is still not working, and support had the nerve to pretend it's my fault. Obvioulsy not if other reviews are saying the workspaces don't change and still no notifications! I have to work with this app and I need this while on-call. NOW what do I do? Please fix it! 7/19: The workspaces and notifications stopped working right after the newest update was released last week 7/15. I'm seeing on reviews that it's not just me. Please address this issue and fix the bugs."
slack-252,b7896665-fbbe-4a96-a8e6-980bd6055d9a,0.1869485866455805,1,330,"Fixed: On certain devices, tapping on a notification could lead to a weird state where backing out of a thread would always return you to that message from the notification you tapped. It was a phenomenon as confusing to witness as it is to explain, and we'll all be pleased to never have to experience it again.",It just will not load new message and when it does it'll load half of them. Channels get stuck loading too.
slack-252,dc796a37-02f8-4b10-9f72-e1a4b773f76b,0.18683895458254898,2,354,"Fixed: On certain devices, tapping on a notification could lead to a weird state where backing out of a thread would always return you to that message from the notification you tapped. It was a phenomenon as confusing to witness as it is to explain, and we'll all be pleased to never have to experience it again.",App gets confused and shows you the messages from the wrong channel all the time! Why does a conversation with someone disappear from the list of conversations just because there is a new message? Just highlight it or display it in both the unread and the normal location. Removing it from the convo list is just confusing!
slack-251,fd05430e-0a6f-4370-8cdd-44b8b775306d,0.18673032260522612,1,348,"Fixed: Uploading a new profile picture was sometimes failing, leaving people stuck with their old ones like an unfortunate driver's license photo. Contrary to popular belief, we've never aspired for Slack to feel like going to the DMV, so retake that photo to your heart's content.",Slack on Android tablets is a dumpster fire. I can't believe the severe UI malfunctions on-going for weeks. Seems like Slack's workaround is to ... eliminate the landscape mode? 0/10 may migrate my engineering org back to Jabber or IRC.
slack-254,ca2257c1-f720-4cd4-a072-1b8fa438e4ce,0.18666210855756488,1,280,"Fixed: Attempting to change your notification settings for a specific channel would routinely fail. Not in an entertaining way, or the sort that teaches you something important on your way to greater heights. It just didn't do the thing it was designed to do. Sometimes misfortune carries with it no lesson. Anyway, it works again.","Terribly slow app. Mesaages are delayed, so much lag between clicking something and it loading. Sometimes messages do not even appear. Love slack, but android app is horrible."
slack-252,33deb931-b04b-433b-ba7c-fdc6f04a09e5,0.1865724563598633,1,305,"Fixed: On certain devices, tapping on a notification could lead to a weird state where backing out of a thread would always return you to that message from the notification you tapped. It was a phenomenon as confusing to witness as it is to explain, and we'll all be pleased to never have to experience it again.","Worst App ,fails to login through magic link"
slack-254,034b068b-ceb4-4bbd-9ee8-47235f208c3a,0.18633620630611075,1,245,"Fixed: Attempting to change your notification settings for a specific channel would routinely fail. Not in an entertaining way, or the sort that teaches you something important on your way to greater heights. It just didn't do the thing it was designed to do. Sometimes misfortune carries with it no lesson. Anyway, it works again.","Cannot sign in, error message says ""Your request cannot be processed"""
slack-251,2986254c-71d8-4d0a-8074-47ae8dbfc3e3,0.18631171226501467,1,76,"Fixed: Uploading a new profile picture was sometimes failing, leaving people stuck with their old ones like an unfortunate driver's license photo. Contrary to popular belief, we've never aspired for Slack to feel like going to the DMV, so retake that photo to your heart's content.",My company email is not being accepted by the app.
slack-254,a9732ae2-882b-4c45-9996-a26ee91ea530,0.186289965022694,1,200,"Fixed: Attempting to change your notification settings for a specific channel would routinely fail. Not in an entertaining way, or the sort that teaches you something important on your way to greater heights. It just didn't do the thing it was designed to do. Sometimes misfortune carries with it no lesson. Anyway, it works again.",Not able to sign in on mobile without jumping through hoops
slack-252,a2c71f3a-272f-4d9b-8c61-86ff5dfcdc67,0.1860505951775445,1,50,"Fixed: On certain devices, tapping on a notification could lead to a weird state where backing out of a thread would always return you to that message from the notification you tapped. It was a phenomenon as confusing to witness as it is to explain, and we'll all be pleased to never have to experience it again.",Cannot just open in the brower. Both options link to the app store. That is useless and annoying.
slack-254,2e10a1bb-eeb0-4288-ad4a-402ab0da70a8,0.1857035277024755,2,276,"Fixed: Attempting to change your notification settings for a specific channel would routinely fail. Not in an entertaining way, or the sort that teaches you something important on your way to greater heights. It just didn't do the thing it was designed to do. Sometimes misfortune carries with it no lesson. Anyway, it works again.","Notifications for a whole channel just don't show up. Every time I open a channel in any workspace, the whole screen shakes and I can't do anything. No buttons work. I can't add a message. The only thing I can do is reply to an existing message. It's made the app virtually useless."
slack-254,d9cafaa0-306f-4515-8693-6b214c26188b,0.18560028076171875,1,36,"Fixed: Attempting to change your notification settings for a specific channel would routinely fail. Not in an entertaining way, or the sort that teaches you something important on your way to greater heights. It just didn't do the thing it was designed to do. Sometimes misfortune carries with it no lesson. Anyway, it works again.",Iam not recieving any notification. I uninstalled and installed again and now not able to login
slack-252,fd05430e-0a6f-4370-8cdd-44b8b775306d,0.18546854926318657,2,348,"Fixed: On certain devices, tapping on a notification could lead to a weird state where backing out of a thread would always return you to that message from the notification you tapped. It was a phenomenon as confusing to witness as it is to explain, and we'll all be pleased to never have to experience it again.",Slack on Android tablets is a dumpster fire. I can't believe the severe UI malfunctions on-going for weeks. Seems like Slack's workaround is to ... eliminate the landscape mode? 0/10 may migrate my engineering org back to Jabber or IRC.
slack-251,a934c211-298e-47fd-ba20-403c8d672c32,0.18532058238983157,1,151,"Fixed: Uploading a new profile picture was sometimes failing, leaving people stuck with their old ones like an unfortunate driver's license photo. Contrary to popular belief, we've never aspired for Slack to feel like going to the DMV, so retake that photo to your heart's content.",I'm having a hard time signing in on this app.
slack-251,67a8d75c-bf49-4fb7-9ada-48e48bbb1c00,0.1851459690502712,1,26,"Fixed: Uploading a new profile picture was sometimes failing, leaving people stuck with their old ones like an unfortunate driver's license photo. Contrary to popular belief, we've never aspired for Slack to feel like going to the DMV, so retake that photo to your heart's content.","Politicized app, I don't recommend using it. Your data can be deleted and work stopped at any time without a reason, remember that it can happen with you"
slack-252,63df09b2-2508-432d-bde2-7e59a3f453f0,0.18494100835588245,1,289,"Fixed: On certain devices, tapping on a notification could lead to a weird state where backing out of a thread would always return you to that message from the notification you tapped. It was a phenomenon as confusing to witness as it is to explain, and we'll all be pleased to never have to experience it again.",Load up very slow that's the only issue here
slack-251,617aa2a0-567f-4330-b9ee-c5fc90fb77bc,0.1848662611209985,1,93,"Fixed: Uploading a new profile picture was sometimes failing, leaving people stuck with their old ones like an unfortunate driver's license photo. Contrary to popular belief, we've never aspired for Slack to feel like going to the DMV, so retake that photo to your heart's content.","Refuses to log in. Stupid method to log in via a confirmation email instead of password! Slack used to be great, now both desktop and phone apps are just unresponsive, annoying and ineffective."
slack-252,be48ceeb-d96a-417d-bdda-8af288a9db0c,0.18482653004057867,1,360,"Fixed: On certain devices, tapping on a notification could lead to a weird state where backing out of a thread would always return you to that message from the notification you tapped. It was a phenomenon as confusing to witness as it is to explain, and we'll all be pleased to never have to experience it again.",Messages are always delayed in the app. If u don't keep the app open in ur phone u wll get messages 10 late. & It's very slow to load messages even If u keep it open. While the world is moving to 5G this app is behind 2G
slack-254,a2c71f3a-272f-4d9b-8c61-86ff5dfcdc67,0.18476181162728206,1,36,"Fixed: Attempting to change your notification settings for a specific channel would routinely fail. Not in an entertaining way, or the sort that teaches you something important on your way to greater heights. It just didn't do the thing it was designed to do. Sometimes misfortune carries with it no lesson. Anyway, it works again.",Cannot just open in the brower. Both options link to the app store. That is useless and annoying.
slack-252,00e2e5bb-2cb4-4337-88e4-1d95a76e562a,0.18458248268474234,1,293,"Fixed: On certain devices, tapping on a notification could lead to a weird state where backing out of a thread would always return you to that message from the notification you tapped. It was a phenomenon as confusing to witness as it is to explain, and we'll all be pleased to never have to experience it again.",Unreliable. Won't show some messages. Navigation breaks from time to time.
slack-252,6f8d2068-995d-4a64-8fb5-b83f7e99eba8,0.18446348905563356,0,92,"Fixed: On certain devices, tapping on a notification could lead to a weird state where backing out of a thread would always return you to that message from the notification you tapped. It was a phenomenon as confusing to witness as it is to explain, and we'll all be pleased to never have to experience it again.",Buggy. Messages are not displayed/synced properly.
slack-254,52ba72ae-124e-4dc0-8758-76b20a66d3b1,0.18443754597714074,1,208,"Fixed: Attempting to change your notification settings for a specific channel would routinely fail. Not in an entertaining way, or the sort that teaches you something important on your way to greater heights. It just didn't do the thing it was designed to do. Sometimes misfortune carries with it no lesson. Anyway, it works again.","Instantly it stopped working with my Android 7. No warnings in advance, nothing to give me time to migrate."
slack-254,24d4d855-e673-4c72-b9cf-c70bce29136f,0.18435485326882564,1,250,"Fixed: Attempting to change your notification settings for a specific channel would routinely fail. Not in an entertaining way, or the sort that teaches you something important on your way to greater heights. It just didn't do the thing it was designed to do. Sometimes misfortune carries with it no lesson. Anyway, it works again.","Ever since the last update nothing works anymore on Android. Names of message recipients do not show, app crashes constantly, visual layout is absolutely messed up, available channels do not show... absolute nightmare."
slack-251,01892193-2147-42e0-9607-de9034d30f8d,0.18430356121063235,1,202,"Fixed: Uploading a new profile picture was sometimes failing, leaving people stuck with their old ones like an unfortunate driver's license photo. Contrary to popular belief, we've never aspired for Slack to feel like going to the DMV, so retake that photo to your heart's content.",Constantly asking me to sign in. Sign back in and then back to starting screen. Have to start the login process over and over again.
slack-254,73e19607-b4f5-4fac-8ee1-90c9e2ffb1c4,0.18427067518234252,2,355,"Fixed: Attempting to change your notification settings for a specific channel would routinely fail. Not in an entertaining way, or the sort that teaches you something important on your way to greater heights. It just didn't do the thing it was designed to do. Sometimes misfortune carries with it no lesson. Anyway, it works again.",beta version signed me out and I could not sign back in. company uses sso and after that the pin entry screen was blank with just the dots. no way to access app. had to revert to non beta channel.
slack-251,b7a10807-3a32-4604-9b1f-5341840656d8,0.1842631354051478,1,7,"Fixed: Uploading a new profile picture was sometimes failing, leaving people stuck with their old ones like an unfortunate driver's license photo. Contrary to popular belief, we've never aspired for Slack to feel like going to the DMV, so retake that photo to your heart's content.","In phone iam getting messages but not able to send, getting error as not able to connect"
slack-252,c1adcf40-94f8-4f4c-a149-c52090944ee7,0.1841181364926425,1,33,"Fixed: On certain devices, tapping on a notification could lead to a weird state where backing out of a thread would always return you to that message from the notification you tapped. It was a phenomenon as confusing to witness as it is to explain, and we'll all be pleased to never have to experience it again.","Slack is suddenly only pushing private messages and nothing else, no changes have been made. It's as if it's on do not disturb, which it's not. Verified all settings on phone and desktop. Pretty well makes this app useless with no notifications being sent"
slack-252,6a729604-ee8a-4a99-bb6a-1f27ca274612,0.18385416984558106,1,202,"Fixed: On certain devices, tapping on a notification could lead to a weird state where backing out of a thread would always return you to that message from the notification you tapped. It was a phenomenon as confusing to witness as it is to explain, and we'll all be pleased to never have to experience it again.",Not sure what's going on but since I updated the app every few minutes it disconnects me from my workspace...
slack-254,aa7cded0-3c76-448a-b013-0f465e888b7a,0.1838140022187006,1,208,"Fixed: Attempting to change your notification settings for a specific channel would routinely fail. Not in an entertaining way, or the sort that teaches you something important on your way to greater heights. It just didn't do the thing it was designed to do. Sometimes misfortune carries with it no lesson. Anyway, it works again.","Stopped working on my phone with very obscure reasoning about Android 7, when every other app works fine on Android 7."
slack-254,c31fef8e-afc1-4b42-ad13-d0d15a2b3398,0.18376038281813914,1,362,"Fixed: Attempting to change your notification settings for a specific channel would routinely fail. Not in an entertaining way, or the sort that teaches you something important on your way to greater heights. It just didn't do the thing it was designed to do. Sometimes misfortune carries with it no lesson. Anyway, it works again.","Too many bugs. Every update fixes some and adds some new ones. Now I've been seeing an issue with the message input box for bot dms. The box appears behind the OS navigation buttons, so I'm unable to click on it and type anything into it"
slack-251,37ceffb9-32af-4472-af74-c05fc49409c9,0.1837578296661377,0,25,"Fixed: Uploading a new profile picture was sometimes failing, leaving people stuck with their old ones like an unfortunate driver's license photo. Contrary to popular belief, we've never aspired for Slack to feel like going to the DMV, so retake that photo to your heart's content.",too much error in sign in and refreshing messages
slack-254,e9fba118-78f2-4968-beeb-16668273c0bc,0.18361085003072566,1,8,"Fixed: Attempting to change your notification settings for a specific channel would routinely fail. Not in an entertaining way, or the sort that teaches you something important on your way to greater heights. It just didn't do the thing it was designed to do. Sometimes misfortune carries with it no lesson. Anyway, it works again.",major issue. after updating the app now each and every grp in slack is muted . I cannot unmute it. such pathetic app
slack-251,56af4451-c81a-49c9-91de-97aea3533d55,0.183411471221758,1,125,"Fixed: Uploading a new profile picture was sometimes failing, leaving people stuck with their old ones like an unfortunate driver's license photo. Contrary to popular belief, we've never aspired for Slack to feel like going to the DMV, so retake that photo to your heart's content.","Cannot sign in. The ""magic link"" feature is terrible. The ""open in slack"" button doesn't work. I cannot join any of my organizations."
slack-251,7fcbf86b-5f1f-44c0-ba3e-739b4d074ae5,0.18330569681913958,2,337,"Fixed: Uploading a new profile picture was sometimes failing, leaving people stuck with their old ones like an unfortunate driver's license photo. Contrary to popular belief, we've never aspired for Slack to feel like going to the DMV, so retake that photo to your heart's content.","Gotten msg but opened the chat doesn't show any new msg. There is no refresh button to get new msg from individual chat as well. Slack team don't even brother to reply to my comment...., dropping to a star instead, mobile app for slack is quite unusable."
slack-252,8e871d3b-e53a-49a2-b5d4-e8a48232f093,0.18298964897791545,1,318,"Fixed: On certain devices, tapping on a notification could lead to a weird state where backing out of a thread would always return you to that message from the notification you tapped. It was a phenomenon as confusing to witness as it is to explain, and we'll all be pleased to never have to experience it again.","Does what it's supposed to. Notification are horrible, keep receiving them 30mins after the message and sometimes after I read them on my laptop"
slack-254,2cc8b57b-9653-4012-9b29-e23476d467e5,0.1829691300025353,1,354,"Fixed: Attempting to change your notification settings for a specific channel would routinely fail. Not in an entertaining way, or the sort that teaches you something important on your way to greater heights. It just didn't do the thing it was designed to do. Sometimes misfortune carries with it no lesson. Anyway, it works again.",I unable to lunch slack on my Android10 now.It always crashs. I tried use on another android . It always crashs and unable to lunch too
slack-251,4cd724d0-8bec-426a-813d-90308f89907a,0.1828154332297189,1,287,"Fixed: Uploading a new profile picture was sometimes failing, leaving people stuck with their old ones like an unfortunate driver's license photo. Contrary to popular belief, we've never aspired for Slack to feel like going to the DMV, so retake that photo to your heart's content.","Frustrated by the messages not updating unless the app is open. Should be able to get notifications in the background. When the notifications do work, you get all of them regardless of your online status."
slack-252,13691dd5-f18e-49f7-9af1-5d619fb99564,0.18275400291789665,1,190,"Fixed: On certain devices, tapping on a notification could lead to a weird state where backing out of a thread would always return you to that message from the notification you tapped. It was a phenomenon as confusing to witness as it is to explain, and we'll all be pleased to never have to experience it again.",Sometimes images don't send. And error doesn't get away any more
slack-254,6a729604-ee8a-4a99-bb6a-1f27ca274612,0.18267364025115967,1,188,"Fixed: Attempting to change your notification settings for a specific channel would routinely fail. Not in an entertaining way, or the sort that teaches you something important on your way to greater heights. It just didn't do the thing it was designed to do. Sometimes misfortune carries with it no lesson. Anyway, it works again.",Not sure what's going on but since I updated the app every few minutes it disconnects me from my workspace...
slack-252,d16b83d2-a6ca-4156-bb2d-d353e45a53ea,0.1821700840665583,1,197,"Fixed: On certain devices, tapping on a notification could lead to a weird state where backing out of a thread would always return you to that message from the notification you tapped. It was a phenomenon as confusing to witness as it is to explain, and we'll all be pleased to never have to experience it again.","Used to be great but crashes frequently now and needs to be restarted constantly (latest version of app and Android). Uploads fail, notifications are spotty at best and generally more frustrating to use overall. This is all on dedicated wifi so definitely the app that's the problem. Slack started out great but are slacking in their success - will be happy to change this to 5 star if bugs are addressed."
slack-254,77c9392f-df22-48c9-a6f6-6adefb149961,0.1821353988647461,1,280,"Fixed: Attempting to change your notification settings for a specific channel would routinely fail. Not in an entertaining way, or the sort that teaches you something important on your way to greater heights. It just didn't do the thing it was designed to do. Sometimes misfortune carries with it no lesson. Anyway, it works again.",Terrible app. Difficult to use. I do my own taxes but I can't get my notifications turned back on just flickers on and off and on and off and on and off and on and off and ultimately stays on. I have no choice so I will keep using it
slack-252,1536f411-2fc0-42b3-88ed-cddb473588de,0.1821262073516846,1,216,"Fixed: On certain devices, tapping on a notification could lead to a weird state where backing out of a thread would always return you to that message from the notification you tapped. It was a phenomenon as confusing to witness as it is to explain, and we'll all be pleased to never have to experience it again.","* Battery consumption is high. My phone tells it periodically; * Does not support even Android 7; * Wants many permissions, mostly unnecessary."
slack-252,8ae4b909-a5dd-4ead-897e-6944e7b80ad8,0.1819644242002253,1,141,"Fixed: On certain devices, tapping on a notification could lead to a weird state where backing out of a thread would always return you to that message from the notification you tapped. It was a phenomenon as confusing to witness as it is to explain, and we'll all be pleased to never have to experience it again.","I raised one issue of not able to login neither with workspace nor with the email address, no need to address it. Slack was blocked by my network. Resolved already. another issue is still there that other people might have also raised i.e. logging out automatically for no reason. Not a big issue but sometimes it bugs out. Please look into it"
slack-254,3e19d9c1-cb2b-4c97-8588-4579448871be,0.18181653092889227,1,167,"Fixed: Attempting to change your notification settings for a specific channel would routinely fail. Not in an entertaining way, or the sort that teaches you something important on your way to greater heights. It just didn't do the thing it was designed to do. Sometimes misfortune carries with it no lesson. Anyway, it works again.","This sucks! Difficult to sign in, navigate, and not user friendly. We're better of using email and text. What's the point of Slack? It's just another messaging app and an incredible waste of time."
slack-251,fc3e02cd-6dc8-4433-adb6-6413c7bfd0d4,0.18178469022115074,1,314,"Fixed: Uploading a new profile picture was sometimes failing, leaving people stuck with their old ones like an unfortunate driver's license photo. Contrary to popular belief, we've never aspired for Slack to feel like going to the DMV, so retake that photo to your heart's content.","I dont know why some online companies prefer to use this platform, this platform always has an issue, error, it so hard to see the post of the other members."
slack-251,f323fe16-e9c1-4e04-848d-0d42b300ef03,0.18178145885467528,1,223,"Fixed: Uploading a new profile picture was sometimes failing, leaving people stuck with their old ones like an unfortunate driver's license photo. Contrary to popular belief, we've never aspired for Slack to feel like going to the DMV, so retake that photo to your heart's content.",Impossible to log in - magic link is awful
slack-252,44096af3-1e3c-4b7b-8394-acf8a89c6ea3,0.18166625569848455,1,39,"Fixed: On certain devices, tapping on a notification could lead to a weird state where backing out of a thread would always return you to that message from the notification you tapped. It was a phenomenon as confusing to witness as it is to explain, and we'll all be pleased to never have to experience it again.","Impossible to log in. I've tried both a magic link and manual sign in and neither work for different workspaces across two separate email accounts. Updated the app, restarted it several times, still nothing."
slack-254,d09b5b0a-bb3b-4d5e-aaff-9257c3dee2ad,0.1814349174499512,0,27,"Fixed: Attempting to change your notification settings for a specific channel would routinely fail. Not in an entertaining way, or the sort that teaches you something important on your way to greater heights. It just didn't do the thing it was designed to do. Sometimes misfortune carries with it no lesson. Anyway, it works again.",Absolutely useless. Doesn't alert me of new messages but eats battery.
slack-254,7390b379-e7df-4f4e-ad1b-1b162559e698,0.18130649717486635,1,305,"Fixed: Attempting to change your notification settings for a specific channel would routinely fail. Not in an entertaining way, or the sort that teaches you something important on your way to greater heights. It just didn't do the thing it was designed to do. Sometimes misfortune carries with it no lesson. Anyway, it works again.","The issue was fixed, at the cost of total reversal of advanced tablet style UI the same as desktop. Now everything runs in phone UI no matter what device you are using. - old reciew:Doesn't display messages and chats correctly 90% of the time when I open the app"
slack-252,11fd14b3-944f-4c03-957f-bd743f9c754b,0.18099974084783485,2,119,"Fixed: On certain devices, tapping on a notification could lead to a weird state where backing out of a thread would always return you to that message from the notification you tapped. It was a phenomenon as confusing to witness as it is to explain, and we'll all be pleased to never have to experience it again.","Unfortunately the app is terrible. Nothing works in offline mode at all, it is impossible even to view the message history in offline. For what this application exist? The application is very slow. Takes too much memory. There is no point in this application, since you can use the web version through a browser."
slack-254,a2fa219b-e5a6-487c-a385-72634b989c58,0.180987576816393,1,186,"Fixed: Attempting to change your notification settings for a specific channel would routinely fail. Not in an entertaining way, or the sort that teaches you something important on your way to greater heights. It just didn't do the thing it was designed to do. Sometimes misfortune carries with it no lesson. Anyway, it works again.",just decided to migrate away from slack due to no device support for older androids and no web interface available on those devices
slack-249,355fac80-d017-46f6-a102-d915ed3a01a2,0.18089094638824466,1,158,"A little reminder as you go about your day: The world is a more unique place simply because you're a part of it, and you've impacted others in ways you can't imagine. Oh, and no big changes to the app this time. Happy messaging.",Great Lack Of Practical Communication
slack-251,db2c2b40-cff2-42b2-8b41-0ffb671ec6f9,0.18086565891901654,1,3,"Fixed: Uploading a new profile picture was sometimes failing, leaving people stuck with their old ones like an unfortunate driver's license photo. Contrary to popular belief, we've never aspired for Slack to feel like going to the DMV, so retake that photo to your heart's content.",Not downloading the app properly i have not attend my lecture by facing this problem
slack-251,6c1d9e51-356f-4ed8-bc4c-9fb8becb8357,0.18032676378885906,1,216,"Fixed: Uploading a new profile picture was sometimes failing, leaving people stuck with their old ones like an unfortunate driver's license photo. Contrary to popular belief, we've never aspired for Slack to feel like going to the DMV, so retake that photo to your heart's content.","Unable to login to this app. It says ""can't sign in from this screen because this app doesn't comply with Google's embedded webview policy"
slack-254,b54c84c7-985b-4095-ae97-0306ba3121c0,0.18031109968821207,1,171,"Fixed: Attempting to change your notification settings for a specific channel would routinely fail. Not in an entertaining way, or the sort that teaches you something important on your way to greater heights. It just didn't do the thing it was designed to do. Sometimes misfortune carries with it no lesson. Anyway, it works again.",What the matter of this app
slack-251,b40cce49-d0c4-410e-9684-53cbbe585884,0.1801643628340501,1,145,"Fixed: Uploading a new profile picture was sometimes failing, leaving people stuck with their old ones like an unfortunate driver's license photo. Contrary to popular belief, we've never aspired for Slack to feel like going to the DMV, so retake that photo to your heart's content.",This is a cheap version of discord. The voice calls don't even work
slack-252,62aca9bd-b963-4155-b94e-b9eb342180e6,0.17989243268966676,0,270,"Fixed: On certain devices, tapping on a notification could lead to a weird state where backing out of a thread would always return you to that message from the notification you tapped. It was a phenomenon as confusing to witness as it is to explain, and we'll all be pleased to never have to experience it again.","After new update, app stop working only loader showing."
slack-254,5bdf4072-f727-4ebd-adcf-776ee758dcc8,0.17967945911266187,2,169,"Fixed: Attempting to change your notification settings for a specific channel would routinely fail. Not in an entertaining way, or the sort that teaches you something important on your way to greater heights. It just didn't do the thing it was designed to do. Sometimes misfortune carries with it no lesson. Anyway, it works again.","I hate the donut function, I cannot figure out how to turn it off, and I was just added to it, no permission was given, soooo annoying"
slack-252,00100eb9-bd3c-49ac-8561-3fb65a5e8bfe,0.1795943845402111,1,77,"Fixed: On certain devices, tapping on a notification could lead to a weird state where backing out of a thread would always return you to that message from the notification you tapped. It was a phenomenon as confusing to witness as it is to explain, and we'll all be pleased to never have to experience it again.","After the last update, every time autocorrect kicks in, slack freezes"
slack-252,e9005df2-582c-4f42-a8fd-0e4c8e1aca11,0.17953778810279314,2,290,"Fixed: On certain devices, tapping on a notification could lead to a weird state where backing out of a thread would always return you to that message from the notification you tapped. It was a phenomenon as confusing to witness as it is to explain, and we'll all be pleased to never have to experience it again.","calls don't work since last update. Bluetooth audio doesn't work, speaker audio not even an option. phone behaviour becomes crazy until slack is shut down. if your app is this bad, you revert to a working old version until you get it together..."
slack-251,11fd14b3-944f-4c03-957f-bd743f9c754b,0.1793819925059443,1,119,"Fixed: Uploading a new profile picture was sometimes failing, leaving people stuck with their old ones like an unfortunate driver's license photo. Contrary to popular belief, we've never aspired for Slack to feel like going to the DMV, so retake that photo to your heart's content.","Unfortunately the app is terrible. Nothing works in offline mode at all, it is impossible even to view the message history in offline. For what this application exist? The application is very slow. Takes too much memory. There is no point in this application, since you can use the web version through a browser."
slack-252,b8e41d52-c2fc-4e07-a87a-11d6a2cc57df,0.17913115819295247,1,294,"Fixed: On certain devices, tapping on a notification could lead to a weird state where backing out of a thread would always return you to that message from the notification you tapped. It was a phenomenon as confusing to witness as it is to explain, and we'll all be pleased to never have to experience it again.",The app is not even downloading. It shows pending and loads infinitely.
slack-252,13f6f7d3-5cc7-4803-925e-484cf4ceddcf,0.17900043328603107,1,192,"Fixed: On certain devices, tapping on a notification could lead to a weird state where backing out of a thread would always return you to that message from the notification you tapped. It was a phenomenon as confusing to witness as it is to explain, and we'll all be pleased to never have to experience it again.",Nothing in working on this app after latest update. Such a mess. :((
slack-252,0ae34eaa-83b5-41dc-8b5b-c5a8413b4c1a,0.17890297287986395,2,342,"Fixed: On certain devices, tapping on a notification could lead to a weird state where backing out of a thread would always return you to that message from the notification you tapped. It was a phenomenon as confusing to witness as it is to explain, and we'll all be pleased to never have to experience it again.",Since last 3 months the mobile version is very slow It takes a hell lot of time to get the refresh The channels and DMs takes time to load and have to restart the app multiple times Also messages are received late
slack-254,0ae34eaa-83b5-41dc-8b5b-c5a8413b4c1a,0.1787246828987485,1,328,"Fixed: Attempting to change your notification settings for a specific channel would routinely fail. Not in an entertaining way, or the sort that teaches you something important on your way to greater heights. It just didn't do the thing it was designed to do. Sometimes misfortune carries with it no lesson. Anyway, it works again.",Since last 3 months the mobile version is very slow It takes a hell lot of time to get the refresh The channels and DMs takes time to load and have to restart the app multiple times Also messages are received late
slack-251,6cb9dcc1-6bed-42f6-b528-31bb3005487d,0.1786488144486039,1,215,"Fixed: Uploading a new profile picture was sometimes failing, leaving people stuck with their old ones like an unfortunate driver's license photo. Contrary to popular belief, we've never aspired for Slack to feel like going to the DMV, so retake that photo to your heart's content.","No previous deprecation notices, no new version on google play, but this version is suddenly not supported. Missing meetings right now figuring out what to do. Awful."
slack-251,7acda091-3fcb-41dc-9dc7-6c03827c6598,0.1785951614379883,0,248,"Fixed: Uploading a new profile picture was sometimes failing, leaving people stuck with their old ones like an unfortunate driver's license photo. Contrary to popular belief, we've never aspired for Slack to feel like going to the DMV, so retake that photo to your heart's content.",Very bad interface and is not responsive.
slack-254,75267193-74c2-4057-8733-48f58b39a53b,0.17851723829905192,1,298,"Fixed: Attempting to change your notification settings for a specific channel would routinely fail. Not in an entertaining way, or the sort that teaches you something important on your way to greater heights. It just didn't do the thing it was designed to do. Sometimes misfortune carries with it no lesson. Anyway, it works again.",Offending users ca not be avoided
slack-251,014d860b-8493-4fe8-b328-11533476da1b,0.1782977622488271,2,208,"Fixed: Uploading a new profile picture was sometimes failing, leaving people stuck with their old ones like an unfortunate driver's license photo. Contrary to popular belief, we've never aspired for Slack to feel like going to the DMV, so retake that photo to your heart's content.",Accidentally signed out of one slack (because it's too easy to do on mobile). Couldn't log back into that slack because it would not take sms and ate a backup code. Now the app won't open at all and just goes to the app download website instead.
slack-254,337706de-3732-4763-9a2b-765cd657aa84,0.17827110449473066,1,228,"Fixed: Attempting to change your notification settings for a specific channel would routinely fail. Not in an entertaining way, or the sort that teaches you something important on your way to greater heights. It just didn't do the thing it was designed to do. Sometimes misfortune carries with it no lesson. Anyway, it works again.","Terrible app. Don't receive messages half the time, hard to navigate. Stop making it worse."
slack-252,3b342425-b98c-4b34-9cba-56c3e19d3119,0.17814192930857342,1,222,"Fixed: On certain devices, tapping on a notification could lead to a weird state where backing out of a thread would always return you to that message from the notification you tapped. It was a phenomenon as confusing to witness as it is to explain, and we'll all be pleased to never have to experience it again.","Iam using mobile android version 7, slack is showin error, this version is not supported"
slack-254,dc82cca0-eac2-4761-ae29-7c18e2b5c89e,0.1781231252770675,1,41,"Fixed: Attempting to change your notification settings for a specific channel would routinely fail. Not in an entertaining way, or the sort that teaches you something important on your way to greater heights. It just didn't do the thing it was designed to do. Sometimes misfortune carries with it no lesson. Anyway, it works again.",Not able to sign in. Its so wrong that in times of need this app is acting so badly
slack-254,3e1c9f6d-cc3c-4bba-aeb2-1178973898a3,0.17791701725551062,1,89,"Fixed: Attempting to change your notification settings for a specific channel would routinely fail. Not in an entertaining way, or the sort that teaches you something important on your way to greater heights. It just didn't do the thing it was designed to do. Sometimes misfortune carries with it no lesson. Anyway, it works again.",The app's performance defeats its entire purpose. High latency when it comes to notifications.
slack-254,7b149dee-bbca-4105-86c4-ff126afc946a,0.17783212218173716,1,12,"Fixed: Attempting to change your notification settings for a specific channel would routinely fail. Not in an entertaining way, or the sort that teaches you something important on your way to greater heights. It just didn't do the thing it was designed to do. Sometimes misfortune carries with it no lesson. Anyway, it works again.","For those having issues after upgrading your phone. Delete the app. Clear your cache, and reinstall. My pixel 6 would error out when logging in with SSO until I did that. Seems like an issue with transferring your data to a new phone."
slack-254,7aff3db8-2ea4-4238-8898-930a4d37c82d,0.1778154036273127,1,79,"Fixed: Attempting to change your notification settings for a specific channel would routinely fail. Not in an entertaining way, or the sort that teaches you something important on your way to greater heights. It just didn't do the thing it was designed to do. Sometimes misfortune carries with it no lesson. Anyway, it works again.","In all my years using applications I've never used an app that is as terrible and poorly developed as slack. It's fine once you get into a page, but if you haven't signed in in a while, you might as well never try again. Absolute trash."
slack-249,40f4d9c6-3adb-45d3-b5ff-2f82cb4e13db,0.1776288676261902,1,292,"A little reminder as you go about your day: The world is a more unique place simply because you're a part of it, and you've impacted others in ways you can't imagine. Oh, and no big changes to the app this time. Happy messaging.",The dumbest app ever used
slack-251,355fac80-d017-46f6-a102-d915ed3a01a2,0.17761939764022827,0,144,"Fixed: Uploading a new profile picture was sometimes failing, leaving people stuck with their old ones like an unfortunate driver's license photo. Contrary to popular belief, we've never aspired for Slack to feel like going to the DMV, so retake that photo to your heart's content.",Great Lack Of Practical Communication
slack-251,b36eb581-b5d8-41de-b8ee-89e6566cf56f,0.17745139598846438,1,72,"Fixed: Uploading a new profile picture was sometimes failing, leaving people stuck with their old ones like an unfortunate driver's license photo. Contrary to popular belief, we've never aspired for Slack to feel like going to the DMV, so retake that photo to your heart's content.",No way to sign out the damn thing
slack-254,014d860b-8493-4fe8-b328-11533476da1b,0.1774336358334156,2,194,"Fixed: Attempting to change your notification settings for a specific channel would routinely fail. Not in an entertaining way, or the sort that teaches you something important on your way to greater heights. It just didn't do the thing it was designed to do. Sometimes misfortune carries with it no lesson. Anyway, it works again.",Accidentally signed out of one slack (because it's too easy to do on mobile). Couldn't log back into that slack because it would not take sms and ate a backup code. Now the app won't open at all and just goes to the app download website instead.
slack-254,29d04ab6-4034-4bb9-b8f0-4af1bc5b7b09,0.17718656946111608,1,103,"Fixed: Attempting to change your notification settings for a specific channel would routinely fail. Not in an entertaining way, or the sort that teaches you something important on your way to greater heights. It just didn't do the thing it was designed to do. Sometimes misfortune carries with it no lesson. Anyway, it works again.",Unable to install slack in my new mobile It will reach 99%and stuck at that point and gives error Can you please help me with that
slack-254,a356ce86-c463-4505-8781-567dd8705b20,0.17716143583429272,1,257,"Fixed: Attempting to change your notification settings for a specific channel would routinely fail. Not in an entertaining way, or the sort that teaches you something important on your way to greater heights. It just didn't do the thing it was designed to do. Sometimes misfortune carries with it no lesson. Anyway, it works again.","Notifications appearing after seeing the message. So many lags, no matter if I bring 30mbps speed internet or 150mbps speed. SLACK will always delay the notifications, full of bugs"
slack-251,4adaa2da-6005-4ed4-844d-3cbc243b91e0,0.17715491020318233,1,257,"Fixed: Uploading a new profile picture was sometimes failing, leaving people stuck with their old ones like an unfortunate driver's license photo. Contrary to popular belief, we've never aspired for Slack to feel like going to the DMV, so retake that photo to your heart's content.","kind of a copy of discord for offices. Bit complicated to use, and when sending videos, it makes a shadow file which is impossible to get rid of. and many more notification bugs"
slack-251,75c0f6ef-a008-4e01-8288-9669a172228c,0.17714754550353343,1,163,"Fixed: Uploading a new profile picture was sometimes failing, leaving people stuck with their old ones like an unfortunate driver's license photo. Contrary to popular belief, we've never aspired for Slack to feel like going to the DMV, so retake that photo to your heart's content.","Extremely messy, enormously bulky and ridiculously primitive app. This app is something which is not supposed to exist at all. It's super unreliable, bloated and slow. You never get your messages in real time, the layout is incredibly confusing and on top of that it takes 900 MB from my phone's storage! This is unbelievable. This is more than all my other apps out together. Not to mention that there is no ""Mark as read"" option in the pull down menu. The developers seem to be a bunch of idiots."
slack-254,eca9e7f7-d8b6-43e0-bb48-140e722021c1,0.1771472711996599,2,195,"Fixed: Attempting to change your notification settings for a specific channel would routinely fail. Not in an entertaining way, or the sort that teaches you something important on your way to greater heights. It just didn't do the thing it was designed to do. Sometimes misfortune carries with it no lesson. Anyway, it works again.","They disabled support for Android vesions below 8.0. If you just count 7.1, 7.0 and 6.0, that's still 10% of Android users that can no longer use this app from one day to the next. What are we supposed to do? Toss out our otherwise perfectly working phones, and contribute to the global e-waste problem, just so we can keep using Slack? Same with their browser support. Is your browser a bit out of date? Sorry, our website no longer works. Why? No reason, we just don't like that number next to ""version"" in your browser. And no, Slack, I'll say it before your bot bothers to respond: offering me a link to the minimum requirements in no way, shape or form addresses anything I wrote!"
slack-256,c5be5499-ec86-4581-b4ef-cdffc09019df,0.1771309792995453,2,1,"If you're someone whose workday doesn't start at 9 am (or if you find Slackbot alerts first thing in the morning to be less of a pick-me-up and more of a put-me-down), you can now choose when your ""Tomorrow"" or ""Next Week"" reminders will appear. Head over to Preferences > Notifications to set the default that works best for you.",I'm not able to set my profile picture.
slack-254,147133cc-d8f6-4ce6-b8ce-a6cd7a5aae38,0.17711128658718533,1,269,"Fixed: Attempting to change your notification settings for a specific channel would routinely fail. Not in an entertaining way, or the sort that teaches you something important on your way to greater heights. It just didn't do the thing it was designed to do. Sometimes misfortune carries with it no lesson. Anyway, it works again.","how many years has it been and the phantom messages bug is still a thing? slack ought to discontinue the android app, it's so clear that iOS is the only version that mattere in head office."
slack-251,c1adcf40-94f8-4f4c-a149-c52090944ee7,0.1770763007077304,1,33,"Fixed: Uploading a new profile picture was sometimes failing, leaving people stuck with their old ones like an unfortunate driver's license photo. Contrary to popular belief, we've never aspired for Slack to feel like going to the DMV, so retake that photo to your heart's content.","Slack is suddenly only pushing private messages and nothing else, no changes have been made. It's as if it's on do not disturb, which it's not. Verified all settings on phone and desktop. Pretty well makes this app useless with no notifications being sent"
slack-254,336aa132-4a71-41d7-9e47-8e480168972f,0.17691698112795431,1,336,"Fixed: Attempting to change your notification settings for a specific channel would routinely fail. Not in an entertaining way, or the sort that teaches you something important on your way to greater heights. It just didn't do the thing it was designed to do. Sometimes misfortune carries with it no lesson. Anyway, it works again.","Unable to receive notifications even notifications are in active state. And if I try to open the notification option in slack, it is loading not even open for 2 hours. Worst"
slack-254,be48ceeb-d96a-417d-bdda-8af288a9db0c,0.17681309086211186,1,346,"Fixed: Attempting to change your notification settings for a specific channel would routinely fail. Not in an entertaining way, or the sort that teaches you something important on your way to greater heights. It just didn't do the thing it was designed to do. Sometimes misfortune carries with it no lesson. Anyway, it works again.",Messages are always delayed in the app. If u don't keep the app open in ur phone u wll get messages 10 late. & It's very slow to load messages even If u keep it open. While the world is moving to 5G this app is behind 2G
slack-251,2ef4a8a8-d3bf-4e8d-86fc-abad7e5bca65,0.17650199076708625,1,277,"Fixed: Uploading a new profile picture was sometimes failing, leaving people stuck with their old ones like an unfortunate driver's license photo. Contrary to popular belief, we've never aspired for Slack to feel like going to the DMV, so retake that photo to your heart's content.",It says that i cannot use it in a rooted device. And my cellphone is not rooted. 
slack-254,109c27cd-aa5f-4196-baff-559a436852da,0.1764591066925614,1,240,"Fixed: Attempting to change your notification settings for a specific channel would routinely fail. Not in an entertaining way, or the sort that teaches you something important on your way to greater heights. It just didn't do the thing it was designed to do. Sometimes misfortune carries with it no lesson. Anyway, it works again.","When you are typing and you rotate the screen, the text drafted in the chats disappear and you have to type everything again. Please fix this bug."
slack-251,02d30e43-39fd-42d3-a4a3-45ab31942e10,0.17635929346084597,1,14,"Fixed: Uploading a new profile picture was sometimes failing, leaving people stuck with their old ones like an unfortunate driver's license photo. Contrary to popular belief, we've never aspired for Slack to feel like going to the DMV, so retake that photo to your heart's content.",Good app but completely useless if slack owners can wipe all your data in a moment without notice just because they think you're from wrong country or of wrong nation. Please stay away from slack - use opensource and selfhosted products.
slack-251,00e321f7-3d9d-4d38-bed0-bbea093b8e23,0.17620685434341432,1,222,"Fixed: Uploading a new profile picture was sometimes failing, leaving people stuck with their old ones like an unfortunate driver's license photo. Contrary to popular belief, we've never aspired for Slack to feel like going to the DMV, so retake that photo to your heart's content.",Disappointed. Used to be great to use on the go but now it appears to be no longer supported with my phone. Such a shame.
slack-252,c51f2c0f-1a8a-4ec9-bca1-d69409559a61,0.17618309698606793,1,304,"Fixed: On certain devices, tapping on a notification could lead to a weird state where backing out of a thread would always return you to that message from the notification you tapped. It was a phenomenon as confusing to witness as it is to explain, and we'll all be pleased to never have to experience it again.","I never get notifications, even with the desktop app installed (PC), mobile app (Android). and all notification settings set to ON via email, desktop, and mobile for every single message. For me, no notifications makes it practically unusable."
slack-251,345548d0-74ca-4295-bd14-c7c1c14e2897,0.17598751005919086,2,54,"Fixed: Uploading a new profile picture was sometimes failing, leaving people stuck with their old ones like an unfortunate driver's license photo. Contrary to popular belief, we've never aspired for Slack to feel like going to the DMV, so retake that photo to your heart's content.","Literally impossible to log in. You can only log in via ""Magic Links"" in which you must have access to the email on the same device. I can not access my work email on an external device for security reasons, and verifying my email on another device will still not allow my mobile device to sign in. In response to developer comment: No, there is no option to log in with email/password. Clicking ""log in manually"" ONLY provides a field for ""Workspace URL"" which always fails and says ""not valid""."
slack-252,c2e1b844-3da2-482f-bf4c-160994b3fff2,0.17598017454147338,2,17,"Fixed: On certain devices, tapping on a notification could lead to a weird state where backing out of a thread would always return you to that message from the notification you tapped. It was a phenomenon as confusing to witness as it is to explain, and we'll all be pleased to never have to experience it again.",With the latest update it stopped working! How can an update be blocking itself launching on a common used device? So another learning case of avoid updating if something works fine enough 
slack-252,29d04ab6-4034-4bb9-b8f0-4af1bc5b7b09,0.1758526532738297,1,117,"Fixed: On certain devices, tapping on a notification could lead to a weird state where backing out of a thread would always return you to that message from the notification you tapped. It was a phenomenon as confusing to witness as it is to explain, and we'll all be pleased to never have to experience it again.",Unable to install slack in my new mobile It will reach 99%and stuck at that point and gives error Can you please help me with that
slack-251,03de44f5-26ba-45f7-ba02-a4a2e1f69dc8,0.17578169107437136,0,123,"Fixed: Uploading a new profile picture was sometimes failing, leaving people stuck with their old ones like an unfortunate driver's license photo. Contrary to popular belief, we've never aspired for Slack to feel like going to the DMV, so retake that photo to your heart's content.",Channels get lost from workspaces
slack-252,373e84bb-4d61-47fb-8661-131997949810,0.17574892384665353,1,237,"Fixed: On certain devices, tapping on a notification could lead to a weird state where backing out of a thread would always return you to that message from the notification you tapped. It was a phenomenon as confusing to witness as it is to explain, and we'll all be pleased to never have to experience it again.",Cannot download this app. It won't install.
slack-252,d715e6fa-be56-4966-b43f-d1c973c07ace,0.175579618323933,1,188,"Fixed: On certain devices, tapping on a notification could lead to a weird state where backing out of a thread would always return you to that message from the notification you tapped. It was a phenomenon as confusing to witness as it is to explain, and we'll all be pleased to never have to experience it again.",Couldn't send messages. Uninstalled and now won't reinstall on my phone.
slack-251,4c24fab5-c980-42ec-b8f4-8023c07aa187,0.17553569493086443,1,189,"Fixed: Uploading a new profile picture was sometimes failing, leaving people stuck with their old ones like an unfortunate driver's license photo. Contrary to popular belief, we've never aspired for Slack to feel like going to the DMV, so retake that photo to your heart's content.","Trash, to be honest. Most of web-based client functionality not available. Notifies about messages, but doesn't show them. Can't be relied on."
slack-252,cd3ce201-b006-4c52-82d3-e4c539dd330c,0.17551068067550663,1,152,"Fixed: On certain devices, tapping on a notification could lead to a weird state where backing out of a thread would always return you to that message from the notification you tapped. It was a phenomenon as confusing to witness as it is to explain, and we'll all be pleased to never have to experience it again.",Last update made the app slow and sluggish.
slack-252,e0254d61-e235-477c-b357-beee09f1e43d,0.1754203169434159,2,304,"Fixed: On certain devices, tapping on a notification could lead to a weird state where backing out of a thread would always return you to that message from the notification you tapped. It was a phenomenon as confusing to witness as it is to explain, and we'll all be pleased to never have to experience it again.","Awful call interface. It's hard for to know if you mic is muted or not, and you can't even see the screen if someone is sharing it. and on top of that, I was dropped off of a call, and I wasn't able to join back in, even though my internet was working fine."
slack-254,af20756f-d1b0-421c-a72e-962d1c1b42c4,0.1752679228782654,0,340,"Fixed: Attempting to change your notification settings for a specific channel would routinely fail. Not in an entertaining way, or the sort that teaches you something important on your way to greater heights. It just didn't do the thing it was designed to do. Sometimes misfortune carries with it no lesson. Anyway, it works again.",App comsumes too much memory and cpu ...
slack-251,37cd62f0-382e-4ff8-a074-3fd604b6d538,0.17515464036361034,1,175,"Fixed: Uploading a new profile picture was sometimes failing, leaving people stuck with their old ones like an unfortunate driver's license photo. Contrary to popular belief, we've never aspired for Slack to feel like going to the DMV, so retake that photo to your heart's content.","This is hands down the worst chat tool I've ever used. Slack is a great name for it though, cause it never works, it just slacks off and decides it's not responding. Absolutely garbage software. Aim was prehistoric and bad to use but it actually let me send messages. How is it that 25 years later slack can't even send a message without freezing and crashing? This is embarrassing..."
slack-251,eab46165-cfa2-4bf2-9250-147fc29f26f1,0.1749951515197754,1,223,"Fixed: Uploading a new profile picture was sometimes failing, leaving people stuck with their old ones like an unfortunate driver's license photo. Contrary to popular belief, we've never aspired for Slack to feel like going to the DMV, so retake that photo to your heart's content.","Search feature is so bad on this one, i have literally stopped trying to find files and messages needed for work. Slack, you are unproductive!"
slack-252,b7b71470-2464-4c1a-8da7-fd24ecdeee28,0.17484782898064816,1,358,"Fixed: On certain devices, tapping on a notification could lead to a weird state where backing out of a thread would always return you to that message from the notification you tapped. It was a phenomenon as confusing to witness as it is to explain, and we'll all be pleased to never have to experience it again.",For the last week I have been unable to upload attachments and articles for journals/newspapers to Slack on my Samsung tablet. Most of the functionality of the app seems to have disappeared.
slack-252,e71ffe86-f061-4c2a-a914-407aa730598f,0.17482290506362916,1,192,"Fixed: On certain devices, tapping on a notification could lead to a weird state where backing out of a thread would always return you to that message from the notification you tapped. It was a phenomenon as confusing to witness as it is to explain, and we'll all be pleased to never have to experience it again.",Needs to Be Erased!! Extremely difficult app to use ever!!!!!
slack-254,5391e5cc-0696-49eb-8452-7df6f944a0ed,0.17480192878029563,1,208,"Fixed: Attempting to change your notification settings for a specific channel would routinely fail. Not in an entertaining way, or the sort that teaches you something important on your way to greater heights. It just didn't do the thing it was designed to do. Sometimes misfortune carries with it no lesson. Anyway, it works again.","Most recent string of updates make Android app unusable. Threads, DMs, etc do not update or show an update dot but not have new content. Really sad when on a business plan, you cannoy trust the app to properly function for business critical functions. Update: would give zero stars if possible. App continues to be extremely buggy, will not load message properly and is often nonfunctional. It's bad enough that I have had work team/Dept stop using and working to stop using company wide."
slack-254,209b1760-88a1-4b45-ad18-345c1514d761,0.17466057538986207,1,248,"Fixed: Attempting to change your notification settings for a specific channel would routinely fail. Not in an entertaining way, or the sort that teaches you something important on your way to greater heights. It just didn't do the thing it was designed to do. Sometimes misfortune carries with it no lesson. Anyway, it works again.",Displays the incorrect count of notifications on a channel if a recent @here message comes in
slack-254,f81f0132-c347-48da-9611-fc6023808a14,0.1743941376426003,1,348,"Fixed: Attempting to change your notification settings for a specific channel would routinely fail. Not in an entertaining way, or the sort that teaches you something important on your way to greater heights. It just didn't do the thing it was designed to do. Sometimes misfortune carries with it no lesson. Anyway, it works again.","Good on a smartphone, bad on a tablet. The app is obviously only targeted for smartphone users. UPDATE (April 2021) Moreover, recent versions have issues on both my Samsung Note 10+ and on my Tab S7+. On the tablet, screens (i.e. the channel detail view) simply blanks out, and I can't switch channels (full stop, it's just not working even after restarts, app wiping, reinstallations, ...). Similar issues on my phone, but it sometimes works. @SlackHQ - please fix it!"
slack-254,6c1d9e51-356f-4ed8-bc4c-9fb8becb8357,0.17432221571604412,1,202,"Fixed: Attempting to change your notification settings for a specific channel would routinely fail. Not in an entertaining way, or the sort that teaches you something important on your way to greater heights. It just didn't do the thing it was designed to do. Sometimes misfortune carries with it no lesson. Anyway, it works again.","Unable to login to this app. It says ""can't sign in from this screen because this app doesn't comply with Google's embedded webview policy"
slack-252,7c25138f-cdd8-47cf-8978-1b00d6e3c7b5,0.17427056287897044,1,250,"Fixed: On certain devices, tapping on a notification could lead to a weird state where backing out of a thread would always return you to that message from the notification you tapped. It was a phenomenon as confusing to witness as it is to explain, and we'll all be pleased to never have to experience it again.",Slack is no longer notifying me of any messages. I have checked all the settings multiple times and I ended up missing a class zoom call because of it.
slack-254,3875c3bf-709d-4c56-9715-2195dc97ffa8,0.17424357815792688,1,80,"Fixed: Attempting to change your notification settings for a specific channel would routinely fail. Not in an entertaining way, or the sort that teaches you something important on your way to greater heights. It just didn't do the thing it was designed to do. Sometimes misfortune carries with it no lesson. Anyway, it works again.","Messages are coming late on mobile... After reinstallation I'm not able to signup.. it's shows error ""Something went wrong"""
slack-252,73bf2016-2d2d-4265-aec5-19cf782abf05,0.1742102895464216,1,25,"Fixed: On certain devices, tapping on a notification could lead to a weird state where backing out of a thread would always return you to that message from the notification you tapped. It was a phenomenon as confusing to witness as it is to explain, and we'll all be pleased to never have to experience it again.","Slow, buggy and just pointless to use"
slack-254,8a917f6d-3186-4ca4-afb9-8229c9e7435e,0.1740395317686365,1,163,"Fixed: Attempting to change your notification settings for a specific channel would routinely fail. Not in an entertaining way, or the sort that teaches you something important on your way to greater heights. It just didn't do the thing it was designed to do. Sometimes misfortune carries with it no lesson. Anyway, it works again.",I successfully used Slack on my phone for over a year. Then I got the notification that I can no longer use it on my device. This is very disappointing. An app forcing me to buy a new device feels like it's really the wrong way round.
slack-251,161a7519-896a-4b76-a421-ae45e49a7320,0.17388296165773948,1,202,"Fixed: Uploading a new profile picture was sometimes failing, leaving people stuck with their old ones like an unfortunate driver's license photo. Contrary to popular belief, we've never aspired for Slack to feel like going to the DMV, so retake that photo to your heart's content.","App keeps disconnecting every 2 minutes. Also, sent pictures stay in the buffer, and the app pesters at you to resend with no option to cancel but to clean the cache"
slack-250,193015dc-b9ea-4fc2-b818-c71eecbb958e,0.17376015067100525,1,137,"Dash on over to the Quick Switcher to find that searches will more accurately return channels with dashes in their names. If your hopes were previously dashed, we ask for a dash of forgiveness and wish to say you're looking very dashing today.",Notifications are broken on mobile
slack-252,0d6419ac-427b-48a5-b6f2-caf6e232c06d,0.1728259597505842,1,359,"Fixed: On certain devices, tapping on a notification could lead to a weird state where backing out of a thread would always return you to that message from the notification you tapped. It was a phenomenon as confusing to witness as it is to explain, and we'll all be pleased to never have to experience it again.",Can not make a more broken app
slack-252,e7d9455c-dc62-40e9-a500-2588bf6dd41b,0.172769562403361,2,317,"Fixed: On certain devices, tapping on a notification could lead to a weird state where backing out of a thread would always return you to that message from the notification you tapped. It was a phenomenon as confusing to witness as it is to explain, and we'll all be pleased to never have to experience it again.",total fail in on a Chromebook. It shows nothing on the channels.
slack-254,6d5055d7-35f7-4d50-8734-3a9c7330bc91,0.17276155450127342,1,339,"Fixed: Attempting to change your notification settings for a specific channel would routinely fail. Not in an entertaining way, or the sort that teaches you something important on your way to greater heights. It just didn't do the thing it was designed to do. Sometimes misfortune carries with it no lesson. Anyway, it works again.","after using the tablet version apps futher it is clear that the developer doesn't realy care about quality of the product. here is what i found so far 1. search bar completely useless. when i search something on the search bar the apps show black screen when i click the result; 2. ""You"" tab is not available on the tablet version (phone version available) 3. ""Mentions"" tab is not available on the tablet version (phone version available) 4. ""DMs"" tab is not available on the tablet version"
slack-254,45215851-2532-461d-8db8-a37c39394dd0,0.17276084864581076,1,34,"Fixed: Attempting to change your notification settings for a specific channel would routinely fail. Not in an entertaining way, or the sort that teaches you something important on your way to greater heights. It just didn't do the thing it was designed to do. Sometimes misfortune carries with it no lesson. Anyway, it works again.","Horrible, keep crashing, sees like a WebView. Doesn't show messages properly, the huddle keeps crashing the app and doesn't even think to use a normal call. Unfortunately it's became a quite necessary to use it since the mobile app it's not practical to use it and it's too bad as the slack android app."
slack-251,f645b6d9-e2cd-4549-846b-13294d8434e8,0.17275058693355985,1,298,"Fixed: Uploading a new profile picture was sometimes failing, leaving people stuck with their old ones like an unfortunate driver's license photo. Contrary to popular belief, we've never aspired for Slack to feel like going to the DMV, so retake that photo to your heart's content.","Sometimes we never get notifications, it's real pain. I sit back with a impression that no DMs but all of sudden when I open I end up seeing messages which arrived 5-6 hours ago. Pathetic !!"
slack-254,bc1e9992-570b-46fd-b192-2fbd71f60a09,0.17274619681494577,1,187,"Fixed: Attempting to change your notification settings for a specific channel would routinely fail. Not in an entertaining way, or the sort that teaches you something important on your way to greater heights. It just didn't do the thing it was designed to do. Sometimes misfortune carries with it no lesson. Anyway, it works again.",Delayed notifications on Android 9. Mi A1
slack-251,5495f2e7-068e-4531-a1c6-306d410f6e5d,0.1722082701596347,1,154,"Fixed: Uploading a new profile picture was sometimes failing, leaving people stuck with their old ones like an unfortunate driver's license photo. Contrary to popular belief, we've never aspired for Slack to feel like going to the DMV, so retake that photo to your heart's content.",It used to drop calls around 1-2 times per use. Now I can't take myself of Do Not Disturb which has made the app entirely unusable. This is happening on my older model Android and also on my friends new iPhone. Negative stars.
slack-254,1ff9b968-11a8-4e49-94bf-2f5ef98c4e67,0.1720787856636978,1,335,"Fixed: Attempting to change your notification settings for a specific channel would routinely fail. Not in an entertaining way, or the sort that teaches you something important on your way to greater heights. It just didn't do the thing it was designed to do. Sometimes misfortune carries with it no lesson. Anyway, it works again.",This is frustrating...I am not able to connect to my slack workspace. I reinstalled the app but it's the same problem again. At first I was atleast able to see my channels and messages now it doesn't even log in
slack-252,f9ab108a-42b2-4c62-9d4b-2e89872008aa,0.17199845427558536,1,138,"Fixed: On certain devices, tapping on a notification could lead to a weird state where backing out of a thread would always return you to that message from the notification you tapped. It was a phenomenon as confusing to witness as it is to explain, and we'll all be pleased to never have to experience it again.","Can't install in OnePlus 7T , ended up an issue and can't install. Reported multiple times to feedback email but no response"
slack-254,6ee909f6-e8fd-4ab5-888a-fbfe1f48b70b,0.17191021442413332,0,152,"Fixed: Attempting to change your notification settings for a specific channel would routinely fail. Not in an entertaining way, or the sort that teaches you something important on your way to greater heights. It just didn't do the thing it was designed to do. Sometimes misfortune carries with it no lesson. Anyway, it works again.",I reset my phone and now I cannot install Slack anymore
slack-254,46e8020a-e80b-4e9a-bcbb-13a42c16d430,0.17165163887871637,1,221,"Fixed: Attempting to change your notification settings for a specific channel would routinely fail. Not in an entertaining way, or the sort that teaches you something important on your way to greater heights. It just didn't do the thing it was designed to do. Sometimes misfortune carries with it no lesson. Anyway, it works again.",Authentication sucks and the OTP never arrives and the back up codes are useless. Waste of my time !
slack-251,22c0f9b2-7ea6-4035-8907-4de23416907b,0.17118602006331735,1,192,"Fixed: Uploading a new profile picture was sometimes failing, leaving people stuck with their old ones like an unfortunate driver's license photo. Contrary to popular belief, we've never aspired for Slack to feel like going to the DMV, so retake that photo to your heart's content.",I have recently been facing too many issues with slack. Messages do not pop up. And the most recent issue is that slack is not connecting to my mobile network due to which it shows me as offline and i am unable to send or receive messages over slack.
slack-251,65197ab7-2afd-424c-8329-7189ffe4ed4b,0.1711360216140747,0,17,"Fixed: Uploading a new profile picture was sometimes failing, leaving people stuck with their old ones like an unfortunate driver's license photo. Contrary to popular belief, we've never aspired for Slack to feel like going to the DMV, so retake that photo to your heart's content.","Single sign on does not work, I can't even log into my account"
slack-254,5495f2e7-068e-4531-a1c6-306d410f6e5d,0.1711049405011264,1,140,"Fixed: Attempting to change your notification settings for a specific channel would routinely fail. Not in an entertaining way, or the sort that teaches you something important on your way to greater heights. It just didn't do the thing it was designed to do. Sometimes misfortune carries with it no lesson. Anyway, it works again.",It used to drop calls around 1-2 times per use. Now I can't take myself of Do Not Disturb which has made the app entirely unusable. This is happening on my older model Android and also on my friends new iPhone. Negative stars.
slack-254,f79c351a-f792-4cc8-bca0-2a316df2b6d1,0.1710584878921509,0,296,"Fixed: Attempting to change your notification settings for a specific channel would routinely fail. Not in an entertaining way, or the sort that teaches you something important on your way to greater heights. It just didn't do the thing it was designed to do. Sometimes misfortune carries with it no lesson. Anyway, it works again.",Latest update awful. Cant use app at all.
slack-252,b7f8b80c-fd3a-486f-86cf-2d571b0fe494,0.17098694412331833,2,193,"Fixed: On certain devices, tapping on a notification could lead to a weird state where backing out of a thread would always return you to that message from the notification you tapped. It was a phenomenon as confusing to witness as it is to explain, and we'll all be pleased to never have to experience it again.",I have to many problems with Slack. HORRIBLE APP. Too much information lost trusting in this app. PLEASE AVOID.
slack-254,698125d6-6c8d-4297-97fb-31c34c60d147,0.17082733330519306,1,14,"Fixed: Attempting to change your notification settings for a specific channel would routinely fail. Not in an entertaining way, or the sort that teaches you something important on your way to greater heights. It just didn't do the thing it was designed to do. Sometimes misfortune carries with it no lesson. Anyway, it works again.","I crash on startup. This is fixed by clearing the cache. But anyway because of the problem, I rate the app 3 stars"
slack-251,f375f2ce-77fa-4ef3-9527-f714b3668d7d,0.17073364655176798,1,314,"Fixed: Uploading a new profile picture was sometimes failing, leaving people stuck with their old ones like an unfortunate driver's license photo. Contrary to popular belief, we've never aspired for Slack to feel like going to the DMV, so retake that photo to your heart's content.",Experiencing very bad service of this app. Unable to sign in with my organization email id as not getting the Authentication Codes to mobile.
slack-252,ad4a714d-8b75-4764-a913-19a4638ef037,0.17045233249664307,0,346,"Fixed: On certain devices, tapping on a notification could lead to a weird state where backing out of a thread would always return you to that message from the notification you tapped. It was a phenomenon as confusing to witness as it is to explain, and we'll all be pleased to never have to experience it again.",Missing notifications. Notifications are too much delayed or missed.
slack-252,a6e6475d-419a-4fcb-a7af-0a6308c25752,0.1702696788311005,1,26,"Fixed: On certain devices, tapping on a notification could lead to a weird state where backing out of a thread would always return you to that message from the notification you tapped. It was a phenomenon as confusing to witness as it is to explain, and we'll all be pleased to never have to experience it again.",This app is very bad
slack-251,f3c3febd-eff8-4e8b-937c-a7712484db73,0.1701936331662265,1,101,"Fixed: Uploading a new profile picture was sometimes failing, leaving people stuck with their old ones like an unfortunate driver's license photo. Contrary to popular belief, we've never aspired for Slack to feel like going to the DMV, so retake that photo to your heart's content.","Finally managed to stop Slack closing every time it was minimised, and then the widgets disappeared. I had direct DM widgets set up and they just vanished, as did the option to create more. In fact there are no slack widgets showing at all."
slack-251,9649f304-13b0-4537-b1cd-71ce4f032632,0.17005428409576417,1,192,"Fixed: Uploading a new profile picture was sometimes failing, leaving people stuck with their old ones like an unfortunate driver's license photo. Contrary to popular belief, we've never aspired for Slack to feel like going to the DMV, so retake that photo to your heart's content.","What is wrong with slack today? Unable to send and receive messages, so i uninstalled and reinstalled it, now i am unable to sign in."
slack-254,6e7bae4e-0f21-45e8-99e1-21f9592381b6,0.16962076822916666,1,97,"Fixed: Attempting to change your notification settings for a specific channel would routinely fail. Not in an entertaining way, or the sort that teaches you something important on your way to greater heights. It just didn't do the thing it was designed to do. Sometimes misfortune carries with it no lesson. Anyway, it works again.","Message notification comes very late, this issue has to be addressed immediately, often get scoldings from my boss for not attending the messages immediately"
slack-249,7584b244-de7a-4392-9bcf-cec90a0725b9,0.16943754298346383,1,320,"A little reminder as you go about your day: The world is a more unique place simply because you're a part of it, and you've impacted others in ways you can't imagine. Oh, and no big changes to the app this time. Happy messaging.",Barely functional. Calling experience is not good.
slack-254,a6203817-0ca3-4612-922b-406dcd18bf8b,0.16901403835841589,1,17,"Fixed: Attempting to change your notification settings for a specific channel would routinely fail. Not in an entertaining way, or the sort that teaches you something important on your way to greater heights. It just didn't do the thing it was designed to do. Sometimes misfortune carries with it no lesson. Anyway, it works again.",Terrible phone app. Cuts off the minute I join calls. I'm sick of it
slack-254,c7f6a8ad-5d55-4c60-be48-1bf4a4d24c8f,0.1685640938141767,1,194,"Fixed: Attempting to change your notification settings for a specific channel would routinely fail. Not in an entertaining way, or the sort that teaches you something important on your way to greater heights. It just didn't do the thing it was designed to do. Sometimes misfortune carries with it no lesson. Anyway, it works again.","Was good until stopped supporting older Android, its pretty unhappy decision. They should have rater discontinue calls / huddle but keep messaging. This way they've effectively just cut their paying users, not a professional move."
slack-252,6a1744b8-9ed7-4000-8ffe-33653114eb11,0.1684066891670227,1,293,"Fixed: On certain devices, tapping on a notification could lead to a weird state where backing out of a thread would always return you to that message from the notification you tapped. It was a phenomenon as confusing to witness as it is to explain, and we'll all be pleased to never have to experience it again.",It keeps stopping every time I try to open the app. It won't open at all.
slack-251,d715e6fa-be56-4966-b43f-d1c973c07ace,0.1679394245147705,0,188,"Fixed: Uploading a new profile picture was sometimes failing, leaving people stuck with their old ones like an unfortunate driver's license photo. Contrary to popular belief, we've never aspired for Slack to feel like going to the DMV, so retake that photo to your heart's content.",Couldn't send messages. Uninstalled and now won't reinstall on my phone.
slack-251,dc5c9714-1e29-44a0-a0fa-1aefd860cd4f,0.1678816406350387,1,227,"Fixed: Uploading a new profile picture was sometimes failing, leaving people stuck with their old ones like an unfortunate driver's license photo. Contrary to popular belief, we've never aspired for Slack to feel like going to the DMV, so retake that photo to your heart's content.",Trash. Clueless designers making the experience worse and worse with every update just for the sake of change. Reminder.
slack-251,f097ffcd-0f06-47e0-99d6-ec30b331c4e2,0.16777588877567026,1,143,"Fixed: Uploading a new profile picture was sometimes failing, leaving people stuck with their old ones like an unfortunate driver's license photo. Contrary to popular belief, we've never aspired for Slack to feel like going to the DMV, so retake that photo to your heart's content.","Totally useless app. I can't login using my email ID. Why do I have to have workspace URL. If I don't have workspace URL, I have to login to email from this device and then confirm email. Such a unnecessary way of login."
slack-254,77647308-da36-4589-b21e-2fb4a1bbf99d,0.16771243312142112,1,300,"Fixed: Attempting to change your notification settings for a specific channel would routinely fail. Not in an entertaining way, or the sort that teaches you something important on your way to greater heights. It just didn't do the thing it was designed to do. Sometimes misfortune carries with it no lesson. Anyway, it works again.","Notifications don't work. Randomly either don't show up, or flash up momentarily and then vanish. Even worse, the app sets the message as read, so I can't see which channel it came from. Multiple times a day I have to manually cycle through all my channels to see what I've missed. Getting notifications on the phone breaks the entire tracking system. Amazing Slack can't figure out a problem solved by every other messaging app I use. Seems they don't think it's their problem."
slack-252,9c7bdf18-4de7-4594-8187-6181736df500,0.16762380713508246,1,261,"Fixed: On certain devices, tapping on a notification could lead to a weird state where backing out of a thread would always return you to that message from the notification you tapped. It was a phenomenon as confusing to witness as it is to explain, and we'll all be pleased to never have to experience it again.",Buggy!! Shows alert that there are mwssages but nothing shows up in chat. Slow to update. Cannot delete multiple messages why?!!
slack-254,45f39c30-7968-4205-b96a-5bf4bea6f4a1,0.16738531589508057,0,290,"Fixed: Attempting to change your notification settings for a specific channel would routinely fail. Not in an entertaining way, or the sort that teaches you something important on your way to greater heights. It just didn't do the thing it was designed to do. Sometimes misfortune carries with it no lesson. Anyway, it works again.","So buggy, most of time doesn't work. Read DM's don't go away, even after reboot."
slack-251,8c43e9f7-3c17-46b1-9e54-77c5b94b557d,0.1673055171966553,0,270,"Fixed: Uploading a new profile picture was sometimes failing, leaving people stuck with their old ones like an unfortunate driver's license photo. Contrary to popular belief, we've never aspired for Slack to feel like going to the DMV, so retake that photo to your heart's content.","Media upload experience is horrible.... Hated this app, just keeping it in my phone because my company use this unless I would have uninstalled it ages ago...!"
slack-254,35a7f46e-4b9d-401e-a0c6-74ad50a12a1e,0.1672912007286435,1,165,"Fixed: Attempting to change your notification settings for a specific channel would routinely fail. Not in an entertaining way, or the sort that teaches you something important on your way to greater heights. It just didn't do the thing it was designed to do. Sometimes misfortune carries with it no lesson. Anyway, it works again.","The slack android app negates all the goodness of the desktop version. Slack should just remove it from here. Issues like Notifications don't come, threads don't open when you click on them, umread count doesn't go away, status doesn't update etc etc"
slack-252,445fd1ba-7e91-4bcd-b3f0-13306d2f1f6f,0.16712953646977743,1,26,"Fixed: On certain devices, tapping on a notification could lead to a weird state where backing out of a thread would always return you to that message from the notification you tapped. It was a phenomenon as confusing to witness as it is to explain, and we'll all be pleased to never have to experience it again.",Shut down with no warnings. Now could be real to ANY business
slack-254,4795aa40-f963-4a38-ac3e-6b21c9836b28,0.16711383796319731,1,29,"Fixed: Attempting to change your notification settings for a specific channel would routinely fail. Not in an entertaining way, or the sort that teaches you something important on your way to greater heights. It just didn't do the thing it was designed to do. Sometimes misfortune carries with it no lesson. Anyway, it works again.",Im having problem with this app opening up ill tap on slack app on my phone it opens in close right back wit inb1sec smh this app needs to be fixed in some times it wont open at all so sad
slack-251,7584b244-de7a-4392-9bcf-cec90a0725b9,0.1669979453086853,0,306,"Fixed: Uploading a new profile picture was sometimes failing, leaving people stuck with their old ones like an unfortunate driver's license photo. Contrary to popular belief, we've never aspired for Slack to feel like going to the DMV, so retake that photo to your heart's content.",Barely functional. Calling experience is not good.
slack-254,25fb733e-5322-4a04-a4e2-db6699e1b9f4,0.16674944162368777,1,276,"Fixed: Attempting to change your notification settings for a specific channel would routinely fail. Not in an entertaining way, or the sort that teaches you something important on your way to greater heights. It just didn't do the thing it was designed to do. Sometimes misfortune carries with it no lesson. Anyway, it works again.",What is the point of this dumb app?
slack-252,8765ee4c-b8d5-4114-af2f-4c98e0f66c70,0.16663761801189847,1,348,"Fixed: On certain devices, tapping on a notification could lead to a weird state where backing out of a thread would always return you to that message from the notification you tapped. It was a phenomenon as confusing to witness as it is to explain, and we'll all be pleased to never have to experience it again.",Because when we login using magic link option I won't get the mail every time try to login in mobile this happens but on my laptop it took fastly pls make sure to avoid this mistake
slack-252,79991de8-1252-4434-8734-d79ccd273b3b,0.1664686361948649,1,185,"Fixed: On certain devices, tapping on a notification could lead to a weird state where backing out of a thread would always return you to that message from the notification you tapped. It was a phenomenon as confusing to witness as it is to explain, and we'll all be pleased to never have to experience it again.",Can't install this on my phone!!!!
slack-249,2986254c-71d8-4d0a-8074-47ae8dbfc3e3,0.16644960522651675,2,90,"A little reminder as you go about your day: The world is a more unique place simply because you're a part of it, and you've impacted others in ways you can't imagine. Oh, and no big changes to the app this time. Happy messaging.",My company email is not being accepted by the app.
slack-251,21221747-de44-49a1-86ec-cc9120df36af,0.16626971165339152,1,343,"Fixed: Uploading a new profile picture was sometimes failing, leaving people stuck with their old ones like an unfortunate driver's license photo. Contrary to popular belief, we've never aspired for Slack to feel like going to the DMV, so retake that photo to your heart's content.",Lazy update description! You refer to a link but this isn't clickable. Meaning Slack never had a decent design around this experience. A shame
slack-252,bcf8dfce-fdcd-46a5-9766-9a0fff798a0d,0.1660136092792858,2,202,"Fixed: On certain devices, tapping on a notification could lead to a weird state where backing out of a thread would always return you to that message from the notification you tapped. It was a phenomenon as confusing to witness as it is to explain, and we'll all be pleased to never have to experience it again.",I've been using Slack for several years now and all of a sudden it keeps logging me off... This is very frustrating...
slack-249,37ceffb9-32af-4472-af74-c05fc49409c9,0.16578023698594835,1,39,"A little reminder as you go about your day: The world is a more unique place simply because you're a part of it, and you've impacted others in ways you can't imagine. Oh, and no big changes to the app this time. Happy messaging.",too much error in sign in and refreshing messages
slack-251,f267cd88-a397-4125-84fc-a64715544a33,0.16537600888146295,1,306,"Fixed: Uploading a new profile picture was sometimes failing, leaving people stuck with their old ones like an unfortunate driver's license photo. Contrary to popular belief, we've never aspired for Slack to feel like going to the DMV, so retake that photo to your heart's content.","""threads"" is empty buy constantly highlighted like there's a message to view. Worst. I don't have slack desktop."
slack-251,4a815945-8c7f-42be-bb9a-060461c4b183,0.16532946716655386,1,160,"Fixed: Uploading a new profile picture was sometimes failing, leaving people stuck with their old ones like an unfortunate driver's license photo. Contrary to popular belief, we've never aspired for Slack to feel like going to the DMV, so retake that photo to your heart's content.",Keep closing and not opening. Not a good UX at all...
slack-254,81347b34-e943-4270-ba2b-610e8b8f1927,0.16500643943918164,1,242,"Fixed: Attempting to change your notification settings for a specific channel would routinely fail. Not in an entertaining way, or the sort that teaches you something important on your way to greater heights. It just didn't do the thing it was designed to do. Sometimes misfortune carries with it no lesson. Anyway, it works again.","After the most recent update, I can no longer access any messages. I still get notifications, so I know people are talking, but they never load in the app."
slack-254,8d9e894e-fc21-4d90-8858-09d133869885,0.16496306998389107,1,219,"Fixed: Attempting to change your notification settings for a specific channel would routinely fail. Not in an entertaining way, or the sort that teaches you something important on your way to greater heights. It just didn't do the thing it was designed to do. Sometimes misfortune carries with it no lesson. Anyway, it works again.",Can't remove a member in mobile app.
slack-251,7aff3db8-2ea4-4238-8898-930a4d37c82d,0.1643707176913386,1,93,"Fixed: Uploading a new profile picture was sometimes failing, leaving people stuck with their old ones like an unfortunate driver's license photo. Contrary to popular belief, we've never aspired for Slack to feel like going to the DMV, so retake that photo to your heart's content.","In all my years using applications I've never used an app that is as terrible and poorly developed as slack. It's fine once you get into a page, but if you haven't signed in in a while, you might as well never try again. Absolute trash."
slack-252,9d4bc066-f00b-4ebd-9d2c-7aba50206e6a,0.16433215141296387,0,248,"Fixed: On certain devices, tapping on a notification could lead to a weird state where backing out of a thread would always return you to that message from the notification you tapped. It was a phenomenon as confusing to witness as it is to explain, and we'll all be pleased to never have to experience it again.",- Conflict with desktop app - bad UI - notifications not works properly
slack-254,2a764136-dd53-485a-8f95-31854a93b838,0.16426429748535157,0,332,"Fixed: Attempting to change your notification settings for a specific channel would routinely fail. Not in an entertaining way, or the sort that teaches you something important on your way to greater heights. It just didn't do the thing it was designed to do. Sometimes misfortune carries with it no lesson. Anyway, it works again.","Doesn't work, too many bugs!"
slack-252,e1dd2ad7-babc-4400-ac1d-19faff3a9482,0.16423586686452232,1,196,"Fixed: On certain devices, tapping on a notification could lead to a weird state where backing out of a thread would always return you to that message from the notification you tapped. It was a phenomenon as confusing to witness as it is to explain, and we'll all be pleased to never have to experience it again.","After working perfectly for many years, they pulled support for android 7. Without warning, and for no discernible reason, other than they do not want to keep supporting old versions."
slack-251,431ec056-161b-47ec-aee1-80182a2678ad,0.16387641694810656,1,95,"Fixed: Uploading a new profile picture was sometimes failing, leaving people stuck with their old ones like an unfortunate driver's license photo. Contrary to popular belief, we've never aspired for Slack to feel like going to the DMV, so retake that photo to your heart's content.",Why the name of this app is an insult?
slack-251,6eea5ee8-8157-44d6-a586-993d8e5cd3f2,0.1637740135192871,0,105,"Fixed: Uploading a new profile picture was sometimes failing, leaving people stuck with their old ones like an unfortunate driver's license photo. Contrary to popular belief, we've never aspired for Slack to feel like going to the DMV, so retake that photo to your heart's content.",It gets hanged and very slow in comparison.
slack-252,1a69a22d-9828-4948-881b-9990b03bc109,0.16330996438076623,1,129,"Fixed: On certain devices, tapping on a notification could lead to a weird state where backing out of a thread would always return you to that message from the notification you tapped. It was a phenomenon as confusing to witness as it is to explain, and we'll all be pleased to never have to experience it again.",Lack of free version voice notes makes it a bit annoying but good app. Also needs more notification settings.
slack-254,22c0f9b2-7ea6-4035-8907-4de23416907b,0.1630263725105597,1,178,"Fixed: Attempting to change your notification settings for a specific channel would routinely fail. Not in an entertaining way, or the sort that teaches you something important on your way to greater heights. It just didn't do the thing it was designed to do. Sometimes misfortune carries with it no lesson. Anyway, it works again.",I have recently been facing too many issues with slack. Messages do not pop up. And the most recent issue is that slack is not connecting to my mobile network due to which it shows me as offline and i am unable to send or receive messages over slack.
slack-252,136c8fe7-68a5-40ca-aa47-6d5d41f3ff55,0.16299297992999737,1,326,"Fixed: On certain devices, tapping on a notification could lead to a weird state where backing out of a thread would always return you to that message from the notification you tapped. It was a phenomenon as confusing to witness as it is to explain, and we'll all be pleased to never have to experience it again.",Buggy. Needs a lot of development yet to fix the small small things.
slack-254,1265f9ef-a7c1-4b0a-987b-d63b554267db,0.16206782004412484,1,88,"Fixed: Attempting to change your notification settings for a specific channel would routinely fail. Not in an entertaining way, or the sort that teaches you something important on your way to greater heights. It just didn't do the thing it was designed to do. Sometimes misfortune carries with it no lesson. Anyway, it works again.",I seem to not be able to download the slack app from play store for sone reason.
slack-252,c565e950-6211-4220-ad4c-a1aacf992196,0.16204822628121626,2,192,"Fixed: On certain devices, tapping on a notification could lead to a weird state where backing out of a thread would always return you to that message from the notification you tapped. It was a phenomenon as confusing to witness as it is to explain, and we'll all be pleased to never have to experience it again.",Slack has suddenly stopped working. It is updated my network is working fine but it is just not Working
slack-252,4727889f-7287-4939-aa1f-bab0c6a87616,0.16172451864589346,1,33,"Fixed: On certain devices, tapping on a notification could lead to a weird state where backing out of a thread would always return you to that message from the notification you tapped. It was a phenomenon as confusing to witness as it is to explain, and we'll all be pleased to never have to experience it again.",Terrible experience after the update. Each screen takes decades to load.
slack-257,edd9cdee-da8b-4a9e-805e-938a20faaa51,0.1616065549850464,1,164,"We love emoji. But they can sometimes overwhelm the screen, particularly when that screen is small and hand-held. So we asked our scientists to determine ""a more reasonable amount"" of reacji to display at one time, and that answer is 9. But don't worry--the full panoply of reactions can be experienced with just a tap of your finger.",Its not functioning at all.
slack-254,f3a766c3-e267-4468-83fe-4d3ad402d081,0.16146464038778235,1,287,"Fixed: Attempting to change your notification settings for a specific channel would routinely fail. Not in an entertaining way, or the sort that teaches you something important on your way to greater heights. It just didn't do the thing it was designed to do. Sometimes misfortune carries with it no lesson. Anyway, it works again.","This app is becoming disaster, real time message not syncing. Even on manual attempt it's showing their is a new messages but still not sync or view."
slack-257,a3c2e6e3-cfe3-4cd8-99e3-4db6a2284102,0.1613820600509644,1,240,"We love emoji. But they can sometimes overwhelm the screen, particularly when that screen is small and hand-held. So we asked our scientists to determine ""a more reasonable amount"" of reacji to display at one time, and that answer is 9. But don't worry--the full panoply of reactions can be experienced with just a tap of your finger.",Always buggin and not working
slack-252,5495f2e7-068e-4531-a1c6-306d410f6e5d,0.16114984425631437,1,154,"Fixed: On certain devices, tapping on a notification could lead to a weird state where backing out of a thread would always return you to that message from the notification you tapped. It was a phenomenon as confusing to witness as it is to explain, and we'll all be pleased to never have to experience it again.",It used to drop calls around 1-2 times per use. Now I can't take myself of Do Not Disturb which has made the app entirely unusable. This is happening on my older model Android and also on my friends new iPhone. Negative stars.
slack-252,b7f5620e-777f-448e-a9ac-668cb0184c66,0.16113298279898508,1,304,"Fixed: On certain devices, tapping on a notification could lead to a weird state where backing out of a thread would always return you to that message from the notification you tapped. It was a phenomenon as confusing to witness as it is to explain, and we'll all be pleased to never have to experience it again.",This latest update.. Very buggy and unstable
slack-251,a4902372-f26b-4117-b36a-52ba7f1c7725,0.16107005013359918,1,308,"Fixed: Uploading a new profile picture was sometimes failing, leaving people stuck with their old ones like an unfortunate driver's license photo. Contrary to popular belief, we've never aspired for Slack to feel like going to the DMV, so retake that photo to your heart's content.","Trying to log into my work through okta with new android phone, tells me "" something went wrong"". Useless"
slack-254,94913445-7fd6-4083-b466-696cbb28b2db,0.1609373116493225,1,221,"Fixed: Attempting to change your notification settings for a specific channel would routinely fail. Not in an entertaining way, or the sort that teaches you something important on your way to greater heights. It just didn't do the thing it was designed to do. Sometimes misfortune carries with it no lesson. Anyway, it works again.","Such a horrible app, the notifications system is a joke"
slack-249,b40cce49-d0c4-410e-9684-53cbbe585884,0.1609072125875033,2,159,"A little reminder as you go about your day: The world is a more unique place simply because you're a part of it, and you've impacted others in ways you can't imagine. Oh, and no big changes to the app this time. Happy messaging.",This is a cheap version of discord. The voice calls don't even work
slack-257,6c580921-c150-4e35-bf07-3d03fc20c8fe,0.1608898389339447,1,239,"We love emoji. But they can sometimes overwhelm the screen, particularly when that screen is small and hand-held. So we asked our scientists to determine ""a more reasonable amount"" of reacji to display at one time, and that answer is 9. But don't worry--the full panoply of reactions can be experienced with just a tap of your finger.",There is no Arabic version
slack-252,c6dfa864-083a-454d-9ed8-f4b81b395b78,0.16076831022898358,1,338,"Fixed: On certain devices, tapping on a notification could lead to a weird state where backing out of a thread would always return you to that message from the notification you tapped. It was a phenomenon as confusing to witness as it is to explain, and we'll all be pleased to never have to experience it again.",Very difficult to download on phone
slack-257,e382513d-5ea8-4be2-99b7-ad9bfb1ed5db,0.1606836233820234,1,164,"We love emoji. But they can sometimes overwhelm the screen, particularly when that screen is small and hand-held. So we asked our scientists to determine ""a more reasonable amount"" of reacji to display at one time, and that answer is 9. But don't worry--the full panoply of reactions can be experienced with just a tap of your finger.",Cannot sing in and use the app
slack-254,a04ca47e-f1df-4649-8250-5f3ad98c4ff4,0.1606472265152704,1,132,"Fixed: Attempting to change your notification settings for a specific channel would routinely fail. Not in an entertaining way, or the sort that teaches you something important on your way to greater heights. It just didn't do the thing it was designed to do. Sometimes misfortune carries with it no lesson. Anyway, it works again.","Garbage app Notifications don't work. Volume doesn't work. The app used to be good, now it's trash. Use Microsoft teams instead."
slack-251,3e19d9c1-cb2b-4c97-8588-4579448871be,0.1606100089409772,1,181,"Fixed: Uploading a new profile picture was sometimes failing, leaving people stuck with their old ones like an unfortunate driver's license photo. Contrary to popular belief, we've never aspired for Slack to feel like going to the DMV, so retake that photo to your heart's content.","This sucks! Difficult to sign in, navigate, and not user friendly. We're better of using email and text. What's the point of Slack? It's just another messaging app and an incredible waste of time."
slack-252,113ff646-8d44-4e6c-a722-bc5c306861de,0.16059235426095816,2,7,"Fixed: On certain devices, tapping on a notification could lead to a weird state where backing out of a thread would always return you to that message from the notification you tapped. It was a phenomenon as confusing to witness as it is to explain, and we'll all be pleased to never have to experience it again.","I always have problems with this app posting pictures, and it runs very slowly. It constantly changes screens when I try to type in a group chat, and the picture will never load or upload, and when I click on a photo, it shows me something else. This app is very broken."
slack-252,b8f21260-618e-48c8-b362-3bb007829adb,0.1602660918235779,1,243,"Fixed: On certain devices, tapping on a notification could lead to a weird state where backing out of a thread would always return you to that message from the notification you tapped. It was a phenomenon as confusing to witness as it is to explain, and we'll all be pleased to never have to experience it again.","Kept on crashing when trying to open, had to reinstall"
slack-254,067870aa-b48f-475c-a3e6-85af9ede76da,0.16017688203741004,1,358,"Fixed: Attempting to change your notification settings for a specific channel would routinely fail. Not in an entertaining way, or the sort that teaches you something important on your way to greater heights. It just didn't do the thing it was designed to do. Sometimes misfortune carries with it no lesson. Anyway, it works again.","There's a problem with the last update, where the reactions for posts gets mixed up, you see a message's reactions in another, and especially in slower connections."
slack-252,84537c67-b024-4af1-a29a-ea2a60340e7b,0.16007734537124635,0,199,"Fixed: On certain devices, tapping on a notification could lead to a weird state where backing out of a thread would always return you to that message from the notification you tapped. It was a phenomenon as confusing to witness as it is to explain, and we'll all be pleased to never have to experience it again.","Not supported in Android 6, they suddenly stopped with any warning."
slack-249,9eb5da83-6367-41db-b3c0-b6a81256fb00,0.15989692551749093,1,106,"A little reminder as you go about your day: The world is a more unique place simply because you're a part of it, and you've impacted others in ways you can't imagine. Oh, and no big changes to the app this time. Happy messaging.",Couldn't sign in to my company's website
slack-252,89b11a6f-d46b-45e1-bb64-44f314a3465f,0.15981744766235353,1,361,"Fixed: On certain devices, tapping on a notification could lead to a weird state where backing out of a thread would always return you to that message from the notification you tapped. It was a phenomenon as confusing to witness as it is to explain, and we'll all be pleased to never have to experience it again.",Latest version is completely useless. Simply doesn't update at all.
slack-252,3491b171-b2c7-4a82-acf9-616532265466,0.1597383737564087,0,222,"Fixed: On certain devices, tapping on a notification could lead to a weird state where backing out of a thread would always return you to that message from the notification you tapped. It was a phenomenon as confusing to witness as it is to explain, and we'll all be pleased to never have to experience it again.",Suddenly disabled (no in-app deprecation warning) support for my android version.
slack-252,1e93b57c-5d65-437b-9d41-571d94406dd7,0.15964324657733625,1,173,"Fixed: On certain devices, tapping on a notification could lead to a weird state where backing out of a thread would always return you to that message from the notification you tapped. It was a phenomenon as confusing to witness as it is to explain, and we'll all be pleased to never have to experience it again.",Every time I try to upload a video on the phone it crashes...
slack-251,5ee286dc-52a8-4261-9ff5-4030d61e2e03,0.15954164600372317,1,193,"Fixed: Uploading a new profile picture was sometimes failing, leaving people stuck with their old ones like an unfortunate driver's license photo. Contrary to popular belief, we've never aspired for Slack to feel like going to the DMV, so retake that photo to your heart's content.","This app was working great but since today I was getting absolutely no messages, and no I reinstalled slack and now I can't back in"
slack-252,4e97ace4-0570-47a2-a134-7dbc1445c304,0.1594565598588241,1,27,"Fixed: On certain devices, tapping on a notification could lead to a weird state where backing out of a thread would always return you to that message from the notification you tapped. It was a phenomenon as confusing to witness as it is to explain, and we'll all be pleased to never have to experience it again.","such a buggy and unstable app. it doesn't manage code blocks and mentions properly. editing your drafts, it crashes."
slack-254,e087ae8d-99fc-4d6d-9d64-b61797375e33,0.159233691258864,2,338,"Fixed: Attempting to change your notification settings for a specific channel would routinely fail. Not in an entertaining way, or the sort that teaches you something important on your way to greater heights. It just didn't do the thing it was designed to do. Sometimes misfortune carries with it no lesson. Anyway, it works again.","There is no way a company of Slack's size and stature should have released a product this buggy. It's clearly untested on Android tablets. Menu items don't work, channels always appears when switching to the app no matter what you were on before, and channels is empty, no notifications on DMS, and tech support will ask you for a screenshot when they could just try it themselves. Boo! I don't want to reach out to you again. Acknowledge the problems in Play and deploy a fix."
slack-251,a3fb420d-bed8-4476-822b-b9f0ddcd0fe7,0.15896759472395244,1,103,"Fixed: Uploading a new profile picture was sometimes failing, leaving people stuck with their old ones like an unfortunate driver's license photo. Contrary to popular belief, we've never aspired for Slack to feel like going to the DMV, so retake that photo to your heart's content.","Can't remove or sign out of workspaces. Don't use the mobile app. If you have to use slack, stick with a browser. This is a bug they've known about for a long time and will likely never fix."
slack-252,4d292cd3-3eaf-4e88-ae37-ec90d16e1df6,0.15863727331161498,2,251,"Fixed: On certain devices, tapping on a notification could lead to a weird state where backing out of a thread would always return you to that message from the notification you tapped. It was a phenomenon as confusing to witness as it is to explain, and we'll all be pleased to never have to experience it again.",This app has amnesia. If you go away from the app and then come back it brings up the splash screen and you loose drafts and the location where you were viewing.
slack-252,6ee909f6-e8fd-4ab5-888a-fbfe1f48b70b,0.15851775299419057,1,166,"Fixed: On certain devices, tapping on a notification could lead to a weird state where backing out of a thread would always return you to that message from the notification you tapped. It was a phenomenon as confusing to witness as it is to explain, and we'll all be pleased to never have to experience it again.",I reset my phone and now I cannot install Slack anymore
slack-254,aeeb5318-fc8c-4c28-a2ca-bcd01491c3b2,0.1583181439705615,1,327,"Fixed: Attempting to change your notification settings for a specific channel would routinely fail. Not in an entertaining way, or the sort that teaches you something important on your way to greater heights. It just didn't do the thing it was designed to do. Sometimes misfortune carries with it no lesson. Anyway, it works again.","Extremely buggy at the moment. It is impossible to select the channel I want - it always sends me to a different one than the one I've selected. Today I went into one channel to remove myself, and it kicked me from a totally different channel than the one I was in! Very annoying."
slack-251,fdd9d762-028e-43ea-8172-a3beb5c0881e,0.1579874658584595,1,100,"Fixed: Uploading a new profile picture was sometimes failing, leaving people stuck with their old ones like an unfortunate driver's license photo. Contrary to popular belief, we've never aspired for Slack to feel like going to the DMV, so retake that photo to your heart's content.",Is there no way to use slack in mobile WEB?
slack-254,e87f069c-eae8-46c9-865b-76dcc9c4c197,0.1576802086830139,1,184,"Fixed: Attempting to change your notification settings for a specific channel would routinely fail. Not in an entertaining way, or the sort that teaches you something important on your way to greater heights. It just didn't do the thing it was designed to do. Sometimes misfortune carries with it no lesson. Anyway, it works again.",Garbage app no longer works on my phone. I'm not buying a new phone just for this one stupid app.
slack-252,0bb5fdbf-6fb9-4bb3-9a50-c7b3c2aa0d78,0.1573264513015747,1,56,"Fixed: On certain devices, tapping on a notification could lead to a weird state where backing out of a thread would always return you to that message from the notification you tapped. It was a phenomenon as confusing to witness as it is to explain, and we'll all be pleased to never have to experience it again.","Pathetic, I need to connect to VPN each n evry time otherwise my slack website +app both won't work at all,, any remediation on it ?"
slack-254,e9d63688-4eb1-43a9-ac5f-a53e03d24726,0.1571244489578974,1,354,"Fixed: Attempting to change your notification settings for a specific channel would routinely fail. Not in an entertaining way, or the sort that teaches you something important on your way to greater heights. It just didn't do the thing it was designed to do. Sometimes misfortune carries with it no lesson. Anyway, it works again.","Recently app behaves erratic. It incorrecly shows reactions, mentions. It confuses chats you try to open, often opening different chats entirely."
slack-251,5e1a9597-0ba5-42f2-bb8e-6c20d1da9956,0.15703945822185938,1,193,"Fixed: Uploading a new profile picture was sometimes failing, leaving people stuck with their old ones like an unfortunate driver's license photo. Contrary to popular belief, we've never aspired for Slack to feel like going to the DMV, so retake that photo to your heart's content.","Unbelievablely dumb decision to have gif search be 'random' and you have to shuffle it. Garbage. Wouldn't work when on VPN without telling the user why, had to switch VPN location in order to use it."
slack-249,48dfee79-eebc-4ba5-8c2e-06cb2fc87706,0.1567948477608817,1,353,"A little reminder as you go about your day: The world is a more unique place simply because you're a part of it, and you've impacted others in ways you can't imagine. Oh, and no big changes to the app this time. Happy messaging.","Too many glitches, too many platforms that are not as ""productive"" as people believe."
slack-252,a50366d8-2107-474b-9d24-c4bc00f76b7c,0.15647056261698405,1,33,"Fixed: On certain devices, tapping on a notification could lead to a weird state where backing out of a thread would always return you to that message from the notification you tapped. It was a phenomenon as confusing to witness as it is to explain, and we'll all be pleased to never have to experience it again.",Can't uploading media ! It stuck in sending status And after retrying the app was crashed
slack-251,b53bfc28-b03f-476e-87da-5cb90e77a817,0.15645114075053823,1,1,"Fixed: Uploading a new profile picture was sometimes failing, leaving people stuck with their old ones like an unfortunate driver's license photo. Contrary to popular belief, we've never aspired for Slack to feel like going to the DMV, so retake that photo to your heart's content.","Poorly optimized for tablets, the UI is designed for smartphones only."
slack-249,9b7f9249-dfe2-447c-a818-5794073c71bc,0.15548681497573855,1,95,"A little reminder as you go about your day: The world is a more unique place simply because you're a part of it, and you've impacted others in ways you can't imagine. Oh, and no big changes to the app this time. Happy messaging.",Cannot copy messages to clipboard! 
slack-254,efed25a8-bb8a-41f9-a3e8-0c8d5137c5f4,0.15535786151885989,1,208,"Fixed: Attempting to change your notification settings for a specific channel would routinely fail. Not in an entertaining way, or the sort that teaches you something important on your way to greater heights. It just didn't do the thing it was designed to do. Sometimes misfortune carries with it no lesson. Anyway, it works again.",Why it is unavailable in my cellphone unit?
slack-252,62959668-b41c-4a24-a83b-a00434fde4e7,0.15512818098068237,1,364,"Fixed: On certain devices, tapping on a notification could lead to a weird state where backing out of a thread would always return you to that message from the notification you tapped. It was a phenomenon as confusing to witness as it is to explain, and we'll all be pleased to never have to experience it again.",Completely wrecked the app on the last update.
slack-257,6b4e995b-6e3c-4583-84f8-0c1d4d9d55bc,0.15506601425317618,1,347,"We love emoji. But they can sometimes overwhelm the screen, particularly when that screen is small and hand-held. So we asked our scientists to determine ""a more reasonable amount"" of reacji to display at one time, and that answer is 9. But don't worry--the full panoply of reactions can be experienced with just a tap of your finger.",Rendering of reaction emojis on messages (for ex. thumbs up) is broken. Showing no reactions at all or reactions to other messages. Otherwise a great app.
slack-252,e9fba118-78f2-4968-beeb-16668273c0bc,0.15506290739232845,1,22,"Fixed: On certain devices, tapping on a notification could lead to a weird state where backing out of a thread would always return you to that message from the notification you tapped. It was a phenomenon as confusing to witness as it is to explain, and we'll all be pleased to never have to experience it again.",major issue. after updating the app now each and every grp in slack is muted . I cannot unmute it. such pathetic app
slack-252,7288f6ab-2c7a-4bbc-a82b-d585630e2c83,0.15446217393875122,1,182,"Fixed: On certain devices, tapping on a notification could lead to a weird state where backing out of a thread would always return you to that message from the notification you tapped. It was a phenomenon as confusing to witness as it is to explain, and we'll all be pleased to never have to experience it again.","So my review suddenly disappeared after the developer ""replied"". STILL NOT GETTING NOTIFICATIONS FOR SOME MESSAGES. YOU GUYS SUCK FOR REMOVING MY REVIEW!!! SCUMBAG MOVE."
slack-252,97e2e9ce-1d53-478f-a158-7254afa66d7c,0.15444239448098573,1,189,"Fixed: On certain devices, tapping on a notification could lead to a weird state where backing out of a thread would always return you to that message from the notification you tapped. It was a phenomenon as confusing to witness as it is to explain, and we'll all be pleased to never have to experience it again.","I activated 2 factor auth, now I can't login anymore. I get ""something went wrong. Please try again."" Even after clearing the app cache. This app is now as useless as that error message"
slack-249,b36eb581-b5d8-41de-b8ee-89e6566cf56f,0.1541264533996582,1,86,"A little reminder as you go about your day: The world is a more unique place simply because you're a part of it, and you've impacted others in ways you can't imagine. Oh, and no big changes to the app this time. Happy messaging.",No way to sign out the damn thing
slack-251,52ea8ca2-46b0-4587-a354-b437f237ff9a,0.15397921486904748,1,192,"Fixed: Uploading a new profile picture was sometimes failing, leaving people stuck with their old ones like an unfortunate driver's license photo. Contrary to popular belief, we've never aspired for Slack to feel like going to the DMV, so retake that photo to your heart's content.","After following help desk's suggestions, I can no longer login my workspace. The app has totally gone useless. Sigh."
slack-252,52ba72ae-124e-4dc0-8758-76b20a66d3b1,0.15365034028103478,1,222,"Fixed: On certain devices, tapping on a notification could lead to a weird state where backing out of a thread would always return you to that message from the notification you tapped. It was a phenomenon as confusing to witness as it is to explain, and we'll all be pleased to never have to experience it again.","Instantly it stopped working with my Android 7. No warnings in advance, nothing to give me time to migrate."
slack-257,ce02621c-317a-49fa-814a-d14582d610b0,0.1536343787397657,1,214,"We love emoji. But they can sometimes overwhelm the screen, particularly when that screen is small and hand-held. So we asked our scientists to determine ""a more reasonable amount"" of reacji to display at one time, and that answer is 9. But don't worry--the full panoply of reactions can be experienced with just a tap of your finger.",Not able to use over 4g network.
slack-252,ea3b19f6-97ab-482e-a7c1-1b1ddac90ec2,0.15360175609588625,1,221,"Fixed: On certain devices, tapping on a notification could lead to a weird state where backing out of a thread would always return you to that message from the notification you tapped. It was a phenomenon as confusing to witness as it is to explain, and we'll all be pleased to never have to experience it again.",Why it's no longer able to work on my android?
slack-254,ba2c95bc-ee43-4df5-8109-8729bf739b22,0.15347656011581423,0,355,"Fixed: Attempting to change your notification settings for a specific channel would routinely fail. Not in an entertaining way, or the sort that teaches you something important on your way to greater heights. It just didn't do the thing it was designed to do. Sometimes misfortune carries with it no lesson. Anyway, it works again.",Doesn't support dark theme. Worst experience.
slack-252,77c9392f-df22-48c9-a6f6-6adefb149961,0.15301780271530152,1,294,"Fixed: On certain devices, tapping on a notification could lead to a weird state where backing out of a thread would always return you to that message from the notification you tapped. It was a phenomenon as confusing to witness as it is to explain, and we'll all be pleased to never have to experience it again.",Terrible app. Difficult to use. I do my own taxes but I can't get my notifications turned back on just flickers on and off and on and off and on and off and on and off and ultimately stays on. I have no choice so I will keep using it
slack-257,995db925-ddd5-4d77-a360-f2e1bc9a8f98,0.15255065900938852,1,326,"We love emoji. But they can sometimes overwhelm the screen, particularly when that screen is small and hand-held. So we asked our scientists to determine ""a more reasonable amount"" of reacji to display at one time, and that answer is 9. But don't worry--the full panoply of reactions can be experienced with just a tap of your finger.",The app stopped connecting and updating yesterday.
slack-251,809d2c32-6586-455d-b9ba-c3d8b23f2b53,0.152512540267064,1,222,"Fixed: Uploading a new profile picture was sometimes failing, leaving people stuck with their old ones like an unfortunate driver's license photo. Contrary to popular belief, we've never aspired for Slack to feel like going to the DMV, so retake that photo to your heart's content.","Now to use Slack I have to change my phone Are you Kidding ,????"
slack-254,544aca3d-2b4a-46c6-afdd-556745cce3c2,0.15221364950311594,1,339,"Fixed: Attempting to change your notification settings for a specific channel would routinely fail. Not in an entertaining way, or the sort that teaches you something important on your way to greater heights. It just didn't do the thing it was designed to do. Sometimes misfortune carries with it no lesson. Anyway, it works again.","Just a mess of accounts, not being able to access on any device, confusing functionality. 3rd time I've had to install because others in a team are using it."
slack-251,5c86bf46-f368-42ef-8d03-9dc3f07b4c60,0.15221328291782113,1,111,"Fixed: Uploading a new profile picture was sometimes failing, leaving people stuck with their old ones like an unfortunate driver's license photo. Contrary to popular belief, we've never aspired for Slack to feel like going to the DMV, so retake that photo to your heart's content.","I cannot do anything on slack I have been trying to access the app on my mobile device and I can't even login. It is only on my desktop. However there power outage and for like 1hr, I cannot access my slack group."
slack-251,24270fbd-67d6-4523-995f-14a31ddc3d21,0.15186206541563335,1,68,"Fixed: Uploading a new profile picture was sometimes failing, leaving people stuck with their old ones like an unfortunate driver's license photo. Contrary to popular belief, we've never aspired for Slack to feel like going to the DMV, so retake that photo to your heart's content.","Just received a link to join app for work purposes. It's terrible, I can't even sign up. It gives me an error message with all/any email I use. I can't even sign up with the workspace URL!"
slack-254,a430d2c7-0ab5-49cb-990a-c1c1936a3faa,0.15148754119873048,0,248,"Fixed: Attempting to change your notification settings for a specific channel would routinely fail. Not in an entertaining way, or the sort that teaches you something important on your way to greater heights. It just didn't do the thing it was designed to do. Sometimes misfortune carries with it no lesson. Anyway, it works again.",App won't launch via SSO (Okta) very frustrating
slack-251,44096af3-1e3c-4b7b-8394-acf8a89c6ea3,0.15143808196572695,1,39,"Fixed: Uploading a new profile picture was sometimes failing, leaving people stuck with their old ones like an unfortunate driver's license photo. Contrary to popular belief, we've never aspired for Slack to feel like going to the DMV, so retake that photo to your heart's content.","Impossible to log in. I've tried both a magic link and manual sign in and neither work for different workspaces across two separate email accounts. Updated the app, restarted it several times, still nothing."
slack-254,acfc816d-6f71-4d5a-b53f-9a77c56797d9,0.1513548254966736,0,13,"Fixed: Attempting to change your notification settings for a specific channel would routinely fail. Not in an entertaining way, or the sort that teaches you something important on your way to greater heights. It just didn't do the thing it was designed to do. Sometimes misfortune carries with it no lesson. Anyway, it works again.","Buggy and unreliable, they deleted our paid workspace"
slack-257,209b1760-88a1-4b45-ad18-345c1514d761,0.15121513605117798,1,234,"We love emoji. But they can sometimes overwhelm the screen, particularly when that screen is small and hand-held. So we asked our scientists to determine ""a more reasonable amount"" of reacji to display at one time, and that answer is 9. But don't worry--the full panoply of reactions can be experienced with just a tap of your finger.",Displays the incorrect count of notifications on a channel if a recent @here message comes in
slack-252,649146c0-3d4f-4ec3-99c1-d8995d1787b5,0.15077114237679376,1,192,"Fixed: On certain devices, tapping on a notification could lead to a weird state where backing out of a thread would always return you to that message from the notification you tapped. It was a phenomenon as confusing to witness as it is to explain, and we'll all be pleased to never have to experience it again.",The app suddenly lost ability to pull any updates over my channels and I had to uninstall it!
slack-251,09b337a8-1dd5-45c2-b846-7e9fcddeac08,0.15072805773128164,1,306,"Fixed: Uploading a new profile picture was sometimes failing, leaving people stuck with their old ones like an unfortunate driver's license photo. Contrary to popular belief, we've never aspired for Slack to feel like going to the DMV, so retake that photo to your heart's content.",Can't even sign in to my account. Making this app useless
slack-252,28445b83-1c42-4f50-abb8-aa6fec49533f,0.15063323974609377,0,363,"Fixed: On certain devices, tapping on a notification could lead to a weird state where backing out of a thread would always return you to that message from the notification you tapped. It was a phenomenon as confusing to witness as it is to explain, and we'll all be pleased to never have to experience it again.",App not working after update
slack-252,77647308-da36-4589-b21e-2fb4a1bbf99d,0.15051732648882948,2,314,"Fixed: On certain devices, tapping on a notification could lead to a weird state where backing out of a thread would always return you to that message from the notification you tapped. It was a phenomenon as confusing to witness as it is to explain, and we'll all be pleased to never have to experience it again.","Notifications don't work. Randomly either don't show up, or flash up momentarily and then vanish. Even worse, the app sets the message as read, so I can't see which channel it came from. Multiple times a day I have to manually cycle through all my channels to see what I've missed. Getting notifications on the phone breaks the entire tracking system. Amazing Slack can't figure out a problem solved by every other messaging app I use. Seems they don't think it's their problem."
slack-252,67a8d75c-bf49-4fb7-9ada-48e48bbb1c00,0.1498894878796169,1,26,"Fixed: On certain devices, tapping on a notification could lead to a weird state where backing out of a thread would always return you to that message from the notification you tapped. It was a phenomenon as confusing to witness as it is to explain, and we'll all be pleased to never have to experience it again.","Politicized app, I don't recommend using it. Your data can be deleted and work stopped at any time without a reason, remember that it can happen with you"
slack-253,e4a0c838-e86f-40e5-863a-3ad2ce063c1b,0.14925352811813358,1,13,"The size of the Slack app (the amount of data you download) is now a bit smaller, lighter, more compact. More efficient. Trim. Tightly engineered. Streamlined. Pared down to its essentials. You know, unlike this update copy.",Slack delete account with subscription
slack-252,1291318d-4b71-4bb4-8d79-cf241eddcd87,0.1489922676086426,1,202,"Fixed: On certain devices, tapping on a notification could lead to a weird state where backing out of a thread would always return you to that message from the notification you tapped. It was a phenomenon as confusing to witness as it is to explain, and we'll all be pleased to never have to experience it again.","App keeps logging out every 5 minutes. Tried uninstalling and reinstalling, as well as changing credentials and updating. Still getting logged out. App is broken."
slack-251,f1cd1184-2580-45c9-be5b-22f904a22b10,0.14891482277920373,1,152,"Fixed: Uploading a new profile picture was sometimes failing, leaving people stuck with their old ones like an unfortunate driver's license photo. Contrary to popular belief, we've never aspired for Slack to feel like going to the DMV, so retake that photo to your heart's content.","If you installed this app on your phone, then you have no right to talk about work life balance"
slack-252,4e9288cb-2f82-479a-9ac3-f2b18b56df89,0.14890934361351862,2,145,"Fixed: On certain devices, tapping on a notification could lead to a weird state where backing out of a thread would always return you to that message from the notification you tapped. It was a phenomenon as confusing to witness as it is to explain, and we'll all be pleased to never have to experience it again.","App worked fine for months, now can't view messages or reply or post. Have to completely wipe cashe and data and re sign in to work for only a few hours then it screws up again."
slack-251,b9759999-d664-4be7-ad09-e4769e104acb,0.14845667600631712,1,174,"Fixed: Uploading a new profile picture was sometimes failing, leaving people stuck with their old ones like an unfortunate driver's license photo. Contrary to popular belief, we've never aspired for Slack to feel like going to the DMV, so retake that photo to your heart's content.",Great app. Google sucks and says it's not compatible with my phone wth. And Google can't even find the app.
slack-251,14174c6d-c28e-4e31-a713-41db0508bb1a,0.14837737966466832,1,262,"Fixed: Uploading a new profile picture was sometimes failing, leaving people stuck with their old ones like an unfortunate driver's license photo. Contrary to popular belief, we've never aspired for Slack to feel like going to the DMV, so retake that photo to your heart's content.","I am getting Slack needs to be updated to login to workspace page. When i click Update Slack, nothing happens.. I am unable to login to workspace.."
slack-254,5fc5fc2e-0346-49d6-a63b-950f441489b2,0.14773107268593527,1,220,"Fixed: Attempting to change your notification settings for a specific channel would routinely fail. Not in an entertaining way, or the sort that teaches you something important on your way to greater heights. It just didn't do the thing it was designed to do. Sometimes misfortune carries with it no lesson. Anyway, it works again.","Trash. Just trash. By default, the app's notification system is set to a weird time, and it syncs to the desktop app, so the desktop app gets bufu'd. When you change the desktop notifications, the mobile doesn't sync, so you gotta do it on the mobile app all over again. However, the most egregious Idiocracy is that the app doesn't have a default sound. So when it notifies you, it doesn't make any sound. I had to go into android OS and set a sound. Why? Just...why...?"
slack-252,48e69839-2853-41c5-aa52-0bc6f6c91761,0.14765531063079834,1,142,"Fixed: On certain devices, tapping on a notification could lead to a weird state where backing out of a thread would always return you to that message from the notification you tapped. It was a phenomenon as confusing to witness as it is to explain, and we'll all be pleased to never have to experience it again.",Terrible mobile app. Can't connect my email to it! Disaster
slack-252,f84e173b-a4b8-43dd-b4bf-10abf12a0b09,0.14754284954071045,1,13,"Fixed: On certain devices, tapping on a notification could lead to a weird state where backing out of a thread would always return you to that message from the notification you tapped. It was a phenomenon as confusing to witness as it is to explain, and we'll all be pleased to never have to experience it again.",I'm completely unable to login to the app with my new Pixel 6. It just keeps sending me back to the main splash/login screen.
slack-252,41c5eb95-5cfe-4804-b0a7-519b2df50df3,0.1475402369218714,2,32,"Fixed: On certain devices, tapping on a notification could lead to a weird state where backing out of a thread would always return you to that message from the notification you tapped. It was a phenomenon as confusing to witness as it is to explain, and we'll all be pleased to never have to experience it again.",Why is it SO DIFFICULT to login on a new device? FINALLY just got it logged in after 2 weeks on a new phone! I had to uninstall and reinstall it for some reason.... 
slack-252,0bb3b6ac-77c4-46f8-bd51-171d347f39a2,0.1473661434082758,2,286,"Fixed: On certain devices, tapping on a notification could lead to a weird state where backing out of a thread would always return you to that message from the notification you tapped. It was a phenomenon as confusing to witness as it is to explain, and we'll all be pleased to never have to experience it again.","The most usless and buggy app I have used so far. That why slack needs to give app update in every 2 days. I don't know why my company using this. Because of that, I have to deal with this Useless application."
slack-250,4c0ce080-421f-45fb-81c9-a3549db7c52f,0.14725897203792226,1,26,"Dash on over to the Quick Switcher to find that searches will more accurately return channels with dashes in their names. If your hopes were previously dashed, we ask for a dash of forgiveness and wish to say you're looking very dashing today.","Political trash app, thx for delete all information on russian accounts"
slack-254,64e6b34a-412b-4cbd-a2a0-ba1e0f07798d,0.14683876731178977,1,168,"Fixed: Attempting to change your notification settings for a specific channel would routinely fail. Not in an entertaining way, or the sort that teaches you something important on your way to greater heights. It just didn't do the thing it was designed to do. Sometimes misfortune carries with it no lesson. Anyway, it works again.","Slack randomly ""stopped"" working because of my Android system not being updated enough, ie, needing to buy a new phone to use Slack. However, I'd still get notifications about messages, just not be able to write back on my phone! The app still worked. HOW RIDICULOUS. Worst app ever to literally say buy a new phone to keep using. Um, nope. You are a worthless company if you make everyone buy a new phone to use. Sorry, but just no. Fix this and I will probably come back, don't and I'll tell everyone how terrible you are."
slack-251,fdce36d3-b267-4cce-9b6d-72cce9a8911b,0.14655407932069567,1,90,"Fixed: Uploading a new profile picture was sometimes failing, leaving people stuck with their old ones like an unfortunate driver's license photo. Contrary to popular belief, we've never aspired for Slack to feel like going to the DMV, so retake that photo to your heart's content.",I don't understand why people use this app. Sloppy.
slack-251,109c27cd-aa5f-4196-baff-559a436852da,0.1462120978920548,1,254,"Fixed: Uploading a new profile picture was sometimes failing, leaving people stuck with their old ones like an unfortunate driver's license photo. Contrary to popular belief, we've never aspired for Slack to feel like going to the DMV, so retake that photo to your heart's content.","When you are typing and you rotate the screen, the text drafted in the chats disappear and you have to type everything again. Please fix this bug."
slack-252,6eea5ee8-8157-44d6-a586-993d8e5cd3f2,0.14604156017303466,1,105,"Fixed: On certain devices, tapping on a notification could lead to a weird state where backing out of a thread would always return you to that message from the notification you tapped. It was a phenomenon as confusing to witness as it is to explain, and we'll all be pleased to never have to experience it again.",It gets hanged and very slow in comparison.
slack-254,f645b6d9-e2cd-4549-846b-13294d8434e8,0.14589707321590847,1,284,"Fixed: Attempting to change your notification settings for a specific channel would routinely fail. Not in an entertaining way, or the sort that teaches you something important on your way to greater heights. It just didn't do the thing it was designed to do. Sometimes misfortune carries with it no lesson. Anyway, it works again.","Sometimes we never get notifications, it's real pain. I sit back with a impression that no DMs but all of sudden when I open I end up seeing messages which arrived 5-6 hours ago. Pathetic !!"
slack-254,2d010f9d-97ce-4f34-9539-0eceb2bb0355,0.14550207100416485,1,11,"Fixed: Attempting to change your notification settings for a specific channel would routinely fail. Not in an entertaining way, or the sort that teaches you something important on your way to greater heights. It just didn't do the thing it was designed to do. Sometimes misfortune carries with it no lesson. Anyway, it works again.","Deleting workspaces without a warning just out of sheer need to virtue signal? That's gotta be the new low. Nobody should ever consider using this destructive trojan program or any program by the same ""creators"". Shame on you!"
slack-251,2f1e471f-2cdc-44d0-afda-6031841c9ece,0.1454626482465993,2,68,"Fixed: Uploading a new profile picture was sometimes failing, leaving people stuck with their old ones like an unfortunate driver's license photo. Contrary to popular belief, we've never aspired for Slack to feel like going to the DMV, so retake that photo to your heart's content.",I feel like Android app recent update made organization of channels worse. Just one flat group of everything - where are the custom sections and ways to organize? In an enterprise with hundreds of channels it's useless and almost impossible to find the channels I need to monitor.
slack-252,b4743e8c-8d6c-4859-95c6-25ab7f8805c2,0.14545061985651653,1,354,"Fixed: On certain devices, tapping on a notification could lead to a weird state where backing out of a thread would always return you to that message from the notification you tapped. It was a phenomenon as confusing to witness as it is to explain, and we'll all be pleased to never have to experience it again.",The latest update is becoming worst.
slack-251,04861a53-c73b-472d-9faf-7476e01e8537,0.14502345085144044,1,354,"Fixed: Uploading a new profile picture was sometimes failing, leaving people stuck with their old ones like an unfortunate driver's license photo. Contrary to popular belief, we've never aspired for Slack to feel like going to the DMV, so retake that photo to your heart's content.",Browser app does not work on a mobile device. Forces you to install the appstore app. I don't like being forced to install random apps on my phone just to access sites that I already had access to on pc.
slack-251,bd7d1c2c-6113-4930-b8f9-3f9155f06598,0.14480610101119332,1,192,"Fixed: Uploading a new profile picture was sometimes failing, leaving people stuck with their old ones like an unfortunate driver's license photo. Contrary to popular belief, we've never aspired for Slack to feel like going to the DMV, so retake that photo to your heart's content.",Sitting here with wifi and the app has completely crapped out on me and now I can't get back in to any chat that I was part of. It just says slack is offline and try again later! Done this for 2 days now and can't do my job without it.
slack-255,a75ce58a-8843-41e9-8c41-dd93c3de7214,0.1445914660181318,1,255,"When previewing a channel prior to joining, you'll now see the channel description displayed with the channel name for a bit more context. For when you're unsure whether #the-owls is a channel for ornithologists, insomniacs or fans of the show Twin Peaks.",On Android text is often not viewable.
slack-252,5ef8e367-b89b-4dc2-a963-b7ba275d64b5,0.14446869161393908,1,222,"Fixed: On certain devices, tapping on a notification could lead to a weird state where backing out of a thread would always return you to that message from the notification you tapped. It was a phenomenon as confusing to witness as it is to explain, and we'll all be pleased to never have to experience it again.",What happened slack your version is not working now.
slack-252,01892193-2147-42e0-9607-de9034d30f8d,0.1443294472694397,2,202,"Fixed: On certain devices, tapping on a notification could lead to a weird state where backing out of a thread would always return you to that message from the notification you tapped. It was a phenomenon as confusing to witness as it is to explain, and we'll all be pleased to never have to experience it again.",Constantly asking me to sign in. Sign back in and then back to starting screen. Have to start the login process over and over again.
slack-251,97c6c68f-f05a-4874-b471-7862f220dba7,0.14412490129470826,0,202,"Fixed: Uploading a new profile picture was sometimes failing, leaving people stuck with their old ones like an unfortunate driver's license photo. Contrary to popular belief, we've never aspired for Slack to feel like going to the DMV, so retake that photo to your heart's content.",It keeps kicking me out of my workspaces.
slack-257,daee350c-dac0-497f-98cb-3d13a7077e0a,0.1440963413980272,1,202,"We love emoji. But they can sometimes overwhelm the screen, particularly when that screen is small and hand-held. So we asked our scientists to determine ""a more reasonable amount"" of reacji to display at one time, and that answer is 9. But don't worry--the full panoply of reactions can be experienced with just a tap of your finger.",Not able to get any Notification on my mobile
slack-251,7891e169-b074-4c3c-be35-209c7171c82a,0.14406674322874652,2,180,"Fixed: Uploading a new profile picture was sometimes failing, leaving people stuck with their old ones like an unfortunate driver's license photo. Contrary to popular belief, we've never aspired for Slack to feel like going to the DMV, so retake that photo to your heart's content.","Can't even log in with Google. When I try to select the Google account it takes me to settings instead of using that account. And if I try to send a ""magic link"", it takes me to the same log in with Google screen. What's the point of a magic link then? I am logged in to the Google account in my phone already!"
slack-251,71a84c43-6ca6-4475-8d20-8dd522e4987a,0.14385795800582224,1,311,"Fixed: Uploading a new profile picture was sometimes failing, leaving people stuck with their old ones like an unfortunate driver's license photo. Contrary to popular belief, we've never aspired for Slack to feel like going to the DMV, so retake that photo to your heart's content.","Notifications frequently do not show up. I had to set a periodic alarm to check for new posts. DMs and chats are listed alphabetically on the home page, not chrono. If you want to see them chrono, you have to tap a different page. If you read a message in the app or through the web without tapping the notification on your phone, the notification stays. One more little thing: when you're done typing, the 'back' arrow in the top left does not go back! It closes the keyboard first"
slack-257,76e7e17a-e18a-4403-b813-25e427a89535,0.14363838434219361,1,287,"We love emoji. But they can sometimes overwhelm the screen, particularly when that screen is small and hand-held. So we asked our scientists to determine ""a more reasonable amount"" of reacji to display at one time, and that answer is 9. But don't worry--the full panoply of reactions can be experienced with just a tap of your finger.",Notifications never arrive sometimes and sometimes too late.
slack-252,80869988-7adb-493a-bc15-dea44cdf6de6,0.14228849703805488,1,259,"Fixed: On certain devices, tapping on a notification could lead to a weird state where backing out of a thread would always return you to that message from the notification you tapped. It was a phenomenon as confusing to witness as it is to explain, and we'll all be pleased to never have to experience it again.","Edit 3: please stop implementing new features like that Hub thing you just did while your basic tools still need fixing. Frustrating Changing my review from  to  as after more than 1 year, the same issue persists. The app constantly crashes during calls and they still can't fix it. Horrible app and the team doesn't even listen to these feedbacks apparently. Being one of the most popular company messaging apps this app should work flawlessly but instead it's so glitchy, it's just frustrating."
slack-249,6e7a3737-6f8f-4657-bf8f-c457d7b1626b,0.1418732213973999,1,224,"A little reminder as you go about your day: The world is a more unique place simply because you're a part of it, and you've impacted others in ways you can't imagine. Oh, and no big changes to the app this time. Happy messaging.",I can't change my pfp.
slack-254,48a2540b-eb09-42c7-a0c1-1e7a971ac948,0.1418082125981649,1,152,"Fixed: Attempting to change your notification settings for a specific channel would routinely fail. Not in an entertaining way, or the sort that teaches you something important on your way to greater heights. It just didn't do the thing it was designed to do. Sometimes misfortune carries with it no lesson. Anyway, it works again.","Worst messaging app I have on my phone. Sent me a push notification, tapped it and in the app the conversation isn't updated to include the msg from the push."
slack-251,ca2257c1-f720-4cd4-a072-1b8fa438e4ce,0.14167535986219135,1,294,"Fixed: Uploading a new profile picture was sometimes failing, leaving people stuck with their old ones like an unfortunate driver's license photo. Contrary to popular belief, we've never aspired for Slack to feel like going to the DMV, so retake that photo to your heart's content.","Terribly slow app. Mesaages are delayed, so much lag between clicking something and it loading. Sometimes messages do not even appear. Love slack, but android app is horrible."
slack-251,8082cc8e-91b3-4ad1-a83d-218b174da54e,0.14150062799453736,0,126,"Fixed: Uploading a new profile picture was sometimes failing, leaving people stuck with their old ones like an unfortunate driver's license photo. Contrary to popular belief, we've never aspired for Slack to feel like going to the DMV, so retake that photo to your heart's content.",Not working worst app time waste
slack-256,9eb5da83-6367-41db-b3c0-b6a81256fb00,0.14146353346960885,1,64,"If you're someone whose workday doesn't start at 9 am (or if you find Slackbot alerts first thing in the morning to be less of a pick-me-up and more of a put-me-down), you can now choose when your ""Tomorrow"" or ""Next Week"" reminders will appear. Head over to Preferences > Notifications to set the default that works best for you.",Couldn't sign in to my company's website
slack-252,445fe188-3d3a-4bbf-90c6-314979e1566c,0.14124645392100016,1,30,"Fixed: On certain devices, tapping on a notification could lead to a weird state where backing out of a thread would always return you to that message from the notification you tapped. It was a phenomenon as confusing to witness as it is to explain, and we'll all be pleased to never have to experience it again.",Slack deleted whole workspace without backups and prior notice because of political reasons. Your data and message history is not safe with this service.
slack-251,3077332a-4d9b-4503-8abd-04d9c1d14af4,0.1409143123626709,1,315,"Fixed: Uploading a new profile picture was sometimes failing, leaving people stuck with their old ones like an unfortunate driver's license photo. Contrary to popular belief, we've never aspired for Slack to feel like going to the DMV, so retake that photo to your heart's content.","Force to use the app, can't use the browser and you have to verify your account 10 times to read a message Worst app ever!"
slack-252,b27e0d02-aad3-421c-b162-a543990eff3d,0.14078066519328528,1,62,"Fixed: On certain devices, tapping on a notification could lead to a weird state where backing out of a thread would always return you to that message from the notification you tapped. It was a phenomenon as confusing to witness as it is to explain, and we'll all be pleased to never have to experience it again.",Every community I'm in that has moved to slack has died off - complete silence.
slack-251,35720211-9f0f-4fee-9bd8-515851562c87,0.1407343163209803,1,2,"Fixed: Uploading a new profile picture was sometimes failing, leaving people stuck with their old ones like an unfortunate driver's license photo. Contrary to popular belief, we've never aspired for Slack to feel like going to the DMV, so retake that photo to your heart's content.","what a garbage. Can't sign in anywhere. Loops. Magic link my @$$, magic cuz it doesn't work, huh?"
slack-251,e952073f-a224-4fa1-87f5-f9dc6eca7325,0.14060690610305124,1,167,"Fixed: Uploading a new profile picture was sometimes failing, leaving people stuck with their old ones like an unfortunate driver's license photo. Contrary to popular belief, we've never aspired for Slack to feel like going to the DMV, so retake that photo to your heart's content.","I use slack every day and the failure to make a conversation as read when I've read it annoys me at least every other day. I've contacted support multiple times and they've sorted it for me each time, or by loading on a computer but that is NOT a solution! I'm currently on holiday with no access to a laptop and it's the worst time for me to have no idea which of the messages from my team I've already looked at!"
slack-252,1e8011b7-4680-4296-8ae7-4b4250b87c99,0.14059946537017823,0,222,"Fixed: On certain devices, tapping on a notification could lead to a weird state where backing out of a thread would always return you to that message from the notification you tapped. It was a phenomenon as confusing to witness as it is to explain, and we'll all be pleased to never have to experience it again.",Blocked my android 7 despite working fine
slack-252,cebf0498-a88e-4f3e-8329-58acfb74c1ce,0.1399203726223537,1,351,"Fixed: On certain devices, tapping on a notification could lead to a weird state where backing out of a thread would always return you to that message from the notification you tapped. It was a phenomenon as confusing to witness as it is to explain, and we'll all be pleased to never have to experience it again.","Bugs are getting worse. The app frequenty freezes, requiring a full restart. Various features (attachments, reactions, reply, etc) are available and working only about 50% of the time."
slack-257,84537c67-b024-4af1-a29a-ea2a60340e7b,0.13978806625713003,1,171,"We love emoji. But they can sometimes overwhelm the screen, particularly when that screen is small and hand-held. So we asked our scientists to determine ""a more reasonable amount"" of reacji to display at one time, and that answer is 9. But don't worry--the full panoply of reactions can be experienced with just a tap of your finger.","Not supported in Android 6, they suddenly stopped with any warning."
slack-251,09e068a5-e7ad-4bcc-8814-472b8a05cda7,0.13972239701644235,1,60,"Fixed: Uploading a new profile picture was sometimes failing, leaving people stuck with their old ones like an unfortunate driver's license photo. Contrary to popular belief, we've never aspired for Slack to feel like going to the DMV, so retake that photo to your heart's content.","My work uses Slack. I'm a software developer. Slack stinks of bugs and lack of professionalism. They change UI and features without concern for existing user productivity, deprecate OS and browser versions on a whim, etc. 1. You can no longer delete zoom call msgs. 2. On Android replies to a thread AND channel is now a multi step process. 3. On Linux it insists opening its own browser process and reopen all my default tabs with it. Etc. Not enough room here to list all the faults."
slack-252,517f29ba-6bbe-4ed6-8c68-b7ff9bc622f0,0.13941660608564105,1,354,"Fixed: On certain devices, tapping on a notification could lead to a weird state where backing out of a thread would always return you to that message from the notification you tapped. It was a phenomenon as confusing to witness as it is to explain, and we'll all be pleased to never have to experience it again.",Latest update is messed up. I am pretty sure none of the negative scenarios are tested coz even dismiss or contact support button is not showing up properly.
slack-252,86a255b6-5f40-4f09-86b1-66e4f5a1e333,0.13929339760825749,1,342,"Fixed: On certain devices, tapping on a notification could lead to a weird state where backing out of a thread would always return you to that message from the notification you tapped. It was a phenomenon as confusing to witness as it is to explain, and we'll all be pleased to never have to experience it again.",I had to uninstall Slack because I couldn't access it and since that time I have been unable to reinstall it.
slack-250,c4b61abe-44fc-4c97-a245-9165ca4116d7,0.1392469658571131,1,26,"Dash on over to the Quick Switcher to find that searches will more accurately return channels with dashes in their names. If your hopes were previously dashed, we ask for a dash of forgiveness and wish to say you're looking very dashing today.","Pozorniki, prichiniat' vred grazhdanam po politicheskim soobrazheniiam eto terrorizm!!! Shameful, harming citizens for political reasons is terrorism!!!"
slack-251,ce6230ba-1e7c-4eba-b145-0d36b73480a2,0.13924201216016496,1,210,"Fixed: Uploading a new profile picture was sometimes failing, leaving people stuck with their old ones like an unfortunate driver's license photo. Contrary to popular belief, we've never aspired for Slack to feel like going to the DMV, so retake that photo to your heart's content.","I can no longer use this app bc my phone is too old, I guess. Which is super unfortunate since I have to have it for my job."
slack-251,0bf3f4f5-b409-4635-8190-5459c99831c6,0.13916133380517728,1,115,"Fixed: Uploading a new profile picture was sometimes failing, leaving people stuck with their old ones like an unfortunate driver's license photo. Contrary to popular belief, we've never aspired for Slack to feel like going to the DMV, so retake that photo to your heart's content.",It's just a shameless copy of discord and Microsoft teams. The worst part is that making an account or joining a work group is confusing for no reason. It's also really poorly optimized for Android and is really slow and buggy.
slack-252,ca588807-626a-497e-b92c-dbeb779d5de0,0.13915025874188072,1,37,"Fixed: On certain devices, tapping on a notification could lead to a weird state where backing out of a thread would always return you to that message from the notification you tapped. It was a phenomenon as confusing to witness as it is to explain, and we'll all be pleased to never have to experience it again.","Stupid app, stupid magic link and stupid email confirmation, I couldn't log in so I deleted it, good riddance!"
slack-257,ce9ca6c9-4625-4aa6-9cef-c15e09a48fb7,0.13882178181693666,1,177,"We love emoji. But they can sometimes overwhelm the screen, particularly when that screen is small and hand-held. So we asked our scientists to determine ""a more reasonable amount"" of reacji to display at one time, and that answer is 9. But don't worry--the full panoply of reactions can be experienced with just a tap of your finger.",Wosrt app always crashes. Have uninstalled it. The name should be changed to lack not slack. As it lacks basics functionalities
slack-249,52ea8ca2-46b0-4587-a354-b437f237ff9a,0.13868192998986495,2,206,"A little reminder as you go about your day: The world is a more unique place simply because you're a part of it, and you've impacted others in ways you can't imagine. Oh, and no big changes to the app this time. Happy messaging.","After following help desk's suggestions, I can no longer login my workspace. The app has totally gone useless. Sigh."
slack-250,4af96187-80fc-4f7b-bb5f-51e8f73be936,0.13860714575823616,1,27,"Dash on over to the Quick Switcher to find that searches will more accurately return channels with dashes in their names. If your hopes were previously dashed, we ask for a dash of forgiveness and wish to say you're looking very dashing today.",Don't trust this company. Deleting workspace without warning are the most unprofessional thing that I've ever seen!
slack-251,6d5055d7-35f7-4d50-8734-3a9c7330bc91,0.13851560561553292,1,353,"Fixed: Uploading a new profile picture was sometimes failing, leaving people stuck with their old ones like an unfortunate driver's license photo. Contrary to popular belief, we've never aspired for Slack to feel like going to the DMV, so retake that photo to your heart's content.","after using the tablet version apps futher it is clear that the developer doesn't realy care about quality of the product. here is what i found so far 1. search bar completely useless. when i search something on the search bar the apps show black screen when i click the result; 2. ""You"" tab is not available on the tablet version (phone version available) 3. ""Mentions"" tab is not available on the tablet version (phone version available) 4. ""DMs"" tab is not available on the tablet version"
slack-257,7acda091-3fcb-41dc-9dc7-6c03827c6598,0.13814620120184762,1,220,"We love emoji. But they can sometimes overwhelm the screen, particularly when that screen is small and hand-held. So we asked our scientists to determine ""a more reasonable amount"" of reacji to display at one time, and that answer is 9. But don't worry--the full panoply of reactions can be experienced with just a tap of your finger.",Very bad interface and is not responsive.
slack-252,2a764136-dd53-485a-8f95-31854a93b838,0.13789690732955934,0,346,"Fixed: On certain devices, tapping on a notification could lead to a weird state where backing out of a thread would always return you to that message from the notification you tapped. It was a phenomenon as confusing to witness as it is to explain, and we'll all be pleased to never have to experience it again.","Doesn't work, too many bugs!"
slack-251,6d71d131-0922-42eb-9912-2b6feea820a0,0.13771222988764445,1,27,"Fixed: Uploading a new profile picture was sometimes failing, leaving people stuck with their old ones like an unfortunate driver's license photo. Contrary to popular belief, we've never aspired for Slack to feel like going to the DMV, so retake that photo to your heart's content.",Does not even install on my phone! What a useless app to say the least!
slack-251,9de5439a-9492-4ad1-95f1-9917fc51963b,0.13757003236699988,1,338,"Fixed: Uploading a new profile picture was sometimes failing, leaving people stuck with their old ones like an unfortunate driver's license photo. Contrary to popular belief, we've never aspired for Slack to feel like going to the DMV, so retake that photo to your heart's content.",Previously existing tablet layout has been... removed!? So you even kept tablet screenshots in app description but removed actual tablet view from the app... What a shame!
slack-252,97da593b-00e6-4dbb-b3f0-4231dcdb02b8,0.13742923939481697,2,245,"Fixed: On certain devices, tapping on a notification could lead to a weird state where backing out of a thread would always return you to that message from the notification you tapped. It was a phenomenon as confusing to witness as it is to explain, and we'll all be pleased to never have to experience it again.","Latest update broke slack on my phone. After launching, the app displays the splash screen momentarily then exits. EDIT: moving the app back to sdcard --where it was before the update was applied-- fixed the issue. A shame Play Store updates don't respect the Preferred Install Location."
slack-249,f1cd1184-2580-45c9-be5b-22f904a22b10,0.13739868088772422,1,166,"A little reminder as you go about your day: The world is a more unique place simply because you're a part of it, and you've impacted others in ways you can't imagine. Oh, and no big changes to the app this time. Happy messaging.","If you installed this app on your phone, then you have no right to talk about work life balance"
slack-257,81347b34-e943-4270-ba2b-610e8b8f1927,0.13724552105213034,2,228,"We love emoji. But they can sometimes overwhelm the screen, particularly when that screen is small and hand-held. So we asked our scientists to determine ""a more reasonable amount"" of reacji to display at one time, and that answer is 9. But don't worry--the full panoply of reactions can be experienced with just a tap of your finger.","After the most recent update, I can no longer access any messages. I still get notifications, so I know people are talking, but they never load in the app."
slack-251,27755b07-582b-4773-9426-65ae179c4534,0.13658773351360012,1,61,"Fixed: Uploading a new profile picture was sometimes failing, leaving people stuck with their old ones like an unfortunate driver's license photo. Contrary to popular belief, we've never aspired for Slack to feel like going to the DMV, so retake that photo to your heart's content.",Ever since the latest Android update I am unable to post anything in slack!! It allows me to write what I want to post but when I try to post it it does nothing!! I'm highly frustrated!!!
slack-254,fb0d6908-9b57-4abc-a061-d69d683352e0,0.13613500595092773,0,13,"Fixed: Attempting to change your notification settings for a specific channel would routinely fail. Not in an entertaining way, or the sort that teaches you something important on your way to greater heights. It just didn't do the thing it was designed to do. Sometimes misfortune carries with it no lesson. Anyway, it works again.",Great app and without russian fashists
slack-252,5f95faf2-f589-4134-b43d-c4728fa0f543,0.13612410227457683,1,8,"Fixed: On certain devices, tapping on a notification could lead to a weird state where backing out of a thread would always return you to that message from the notification you tapped. It was a phenomenon as confusing to witness as it is to explain, and we'll all be pleased to never have to experience it again.",The app just randomly lost about the last months messages in a channel. Had to sign out and in again to get them back.
slack-249,8076ba36-441f-40fa-9ebf-c9609f4ef7d1,0.13606239727565222,1,270,"A little reminder as you go about your day: The world is a more unique place simply because you're a part of it, and you've impacted others in ways you can't imagine. Oh, and no big changes to the app this time. Happy messaging.",Have reached out to your support but useless. They don't even bother to respond
slack-257,279ee859-d35d-4431-8fb1-95602b363e1e,0.13584168950716655,1,321,"We love emoji. But they can sometimes overwhelm the screen, particularly when that screen is small and hand-held. So we asked our scientists to determine ""a more reasonable amount"" of reacji to display at one time, and that answer is 9. But don't worry--the full panoply of reactions can be experienced with just a tap of your finger.",Difficult to use on multiple devices.
slack-252,d25df4b5-3416-44b0-bca9-e437ba62456e,0.1355915938104902,1,145,"Fixed: On certain devices, tapping on a notification could lead to a weird state where backing out of a thread would always return you to that message from the notification you tapped. It was a phenomenon as confusing to witness as it is to explain, and we'll all be pleased to never have to experience it again.",It's very difficult to download the app!!
slack-254,289f9872-8027-4c06-a2bf-db59981da03b,0.13529810905456544,0,252,"Fixed: Attempting to change your notification settings for a specific channel would routinely fail. Not in an entertaining way, or the sort that teaches you something important on your way to greater heights. It just didn't do the thing it was designed to do. Sometimes misfortune carries with it no lesson. Anyway, it works again.",Wouldn't open any of my workspaces
slack-251,cc4f289e-6948-477e-8e8e-14394d68b516,0.13526219367980957,1,162,"Fixed: Uploading a new profile picture was sometimes failing, leaving people stuck with their old ones like an unfortunate driver's license photo. Contrary to popular belief, we've never aspired for Slack to feel like going to the DMV, so retake that photo to your heart's content.",I can't install the app and i don't know why
slack-251,36bc902a-0aa6-478a-b8fc-5d278f677a71,0.134779335392846,1,202,"Fixed: Uploading a new profile picture was sometimes failing, leaving people stuck with their old ones like an unfortunate driver's license photo. Contrary to popular belief, we've never aspired for Slack to feel like going to the DMV, so retake that photo to your heart's content.",I'm being logged out after a few minutes logged in. It's impossible to use the app right now.
slack-257,1265f9ef-a7c1-4b0a-987b-d63b554267db,0.13456053874071908,1,74,"We love emoji. But they can sometimes overwhelm the screen, particularly when that screen is small and hand-held. So we asked our scientists to determine ""a more reasonable amount"" of reacji to display at one time, and that answer is 9. But don't worry--the full panoply of reactions can be experienced with just a tap of your finger.",I seem to not be able to download the slack app from play store for sone reason.
slack-252,3595060c-9314-4813-b2dc-e15be98e6b6c,0.1343805472056071,1,205,"Fixed: On certain devices, tapping on a notification could lead to a weird state where backing out of a thread would always return you to that message from the notification you tapped. It was a phenomenon as confusing to witness as it is to explain, and we'll all be pleased to never have to experience it again.",The developers are ruining the code
slack-252,4cc9484c-e474-4573-9df8-aa71c8d44a51,0.13400714510963077,1,208,"Fixed: On certain devices, tapping on a notification could lead to a weird state where backing out of a thread would always return you to that message from the notification you tapped. It was a phenomenon as confusing to witness as it is to explain, and we'll all be pleased to never have to experience it again.",Having the same issue as other Android users. I was logged out somehow and it's impossible to log back in. Help!
slack-249,37cd62f0-382e-4ff8-a074-3fd604b6d538,0.13388816660100764,2,189,"A little reminder as you go about your day: The world is a more unique place simply because you're a part of it, and you've impacted others in ways you can't imagine. Oh, and no big changes to the app this time. Happy messaging.","This is hands down the worst chat tool I've ever used. Slack is a great name for it though, cause it never works, it just slacks off and decides it's not responding. Absolutely garbage software. Aim was prehistoric and bad to use but it actually let me send messages. How is it that 25 years later slack can't even send a message without freezing and crashing? This is embarrassing..."
slack-252,396ebcc1-58f8-45fa-9e09-6241b0beeaa0,0.13384668718684806,1,364,"Fixed: On certain devices, tapping on a notification could lead to a weird state where backing out of a thread would always return you to that message from the notification you tapped. It was a phenomenon as confusing to witness as it is to explain, and we'll all be pleased to never have to experience it again.","Forced updates, auto log out fo no reason. Terribly annoying notifications"
slack-254,8cdcc7b3-6f91-416f-8347-37be20c38cdc,0.13372896956462488,1,22,"Fixed: Attempting to change your notification settings for a specific channel would routinely fail. Not in an entertaining way, or the sort that teaches you something important on your way to greater heights. It just didn't do the thing it was designed to do. Sometimes misfortune carries with it no lesson. Anyway, it works again.","This app won't install on my phone. Then I tried logging onto the website from my phone and it wouldn't do that for me. It wants you to download it onto your laptop. Well the problem is, I'm not at home, and I've already downloaded it on my laptop at home."
slack-249,431ec056-161b-47ec-aee1-80182a2678ad,0.13355600502755907,1,109,"A little reminder as you go about your day: The world is a more unique place simply because you're a part of it, and you've impacted others in ways you can't imagine. Oh, and no big changes to the app this time. Happy messaging.",Why the name of this app is an insult?
slack-257,15fffed8-f6e4-4c7d-864b-88a09456a1f0,0.13320086598396302,1,348,"We love emoji. But they can sometimes overwhelm the screen, particularly when that screen is small and hand-held. So we asked our scientists to determine ""a more reasonable amount"" of reacji to display at one time, and that answer is 9. But don't worry--the full panoply of reactions can be experienced with just a tap of your finger.",Does not work lol. Stuck on splash screen
slack-252,b212e4d7-8885-4706-b96b-b744e82184a4,0.13302890459696454,1,354,"Fixed: On certain devices, tapping on a notification could lead to a weird state where backing out of a thread would always return you to that message from the notification you tapped. It was a phenomenon as confusing to witness as it is to explain, and we'll all be pleased to never have to experience it again.","This is the slowest messaging app I've ever seen. Slack keeps lagging, crashing and freezing also on PC. Any plans on fixing performance issues ?"
slack-251,f79c351a-f792-4cc8-bca0-2a316df2b6d1,0.13242661952972412,0,310,"Fixed: Uploading a new profile picture was sometimes failing, leaving people stuck with their old ones like an unfortunate driver's license photo. Contrary to popular belief, we've never aspired for Slack to feel like going to the DMV, so retake that photo to your heart's content.",Latest update awful. Cant use app at all.
slack-252,d4476085-80ae-4e8e-899a-90fe3c3c619a,0.13230188033160042,1,48,"Fixed: On certain devices, tapping on a notification could lead to a weird state where backing out of a thread would always return you to that message from the notification you tapped. It was a phenomenon as confusing to witness as it is to explain, and we'll all be pleased to never have to experience it again.",I was facing some issues then updated to the latest version and it stopped working all together!
slack-249,a1d800d2-06a9-41a1-8f5e-ab57bbfa9b74,0.13213122231619698,1,62,"A little reminder as you go about your day: The world is a more unique place simply because you're a part of it, and you've impacted others in ways you can't imagine. Oh, and no big changes to the app this time. Happy messaging.",Unable to get to my channels anymore.
slack-249,8218b766-736e-477a-a712-8e9bda5f1299,0.13207905292510985,1,57,"A little reminder as you go about your day: The world is a more unique place simply because you're a part of it, and you've impacted others in ways you can't imagine. Oh, and no big changes to the app this time. Happy messaging.",Useless............... Don't waste time on this mobile app.
slack-254,157ea9d5-c558-4ad2-bee9-507d4be218c9,0.1319521427154541,0,326,"Fixed: Attempting to change your notification settings for a specific channel would routinely fail. Not in an entertaining way, or the sort that teaches you something important on your way to greater heights. It just didn't do the thing it was designed to do. Sometimes misfortune carries with it no lesson. Anyway, it works again.",Notifications delayed. That's really serious at work and home office
slack-254,426cb8d2-6db9-49bd-987d-a7919e0b002c,0.13154475688934328,0,172,"Fixed: Attempting to change your notification settings for a specific channel would routinely fail. Not in an entertaining way, or the sort that teaches you something important on your way to greater heights. It just didn't do the thing it was designed to do. Sometimes misfortune carries with it no lesson. Anyway, it works again.",I cannot end huddle from phone
slack-250,4d85b5e7-f1f2-492e-b3a8-890815c0966d,0.13154064814249675,1,28,"Dash on over to the Quick Switcher to find that searches will more accurately return channels with dashes in their names. If your hopes were previously dashed, we ask for a dash of forgiveness and wish to say you're looking very dashing today.",Slap on the face of customers
slack-257,d7f336ab-c42d-494b-aed2-c1ecd992434f,0.13138770035334996,1,270,"We love emoji. But they can sometimes overwhelm the screen, particularly when that screen is small and hand-held. So we asked our scientists to determine ""a more reasonable amount"" of reacji to display at one time, and that answer is 9. But don't worry--the full panoply of reactions can be experienced with just a tap of your finger.","No chat label is visible... Black screen all around, only ""green active"" icon visible..."
slack-257,a1a75785-d663-4950-840f-9c91fc46a871,0.13124114513397217,1,298,"We love emoji. But they can sometimes overwhelm the screen, particularly when that screen is small and hand-held. So we asked our scientists to determine ""a more reasonable amount"" of reacji to display at one time, and that answer is 9. But don't worry--the full panoply of reactions can be experienced with just a tap of your finger.",Messages are not received instant Loading time is also bad
slack-254,a7918e24-9e4a-447e-9ac9-f0d91fdb8774,0.1307837005817529,1,10,"Fixed: Attempting to change your notification settings for a specific channel would routinely fail. Not in an entertaining way, or the sort that teaches you something important on your way to greater heights. It just didn't do the thing it was designed to do. Sometimes misfortune carries with it no lesson. Anyway, it works again.",Slack unilaterally chose to delete workspaces of users (including paid subscriptions) they considered unfit for their service without warning or a chance to download saved data. Extremely unreliable service. Govna kusok etot slek
slack-252,57c7c5a5-f272-4b66-a3ed-9c9a7a510f6d,0.13066932133265904,1,48,"Fixed: On certain devices, tapping on a notification could lead to a weird state where backing out of a thread would always return you to that message from the notification you tapped. It was a phenomenon as confusing to witness as it is to explain, and we'll all be pleased to never have to experience it again.",Isn't connecting!? No explanation or way fix it!? Why right before my morning meeting!?
slack-251,903abc9a-0366-4f60-a8e7-886826a4b690,0.13058766578805858,1,189,"Fixed: Uploading a new profile picture was sometimes failing, leaving people stuck with their old ones like an unfortunate driver's license photo. Contrary to popular belief, we've never aspired for Slack to feel like going to the DMV, so retake that photo to your heart's content.","Literally not possible to make an account. Ridiculously bad app, used to be great but its the very worst possible app ive ever seen in my entire work life."
slack-251,a75ce58a-8843-41e9-8c41-dd93c3de7214,0.13055696487426757,0,283,"Fixed: Uploading a new profile picture was sometimes failing, leaving people stuck with their old ones like an unfortunate driver's license photo. Contrary to popular belief, we've never aspired for Slack to feel like going to the DMV, so retake that photo to your heart's content.",On Android text is often not viewable.
slack-252,f81f0132-c347-48da-9611-fc6023808a14,0.13024275888476455,2,362,"Fixed: On certain devices, tapping on a notification could lead to a weird state where backing out of a thread would always return you to that message from the notification you tapped. It was a phenomenon as confusing to witness as it is to explain, and we'll all be pleased to never have to experience it again.","Good on a smartphone, bad on a tablet. The app is obviously only targeted for smartphone users. UPDATE (April 2021) Moreover, recent versions have issues on both my Samsung Note 10+ and on my Tab S7+. On the tablet, screens (i.e. the channel detail view) simply blanks out, and I can't switch channels (full stop, it's just not working even after restarts, app wiping, reinstallations, ...). Similar issues on my phone, but it sometimes works. @SlackHQ - please fix it!"
slack-252,0263cfe9-8577-411f-985d-03aee4083bcd,0.130064348552538,2,222,"Fixed: On certain devices, tapping on a notification could lead to a weird state where backing out of a thread would always return you to that message from the notification you tapped. It was a phenomenon as confusing to witness as it is to explain, and we'll all be pleased to never have to experience it again.","Today Slack suddenly stopped working, telling me that I need to buy a newer phone to keep using it. I do get notifications that I have new unread messages, but I can no longer see them. With no warning or anything, just suddenly out of nowhere."
slack-249,fdce36d3-b267-4cce-9b6d-72cce9a8911b,0.12971790697839525,1,104,"A little reminder as you go about your day: The world is a more unique place simply because you're a part of it, and you've impacted others in ways you can't imagine. Oh, and no big changes to the app this time. Happy messaging.",I don't understand why people use this app. Sloppy.
slack-251,4d7e9b22-37bd-4777-b900-89041d3f6f4e,0.12921569439081046,1,192,"Fixed: Uploading a new profile picture was sometimes failing, leaving people stuck with their old ones like an unfortunate driver's license photo. Contrary to popular belief, we've never aspired for Slack to feel like going to the DMV, so retake that photo to your heart's content.",Please fix my account asap I could not even reach to customers support from website. I'm having big trouble because I can't access to my workspace.
slack-257,e0254d61-e235-477c-b357-beee09f1e43d,0.12901752878118444,2,276,"We love emoji. But they can sometimes overwhelm the screen, particularly when that screen is small and hand-held. So we asked our scientists to determine ""a more reasonable amount"" of reacji to display at one time, and that answer is 9. But don't worry--the full panoply of reactions can be experienced with just a tap of your finger.","Awful call interface. It's hard for to know if you mic is muted or not, and you can't even see the screen if someone is sharing it. and on top of that, I was dropped off of a call, and I wasn't able to join back in, even though my internet was working fine."
slack-252,07693be0-66da-4529-ba34-57b9e71df625,0.12847436959283395,1,275,"Fixed: On certain devices, tapping on a notification could lead to a weird state where backing out of a thread would always return you to that message from the notification you tapped. It was a phenomenon as confusing to witness as it is to explain, and we'll all be pleased to never have to experience it again.","This app is horrendous. I can't get it to load on my OnePlus 9 Pro. All it does it say it can't connect to one of my slack servers and freezes before saying invalid authentication. Force close and the same thing happens all over again. Supposedly you can dismiss the ""unable to connect to server"" message, but the UI is skewed and the buttons don't work. Please fix!"
slack-257,bc1e9992-570b-46fd-b192-2fbd71f60a09,0.12807136518614634,1,173,"We love emoji. But they can sometimes overwhelm the screen, particularly when that screen is small and hand-held. So we asked our scientists to determine ""a more reasonable amount"" of reacji to display at one time, and that answer is 9. But don't worry--the full panoply of reactions can be experienced with just a tap of your finger.",Delayed notifications on Android 9. Mi A1
slack-249,4a815945-8c7f-42be-bb9a-060461c4b183,0.12734216343272817,1,174,"A little reminder as you go about your day: The world is a more unique place simply because you're a part of it, and you've impacted others in ways you can't imagine. Oh, and no big changes to the app this time. Happy messaging.",Keep closing and not opening. Not a good UX at all...
slack-252,0128b6be-85ae-44cd-bc62-217446ee49af,0.12722750002877756,1,299,"Fixed: On certain devices, tapping on a notification could lead to a weird state where backing out of a thread would always return you to that message from the notification you tapped. It was a phenomenon as confusing to witness as it is to explain, and we'll all be pleased to never have to experience it again.","Update 6/2021, Now with firewall allowing slack I still can't pull channels. What is being used besides Google play services? Something is being blocked. 7/2000, No offline use is ridiculous. No notifications of messages, found out they break it on purpose until you update to newest app. Annoying way to force an update. Yes, miss critical business messages and look clueless. Thanks. Still same issue when there's an update to install they break notifications so you are forced to install."
slack-251,6201b983-e784-440e-9dee-580cd8fd7a5b,0.1267954468727112,0,5,"Fixed: Uploading a new profile picture was sometimes failing, leaving people stuck with their old ones like an unfortunate driver's license photo. Contrary to popular belief, we've never aspired for Slack to feel like going to the DMV, so retake that photo to your heart's content.",Why this app is not installing on my phone?
slack-252,0c2c2aee-dbb5-449b-9d51-dc70a62ed01c,0.12672381986651504,2,262,"Fixed: On certain devices, tapping on a notification could lead to a weird state where backing out of a thread would always return you to that message from the notification you tapped. It was a phenomenon as confusing to witness as it is to explain, and we'll all be pleased to never have to experience it again.","I was working my way through the more-than-usually-non-understandable Terms of Service, trying to figure out whether I was a Customer or an authorized user or something completely different, when I tried to set cookie preferences that were blocking half the screen, and everything disappeared! The app is impossible!!! One can not even read the Terms of Service, much less agree to them, if one wants to, and after reading as far as I did, I probably would not have agreed to them!!!!!!"
slack-252,303a099c-d86a-4478-b7a3-f84dda369c16,0.12661276724603443,1,254,"Fixed: On certain devices, tapping on a notification could lead to a weird state where backing out of a thread would always return you to that message from the notification you tapped. It was a phenomenon as confusing to witness as it is to explain, and we'll all be pleased to never have to experience it again.",I can't log in anymore using the slack app!
slack-255,71a84c43-6ca6-4475-8d20-8dd522e4987a,0.12644399709479753,2,283,"When previewing a channel prior to joining, you'll now see the channel description displayed with the channel name for a bit more context. For when you're unsure whether #the-owls is a channel for ornithologists, insomniacs or fans of the show Twin Peaks.","Notifications frequently do not show up. I had to set a periodic alarm to check for new posts. DMs and chats are listed alphabetically on the home page, not chrono. If you want to see them chrono, you have to tap a different page. If you read a message in the app or through the web without tapping the notification on your phone, the notification stays. One more little thing: when you're done typing, the 'back' arrow in the top left does not go back! It closes the keyboard first"
slack-257,4d72da96-1f1d-479c-ab75-dda21b6a2f54,0.12629341748025683,1,240,"We love emoji. But they can sometimes overwhelm the screen, particularly when that screen is small and hand-held. So we asked our scientists to determine ""a more reasonable amount"" of reacji to display at one time, and that answer is 9. But don't worry--the full panoply of reactions can be experienced with just a tap of your finger.",Not able to install the app on OnePlus 9R.
slack-252,6fb7e317-add1-4a1c-9e49-8ad462fc8960,0.1251804052737721,2,202,"Fixed: On certain devices, tapping on a notification could lead to a weird state where backing out of a thread would always return you to that message from the notification you tapped. It was a phenomenon as confusing to witness as it is to explain, and we'll all be pleased to never have to experience it again.","All of a sudden I've been kicked out of the app for ""invalid authentification"" 5 times in the last 15 mins or so. Could barely finish typing out a message. Have had the app for at least 2 years now and never had a problem before now. Hoping this will be resolved soon because it is also affecting my notifications today"
slack-256,2986254c-71d8-4d0a-8074-47ae8dbfc3e3,0.1250328326225281,1,48,"If you're someone whose workday doesn't start at 9 am (or if you find Slackbot alerts first thing in the morning to be less of a pick-me-up and more of a put-me-down), you can now choose when your ""Tomorrow"" or ""Next Week"" reminders will appear. Head over to Preferences > Notifications to set the default that works best for you.",My company email is not being accepted by the app.
slack-249,21221747-de44-49a1-86ec-cc9120df36af,0.12450431982676188,1,357,"A little reminder as you go about your day: The world is a more unique place simply because you're a part of it, and you've impacted others in ways you can't imagine. Oh, and no big changes to the app this time. Happy messaging.",Lazy update description! You refer to a link but this isn't clickable. Meaning Slack never had a decent design around this experience. A shame
slack-255,b40cce49-d0c4-410e-9684-53cbbe585884,0.12369630107512841,2,117,"When previewing a channel prior to joining, you'll now see the channel description displayed with the channel name for a bit more context. For when you're unsure whether #the-owls is a channel for ornithologists, insomniacs or fans of the show Twin Peaks.",This is a cheap version of discord. The voice calls don't even work
slack-252,3dcf86cb-eec2-474f-bc9d-205d527a31b3,0.12363006169335884,1,257,"Fixed: On certain devices, tapping on a notification could lead to a weird state where backing out of a thread would always return you to that message from the notification you tapped. It was a phenomenon as confusing to witness as it is to explain, and we'll all be pleased to never have to experience it again.","Don't like the fact it force downloads media notifications into my storage. You can delete them, but they're always back the next day. UPDATE = got contacted by the slack team, who said they would look into seeing why they download, never heard back,and after opening my music player today, I was greeted with 30 more unwanted notifications. Uninstalled because I literally can't take it anymore."
slack-252,45215851-2532-461d-8db8-a37c39394dd0,0.12361456597292865,1,48,"Fixed: On certain devices, tapping on a notification could lead to a weird state where backing out of a thread would always return you to that message from the notification you tapped. It was a phenomenon as confusing to witness as it is to explain, and we'll all be pleased to never have to experience it again.","Horrible, keep crashing, sees like a WebView. Doesn't show messages properly, the huddle keeps crashing the app and doesn't even think to use a normal call. Unfortunately it's became a quite necessary to use it since the mobile app it's not practical to use it and it's too bad as the slack android app."
slack-251,55aec4e7-7214-41d1-bc0a-b0644bf72f09,0.1235723516215449,1,61,"Fixed: Uploading a new profile picture was sometimes failing, leaving people stuck with their old ones like an unfortunate driver's license photo. Contrary to popular belief, we've never aspired for Slack to feel like going to the DMV, so retake that photo to your heart's content.","If you try to use the browser in the phone, the came with an excuse that they having problem to log you. This is to make you download the app. Update: They told me they don't support mobile browser. Again! The correct answer would have been: We restrict browser on mobile devices."
slack-257,f35381f2-9496-4732-8296-fc00cb248f2b,0.12326980829238893,1,32,"We love emoji. But they can sometimes overwhelm the screen, particularly when that screen is small and hand-held. So we asked our scientists to determine ""a more reasonable amount"" of reacji to display at one time, and that answer is 9. But don't worry--the full panoply of reactions can be experienced with just a tap of your finger.",Hanging all the times and calls not connecting
slack-252,892a8c31-da5d-451f-b4d3-c9aa335dfbce,0.12315068244934083,0,19,"Fixed: On certain devices, tapping on a notification could lead to a weird state where backing out of a thread would always return you to that message from the notification you tapped. It was a phenomenon as confusing to witness as it is to explain, and we'll all be pleased to never have to experience it again.","Update broke app, can no longer login"
slack-252,de5e6796-93d5-4c83-b29f-14d92e2e6385,0.12292813221613567,1,192,"Fixed: On certain devices, tapping on a notification could lead to a weird state where backing out of a thread would always return you to that message from the notification you tapped. It was a phenomenon as confusing to witness as it is to explain, and we'll all be pleased to never have to experience it again.",It doesn't work!! It doesn't allow me to send messages and now to log in
slack-251,f454cef5-8d5b-4761-b139-9e710513b75e,0.12172887764478986,1,363,"Fixed: Uploading a new profile picture was sometimes failing, leaving people stuck with their old ones like an unfortunate driver's license photo. Contrary to popular belief, we've never aspired for Slack to feel like going to the DMV, so retake that photo to your heart's content.","Slack no longer works!  On both my Samsung Tab S5e and Tab S2, my screen rapidly bounces up and down. I can't read a thing. The menu is clear, but all the content is impossible to read. Help!"
slack-254,fc3e02cd-6dc8-4433-adb6-6413c7bfd0d4,0.12163251717885336,1,300,"Fixed: Attempting to change your notification settings for a specific channel would routinely fail. Not in an entertaining way, or the sort that teaches you something important on your way to greater heights. It just didn't do the thing it was designed to do. Sometimes misfortune carries with it no lesson. Anyway, it works again.","I dont know why some online companies prefer to use this platform, this platform always has an issue, error, it so hard to see the post of the other members."
slack-252,da10314f-0e7c-4681-b320-b0d43b8c1f3e,0.12114095687866211,0,201,"Fixed: On certain devices, tapping on a notification could lead to a weird state where backing out of a thread would always return you to that message from the notification you tapped. It was a phenomenon as confusing to witness as it is to explain, and we'll all be pleased to never have to experience it again.","Without warning, my device stopped being supported one morning. Very professional, Slack!"
slack-252,71b2b1a5-3d4e-49ee-9e40-e1b6a43bdefe,0.12090673685073854,1,166,"Fixed: On certain devices, tapping on a notification could lead to a weird state where backing out of a thread would always return you to that message from the notification you tapped. It was a phenomenon as confusing to witness as it is to explain, and we'll all be pleased to never have to experience it again.",Horrible. Seems to require PC use to deactivate. Totally invasive.
slack-257,00e321f7-3d9d-4d38-bed0-bbea093b8e23,0.12054292297363282,1,194,"We love emoji. But they can sometimes overwhelm the screen, particularly when that screen is small and hand-held. So we asked our scientists to determine ""a more reasonable amount"" of reacji to display at one time, and that answer is 9. But don't worry--the full panoply of reactions can be experienced with just a tap of your finger.",Disappointed. Used to be great to use on the go but now it appears to be no longer supported with my phone. Such a shame.
slack-251,f4a589ee-390f-4263-aee9-3f17991ab1d8,0.12011836767196656,0,152,"Fixed: Uploading a new profile picture was sometimes failing, leaving people stuck with their old ones like an unfortunate driver's license photo. Contrary to popular belief, we've never aspired for Slack to feel like going to the DMV, so retake that photo to your heart's content.",Work is affected because this app doesn't give any notifications despite having all settings set up
slack-252,2d6c5043-30e2-461b-bdb7-3e5f19030976,0.11985622723897299,1,182,"Fixed: On certain devices, tapping on a notification could lead to a weird state where backing out of a thread would always return you to that message from the notification you tapped. It was a phenomenon as confusing to witness as it is to explain, and we'll all be pleased to never have to experience it again.",Pulled support from android seemingly without any good reason. I can now open the app and tell I have messages waiting but no way to read or respond to them.
slack-249,fdd9d762-028e-43ea-8172-a3beb5c0881e,0.11977198958396913,1,114,"A little reminder as you go about your day: The world is a more unique place simply because you're a part of it, and you've impacted others in ways you can't imagine. Oh, and no big changes to the app this time. Happy messaging.",Is there no way to use slack in mobile WEB?
slack-249,02d30e43-39fd-42d3-a4a3-45ab31942e10,0.11973129272460939,1,28,"A little reminder as you go about your day: The world is a more unique place simply because you're a part of it, and you've impacted others in ways you can't imagine. Oh, and no big changes to the app this time. Happy messaging.",Good app but completely useless if slack owners can wipe all your data in a moment without notice just because they think you're from wrong country or of wrong nation. Please stay away from slack - use opensource and selfhosted products.
slack-250,5fe8c8a1-2278-4f43-986b-1e15dcf436ec,0.11940779805183412,1,29,"Dash on over to the Quick Switcher to find that searches will more accurately return channels with dashes in their names. If your hopes were previously dashed, we ask for a dash of forgiveness and wish to say you're looking very dashing today.","Blocked our > 1000 employers company just because it is russian company. Never trust them your data, this guys are racists"
slack-256,a4902372-f26b-4117-b36a-52ba7f1c7725,0.11925761236084834,1,280,"If you're someone whose workday doesn't start at 9 am (or if you find Slackbot alerts first thing in the morning to be less of a pick-me-up and more of a put-me-down), you can now choose when your ""Tomorrow"" or ""Next Week"" reminders will appear. Head over to Preferences > Notifications to set the default that works best for you.","Trying to log into my work through okta with new android phone, tells me "" something went wrong"". Useless"
slack-257,c0112182-669b-4571-918a-118018a8c3ee,0.11907192468643188,1,312,"We love emoji. But they can sometimes overwhelm the screen, particularly when that screen is small and hand-held. So we asked our scientists to determine ""a more reasonable amount"" of reacji to display at one time, and that answer is 9. But don't worry--the full panoply of reactions can be experienced with just a tap of your finger.",App just stopped working...can't send messages...can't connect to other workspace. Message history won't load
slack-252,9818a54d-7017-4fb9-a899-2ae97b0d19a1,0.11862705435071674,1,273,"Fixed: On certain devices, tapping on a notification could lead to a weird state where backing out of a thread would always return you to that message from the notification you tapped. It was a phenomenon as confusing to witness as it is to explain, and we'll all be pleased to never have to experience it again.","In Android app not working properly, images unable to open issue frequently face. While we can download and open in this gallery. Pathetic to every time download & seen"
slack-252,c8fd8e28-59a7-4de1-937f-30724592ae88,0.11782871655055455,1,92,"Fixed: On certain devices, tapping on a notification could lead to a weird state where backing out of a thread would always return you to that message from the notification you tapped. It was a phenomenon as confusing to witness as it is to explain, and we'll all be pleased to never have to experience it again.",The app simply crash when I try to sign in with my gmail. Unbearable!
slack-254,31a41151-e0a6-42fd-834d-7c296f852ec8,0.11768369277318319,1,178,"Fixed: Attempting to change your notification settings for a specific channel would routinely fail. Not in an entertaining way, or the sort that teaches you something important on your way to greater heights. It just didn't do the thing it was designed to do. Sometimes misfortune carries with it no lesson. Anyway, it works again.",Mobile app is not connect with team and unable to send msg ...?............?..........?.................................
slack-257,5bdf4072-f727-4ebd-adcf-776ee758dcc8,0.11731959272314002,1,155,"We love emoji. But they can sometimes overwhelm the screen, particularly when that screen is small and hand-held. So we asked our scientists to determine ""a more reasonable amount"" of reacji to display at one time, and that answer is 9. But don't worry--the full panoply of reactions can be experienced with just a tap of your finger.","I hate the donut function, I cannot figure out how to turn it off, and I was just added to it, no permission was given, soooo annoying"
slack-257,af20756f-d1b0-421c-a72e-962d1c1b42c4,0.11726984126227243,1,326,"We love emoji. But they can sometimes overwhelm the screen, particularly when that screen is small and hand-held. So we asked our scientists to determine ""a more reasonable amount"" of reacji to display at one time, and that answer is 9. But don't worry--the full panoply of reactions can be experienced with just a tap of your finger.",App comsumes too much memory and cpu ...
slack-252,3678c5d9-91fd-4d40-8ed6-8f1dfdf89cdd,0.11721714918430036,1,11,"Fixed: On certain devices, tapping on a notification could lead to a weird state where backing out of a thread would always return you to that message from the notification you tapped. It was a phenomenon as confusing to witness as it is to explain, and we'll all be pleased to never have to experience it again.",Unable to login. It keeps throwing me back to the get started screen
slack-251,ee8c38f6-d31f-46db-99a3-4b484ed8f744,0.11681791543960572,0,93,"Fixed: Uploading a new profile picture was sometimes failing, leaving people stuck with their old ones like an unfortunate driver's license photo. Contrary to popular belief, we've never aspired for Slack to feel like going to the DMV, so retake that photo to your heart's content.",This app keeps stopping and I can't even finish installation on my phone-which my job is dependent on
slack-249,c5be5499-ec86-4581-b4ef-cdffc09019df,0.11654338836669922,1,43,"A little reminder as you go about your day: The world is a more unique place simply because you're a part of it, and you've impacted others in ways you can't imagine. Oh, and no big changes to the app this time. Happy messaging.",I'm not able to set my profile picture.
slack-257,a9732ae2-882b-4c45-9996-a26ee91ea530,0.11615137349475516,1,186,"We love emoji. But they can sometimes overwhelm the screen, particularly when that screen is small and hand-held. So we asked our scientists to determine ""a more reasonable amount"" of reacji to display at one time, and that answer is 9. But don't worry--the full panoply of reactions can be experienced with just a tap of your finger.",Not able to sign in on mobile without jumping through hoops
slack-252,064aa3be-4f10-4606-87cb-5a572215e5ef,0.1153576928742078,2,112,"Fixed: On certain devices, tapping on a notification could lead to a weird state where backing out of a thread would always return you to that message from the notification you tapped. It was a phenomenon as confusing to witness as it is to explain, and we'll all be pleased to never have to experience it again.","The fact that I am forced to download the desktop version in order to make changes to the mobile version is absolutely ridiculous. My notification setting is always changing itself to ""pause"" for seemingly no reason at all, I constantly have to change it back to giving me notifications"
slack-256,14174c6d-c28e-4e31-a713-41db0508bb1a,0.11529087402202466,2,234,"If you're someone whose workday doesn't start at 9 am (or if you find Slackbot alerts first thing in the morning to be less of a pick-me-up and more of a put-me-down), you can now choose when your ""Tomorrow"" or ""Next Week"" reminders will appear. Head over to Preferences > Notifications to set the default that works best for you.","I am getting Slack needs to be updated to login to workspace page. When i click Update Slack, nothing happens.. I am unable to login to workspace.."
slack-252,99331ea7-949d-4660-9663-ea63a05bd247,0.11507139498727363,1,197,"Fixed: On certain devices, tapping on a notification could lead to a weird state where backing out of a thread would always return you to that message from the notification you tapped. It was a phenomenon as confusing to witness as it is to explain, and we'll all be pleased to never have to experience it again.","I truly love Slack, but this week I've been cut off, saying it's no longer supported by my phone's OS. Rather than simply preventing it from loading/working, can't we just still use it, albeit with possibly reduced untested features? I can't afford hundreds of dollars for a new phone, just to run Slack which I only use for work.. Now I cannot communicate with my team. This is a very poor user experience. I understand you can't support everything forever, but the app is still giving me notifications, so it's still working on there to some capacity. I just can't get the chat screens or interact at all. Not everyone can afford a new phone every 2 years.."
slack-250,c330e572-8485-434b-8a80-1569640f5aef,0.11475481543430063,1,5,"Dash on over to the Quick Switcher to find that searches will more accurately return channels with dashes in their names. If your hopes were previously dashed, we ask for a dash of forgiveness and wish to say you're looking very dashing today.","It breaks my heart that slack has joined criminal anti-Russian sanctions and cut off access to PAID accounts within Russia and eastern Ukraine, without any warning. Many good companies and people had their work disrupted with no good reason. This is unacceptable. I used to be a fan of slack. Not anymore. Slack team, realize this, you've just created an empty niche on the market, which will be filled very quicky, either by a new startup, or by your competitors who actually value their customers."
slack-249,4c24fab5-c980-42ec-b8f4-8023c07aa187,0.11464094338209734,1,203,"A little reminder as you go about your day: The world is a more unique place simply because you're a part of it, and you've impacted others in ways you can't imagine. Oh, and no big changes to the app this time. Happy messaging.","Trash, to be honest. Most of web-based client functionality not available. Notifies about messages, but doesn't show them. Can't be relied on."
slack-252,d2e28e31-4285-4e13-872b-c429440bedf7,0.1134442949295044,1,27,"Fixed: On certain devices, tapping on a notification could lead to a weird state where backing out of a thread would always return you to that message from the notification you tapped. It was a phenomenon as confusing to witness as it is to explain, and we'll all be pleased to never have to experience it again.",Unbelievable! Without any warning all of corporate data was deleted!!!
slack-255,2986254c-71d8-4d0a-8074-47ae8dbfc3e3,0.11338385581970216,1,48,"When previewing a channel prior to joining, you'll now see the channel description displayed with the channel name for a bit more context. For when you're unsure whether #the-owls is a channel for ornithologists, insomniacs or fans of the show Twin Peaks.",My company email is not being accepted by the app.
slack-252,038bce49-378d-4c3a-8e31-f53afa140397,0.11327174901962281,0,231,"Fixed: On certain devices, tapping on a notification could lead to a weird state where backing out of a thread would always return you to that message from the notification you tapped. It was a phenomenon as confusing to witness as it is to explain, and we'll all be pleased to never have to experience it again.",Can no longer install. Does at 50%
slack-252,de37f9d1-1f6f-4abe-9f4f-185c43291cb9,0.11293478091557821,1,261,"Fixed: On certain devices, tapping on a notification could lead to a weird state where backing out of a thread would always return you to that message from the notification you tapped. It was a phenomenon as confusing to witness as it is to explain, and we'll all be pleased to never have to experience it again.","I get no notifications from this app anymore. I have every single notification turned on, both in the app and on my phone. All the trouble shooting does not help."
slack-255,c5be5499-ec86-4581-b4ef-cdffc09019df,0.1127982497215271,1,1,"When previewing a channel prior to joining, you'll now see the channel description displayed with the channel name for a bit more context. For when you're unsure whether #the-owls is a channel for ornithologists, insomniacs or fans of the show Twin Peaks.",I'm not able to set my profile picture.
slack-252,773d8a6a-7f0c-41a7-9f7a-4f4993f9f3ec,0.11264538861609795,2,231,"Fixed: On certain devices, tapping on a notification could lead to a weird state where backing out of a thread would always return you to that message from the notification you tapped. It was a phenomenon as confusing to witness as it is to explain, and we'll all be pleased to never have to experience it again.","Flat out doesn't work. Won't sign in to anything, crashes, freezes, eternal loading screen. Due to the website funneling you to download and use the app, Slack is completely inaccessible on a mobile device. Android, OnePlus Nord."
slack-257,efed25a8-bb8a-41f9-a3e8-0c8d5137c5f4,0.11261604428291322,1,194,"We love emoji. But they can sometimes overwhelm the screen, particularly when that screen is small and hand-held. So we asked our scientists to determine ""a more reasonable amount"" of reacji to display at one time, and that answer is 9. But don't worry--the full panoply of reactions can be experienced with just a tap of your finger.",Why it is unavailable in my cellphone unit?
slack-257,1d442a96-76dd-4d4e-adf3-dc35315494d0,0.11252343824931553,1,49,"We love emoji. But they can sometimes overwhelm the screen, particularly when that screen is small and hand-held. So we asked our scientists to determine ""a more reasonable amount"" of reacji to display at one time, and that answer is 9. But don't worry--the full panoply of reactions can be experienced with just a tap of your finger.",No option to leave a workspace in the app which is really not convinient.
slack-252,7bb26428-2415-4ae7-a69c-fa40c0e71675,0.11191298498047723,2,199,"Fixed: On certain devices, tapping on a notification could lead to a weird state where backing out of a thread would always return you to that message from the notification you tapped. It was a phenomenon as confusing to witness as it is to explain, and we'll all be pleased to never have to experience it again.",It's a good app but all of a sudden it's showing update slack and play store is not showing slack app at all to update the app. And I am not able to use it now.
slack-257,157ea9d5-c558-4ad2-bee9-507d4be218c9,0.11173575162887574,1,312,"We love emoji. But they can sometimes overwhelm the screen, particularly when that screen is small and hand-held. So we asked our scientists to determine ""a more reasonable amount"" of reacji to display at one time, and that answer is 9. But don't worry--the full panoply of reactions can be experienced with just a tap of your finger.",Notifications delayed. That's really serious at work and home office
slack-252,e55841a8-e39a-4cac-9b40-815232d21fdc,0.11170348470861263,1,215,"Fixed: On certain devices, tapping on a notification could lead to a weird state where backing out of a thread would always return you to that message from the notification you tapped. It was a phenomenon as confusing to witness as it is to explain, and we'll all be pleased to never have to experience it again.",Useless. It no longer recognises my Android phone without any way for me to update and connect to my group. Extremely poor 
slack-249,809d2c32-6586-455d-b9ba-c3d8b23f2b53,0.1116413909655351,1,236,"A little reminder as you go about your day: The world is a more unique place simply because you're a part of it, and you've impacted others in ways you can't imagine. Oh, and no big changes to the app this time. Happy messaging.","Now to use Slack I have to change my phone Are you Kidding ,????"
slack-257,4cd724d0-8bec-426a-813d-90308f89907a,0.11157293455941336,2,259,"We love emoji. But they can sometimes overwhelm the screen, particularly when that screen is small and hand-held. So we asked our scientists to determine ""a more reasonable amount"" of reacji to display at one time, and that answer is 9. But don't worry--the full panoply of reactions can be experienced with just a tap of your finger.","Frustrated by the messages not updating unless the app is open. Should be able to get notifications in the background. When the notifications do work, you get all of them regardless of your online status."
slack-257,5237a577-c003-4626-a019-e55508e4f0a4,0.1114444504392908,1,45,"We love emoji. But they can sometimes overwhelm the screen, particularly when that screen is small and hand-held. So we asked our scientists to determine ""a more reasonable amount"" of reacji to display at one time, and that answer is 9. But don't worry--the full panoply of reactions can be experienced with just a tap of your finger.","Android app is unbearable, plenty of times I made sure that I have all the notification settings turned on and not a single notification appears. This is a very serious bug considering that this is a app that most people uses for work and not for fun"
slack-256,71a84c43-6ca6-4475-8d20-8dd522e4987a,0.11128947810521202,2,283,"If you're someone whose workday doesn't start at 9 am (or if you find Slackbot alerts first thing in the morning to be less of a pick-me-up and more of a put-me-down), you can now choose when your ""Tomorrow"" or ""Next Week"" reminders will appear. Head over to Preferences > Notifications to set the default that works best for you.","Notifications frequently do not show up. I had to set a periodic alarm to check for new posts. DMs and chats are listed alphabetically on the home page, not chrono. If you want to see them chrono, you have to tap a different page. If you read a message in the app or through the web without tapping the notification on your phone, the notification stays. One more little thing: when you're done typing, the 'back' arrow in the top left does not go back! It closes the keyboard first"
slack-257,3b391770-b9b0-4a36-9d66-982dc2540500,0.11051239705667265,1,245,"We love emoji. But they can sometimes overwhelm the screen, particularly when that screen is small and hand-held. So we asked our scientists to determine ""a more reasonable amount"" of reacji to display at one time, and that answer is 9. But don't worry--the full panoply of reactions can be experienced with just a tap of your finger.",Not happy with the service should have a feature of storing the message like FB messenger. I have joined a channel and by mistake i have uninstal after that the messages I have sent to that channel's person that were removed.
slack-252,fc4d01d0-8718-4710-ad55-660117f1aa0f,0.10996477695611807,1,110,"Fixed: On certain devices, tapping on a notification could lead to a weird state where backing out of a thread would always return you to that message from the notification you tapped. It was a phenomenon as confusing to witness as it is to explain, and we'll all be pleased to never have to experience it again.","Mobile notifications are garbage, and have been for the past 3 years. Sigh. Can't find a reliable way to get notifications on my samsung phone/watch."
slack-252,97ae3982-f80b-4165-b069-d8857d0ca050,0.1098172470142967,1,201,"Fixed: On certain devices, tapping on a notification could lead to a weird state where backing out of a thread would always return you to that message from the notification you tapped. It was a phenomenon as confusing to witness as it is to explain, and we'll all be pleased to never have to experience it again.","Bug. Slack app keeps signing me out every time. Pretty annoying, I need to login again whenever I need to use the app. The logging process is also bad, every time I need to use the magic link."
slack-257,d9cafaa0-306f-4515-8693-6b214c26188b,0.10978693962097169,1,22,"We love emoji. But they can sometimes overwhelm the screen, particularly when that screen is small and hand-held. So we asked our scientists to determine ""a more reasonable amount"" of reacji to display at one time, and that answer is 9. But don't worry--the full panoply of reactions can be experienced with just a tap of your finger.",Iam not recieving any notification. I uninstalled and installed again and now not able to login
slack-257,e9d63688-4eb1-43a9-ac5f-a53e03d24726,0.10961278194472904,1,340,"We love emoji. But they can sometimes overwhelm the screen, particularly when that screen is small and hand-held. So we asked our scientists to determine ""a more reasonable amount"" of reacji to display at one time, and that answer is 9. But don't worry--the full panoply of reactions can be experienced with just a tap of your finger.","Recently app behaves erratic. It incorrecly shows reactions, mentions. It confuses chats you try to open, often opening different chats entirely."
slack-256,109c27cd-aa5f-4196-baff-559a436852da,0.10958798505641797,2,226,"If you're someone whose workday doesn't start at 9 am (or if you find Slackbot alerts first thing in the morning to be less of a pick-me-up and more of a put-me-down), you can now choose when your ""Tomorrow"" or ""Next Week"" reminders will appear. Head over to Preferences > Notifications to set the default that works best for you.","When you are typing and you rotate the screen, the text drafted in the chats disappear and you have to type everything again. Please fix this bug."
slack-254,d27b617f-de9f-483f-b30b-aba90b602f6f,0.10956557238543475,1,16,"Fixed: Attempting to change your notification settings for a specific channel would routinely fail. Not in an entertaining way, or the sort that teaches you something important on your way to greater heights. It just didn't do the thing it was designed to do. Sometimes misfortune carries with it no lesson. Anyway, it works again.","Politicized service. Disgusting. Know that any time you use this service, you can incur a lot of costs, as well as bear a lot of risks to your business, when contrary to common sense guys decide to unilaterally destroy your ux communication, especially in a pandemic and in times of crisis in different countries."
slack-250,32326bef-ba69-48b0-be45-b5ed154a2191,0.10952964544296266,1,27,"Dash on over to the Quick Switcher to find that searches will more accurately return channels with dashes in their names. If your hopes were previously dashed, we ask for a dash of forgiveness and wish to say you're looking very dashing today.",Disabling Russian users is racism. I protested against Putin and now live in UK. How is the war my fault?
slack-257,ad90b3f0-db01-4da3-8703-f7f53455f45c,0.10944627722104391,1,164,"We love emoji. But they can sometimes overwhelm the screen, particularly when that screen is small and hand-held. So we asked our scientists to determine ""a more reasonable amount"" of reacji to display at one time, and that answer is 9. But don't worry--the full panoply of reactions can be experienced with just a tap of your finger.","Not working... mobile app, desktop software, web site ....unable to send messages"
slack-257,69d349b3-01dd-451e-8411-e495800d5f1c,0.10925961779613122,1,278,"We love emoji. But they can sometimes overwhelm the screen, particularly when that screen is small and hand-held. So we asked our scientists to determine ""a more reasonable amount"" of reacji to display at one time, and that answer is 9. But don't worry--the full panoply of reactions can be experienced with just a tap of your finger.","Notification system is toooo bad for this app. You didn't get notified as message arrive but as soon as you manually check the messages by opening the app and start reading those messages, then notification of those messages starts appearing one by one even though those messages are already read now."
slack-253,356fc2da-9603-49cc-a575-b681c32996ce,0.10918672879536948,1,287,"The size of the Slack app (the amount of data you download) is now a bit smaller, lighter, more compact. More efficient. Trim. Tightly engineered. Streamlined. Pared down to its essentials. You know, unlike this update copy.","Getting ""invalid authentication"" error when switching between spaces...how to fix this??"
slack-257,4974d7ee-b6f5-41dc-a722-267d4aafd3cf,0.1087989231814509,1,245,"We love emoji. But they can sometimes overwhelm the screen, particularly when that screen is small and hand-held. So we asked our scientists to determine ""a more reasonable amount"" of reacji to display at one time, and that answer is 9. But don't worry--the full panoply of reactions can be experienced with just a tap of your finger.","Unreliable for work use. A lot the time I see an unread message on a channel, when I open the channel, there is no message. The channel still shows unread. The only fix this and to view the message is to open it on a desktop."
slack-252,2bd8b749-f030-4f57-a7fd-57039470686c,0.10876019293801827,1,192,"Fixed: On certain devices, tapping on a notification could lead to a weird state where backing out of a thread would always return you to that message from the notification you tapped. It was a phenomenon as confusing to witness as it is to explain, and we'll all be pleased to never have to experience it again.","I couldn't send any messages on my phone app and I tried to use the troubleshoot notification function to resync everything, but found that it wouldnt run. So I uninstalled and reinstalled the app and it got worse! I can't even sign in to the app now. It just gives me a message of ""something has gone wrong. Please try again"". I tried uninstalling and reinstalling again and it's still the same. Please fix this, your app is broken!!"
slack-252,054aee47-8597-4e8e-9093-2122a8f0c2c9,0.10862072343411652,2,182,"Fixed: On certain devices, tapping on a notification could lead to a weird state where backing out of a thread would always return you to that message from the notification you tapped. It was a phenomenon as confusing to witness as it is to explain, and we'll all be pleased to never have to experience it again.",Times me out constantly! I have to log into my work computer to access on my phone at least every 15 minutes. Ridiculous
slack-252,6b48e042-78cd-4f79-afc0-cbb4c3ad826d,0.10828228582415665,2,196,"Fixed: On certain devices, tapping on a notification could lead to a weird state where backing out of a thread would always return you to that message from the notification you tapped. It was a phenomenon as confusing to witness as it is to explain, and we'll all be pleased to never have to experience it again.","This app has gotten worse over the past few weeks. It used to be pretty smooth. Now the screen jumps around constantly. It notifies way too much, every pic upload interrupts what you are doing with a big ugly pop-up! This is not needed. It makes the screen jump and pulls you off of text, or what you have moved on to. The way it saves and uploads pics is so out dated! 1 pic a time?!?! I have to use my own camera app and transfer yhem over in groups. It is a very sloppy app. HAVE TO USE FOR WORK."
slack-252,2efd1d1c-81cc-4a62-b4bb-529e6e449804,0.10614728331565856,1,364,"Fixed: On certain devices, tapping on a notification could lead to a weird state where backing out of a thread would always return you to that message from the notification you tapped. It was a phenomenon as confusing to witness as it is to explain, and we'll all be pleased to never have to experience it again.",Awful. Works less than 1/2 the time. Random freezing and crashing. Complete reinstalls doesn't fix.
slack-253,0d1cf1f1-c3a3-4e31-b888-dc7e7028bea7,0.10573237125690167,1,178,"The size of the Slack app (the amount of data you download) is now a bit smaller, lighter, more compact. More efficient. Trim. Tightly engineered. Streamlined. Pared down to its essentials. You know, unlike this update copy.",Please fix the bug ASAP. There are so poor log in & DNS Issues .
slack-252,70a2918a-b7d4-48a0-80f0-4c8da86fbb0c,0.10571085070741588,1,170,"Fixed: On certain devices, tapping on a notification could lead to a weird state where backing out of a thread would always return you to that message from the notification you tapped. It was a phenomenon as confusing to witness as it is to explain, and we'll all be pleased to never have to experience it again.","V hard to find a message again if you leave it to read another. Web site on Android refuses to let you sign in, insisting you use the app."
slack-257,5a156c3c-46c9-427c-93c3-cd5e008e7294,0.10530135075251262,1,360,"We love emoji. But they can sometimes overwhelm the screen, particularly when that screen is small and hand-held. So we asked our scientists to determine ""a more reasonable amount"" of reacji to display at one time, and that answer is 9. But don't worry--the full panoply of reactions can be experienced with just a tap of your finger.","Worst message android app for office. The most important aspect of a messaging app for office use is to get notification on phone when away from laptop or pc. This app does not instantly notify on my phone even when all the options like ""notify even when online"" and other are selected. It randomly starts showing old msgs in notification bar even when it is read. Due to this app i have missed important msgs. Please fix this. This does not happen on ios version. Teams was much better on mobile."
slack-257,034b068b-ceb4-4bbd-9ee8-47235f208c3a,0.10500588308681141,1,231,"We love emoji. But they can sometimes overwhelm the screen, particularly when that screen is small and hand-held. So we asked our scientists to determine ""a more reasonable amount"" of reacji to display at one time, and that answer is 9. But don't worry--the full panoply of reactions can be experienced with just a tap of your finger.","Cannot sign in, error message says ""Your request cannot be processed"""
slack-257,a1423541-7699-4e17-8478-874c2901cc7c,0.10489277839660646,1,347,"We love emoji. But they can sometimes overwhelm the screen, particularly when that screen is small and hand-held. So we asked our scientists to determine ""a more reasonable amount"" of reacji to display at one time, and that answer is 9. But don't worry--the full panoply of reactions can be experienced with just a tap of your finger.",Recent experience has been poor. The app is not updating and messages are failing to send.
slack-256,48dfee79-eebc-4ba5-8c2e-06cb2fc87706,0.10471836498805455,1,311,"If you're someone whose workday doesn't start at 9 am (or if you find Slackbot alerts first thing in the morning to be less of a pick-me-up and more of a put-me-down), you can now choose when your ""Tomorrow"" or ""Next Week"" reminders will appear. Head over to Preferences > Notifications to set the default that works best for you.","Too many glitches, too many platforms that are not as ""productive"" as people believe."
slack-257,13255050-cac3-46bd-9181-7da6d9474e98,0.10451273560523988,1,279,"We love emoji. But they can sometimes overwhelm the screen, particularly when that screen is small and hand-held. So we asked our scientists to determine ""a more reasonable amount"" of reacji to display at one time, and that answer is 9. But don't worry--the full panoply of reactions can be experienced with just a tap of your finger.",Got stuck on a screen and the app become unusable
slack-249,4014637d-65a3-4b1e-aef8-8052888fb979,0.10446605256625584,2,4,"A little reminder as you go about your day: The world is a more unique place simply because you're a part of it, and you've impacted others in ways you can't imagine. Oh, and no big changes to the app this time. Happy messaging.",The inability to allow notifications 24 hours a day is a source of immense frustration and defeats half the purpose of the app as a means of communication
slack-249,09e068a5-e7ad-4bcc-8814-472b8a05cda7,0.10379027995196256,1,74,"A little reminder as you go about your day: The world is a more unique place simply because you're a part of it, and you've impacted others in ways you can't imagine. Oh, and no big changes to the app this time. Happy messaging.","My work uses Slack. I'm a software developer. Slack stinks of bugs and lack of professionalism. They change UI and features without concern for existing user productivity, deprecate OS and browser versions on a whim, etc. 1. You can no longer delete zoom call msgs. 2. On Android replies to a thread AND channel is now a multi step process. 3. On Linux it insists opening its own browser process and reopen all my default tabs with it. Etc. Not enough room here to list all the faults."
slack-257,1bb3663f-fe59-4282-9c20-3d3a5617983d,0.10246592873618716,1,166,"We love emoji. But they can sometimes overwhelm the screen, particularly when that screen is small and hand-held. So we asked our scientists to determine ""a more reasonable amount"" of reacji to display at one time, and that answer is 9. But don't worry--the full panoply of reactions can be experienced with just a tap of your finger.","Notification problem ,i am not reciving a single Notification from anyone and many of my work get delayed bcz of that."
slack-257,3875c3bf-709d-4c56-9715-2195dc97ffa8,0.10236077590992576,1,66,"We love emoji. But they can sometimes overwhelm the screen, particularly when that screen is small and hand-held. So we asked our scientists to determine ""a more reasonable amount"" of reacji to display at one time, and that answer is 9. But don't worry--the full panoply of reactions can be experienced with just a tap of your finger.","Messages are coming late on mobile... After reinstallation I'm not able to signup.. it's shows error ""Something went wrong"""
slack-249,09b337a8-1dd5-45c2-b846-7e9fcddeac08,0.10141865502704275,1,320,"A little reminder as you go about your day: The world is a more unique place simply because you're a part of it, and you've impacted others in ways you can't imagine. Oh, and no big changes to the app this time. Happy messaging.",Can't even sign in to my account. Making this app useless
slack-257,31a41151-e0a6-42fd-834d-7c296f852ec8,0.10097297628720603,1,164,"We love emoji. But they can sometimes overwhelm the screen, particularly when that screen is small and hand-held. So we asked our scientists to determine ""a more reasonable amount"" of reacji to display at one time, and that answer is 9. But don't worry--the full panoply of reactions can be experienced with just a tap of your finger.",Mobile app is not connect with team and unable to send msg ...?............?..........?.................................
slack-257,02dafbc6-ce1e-4f58-bb0a-cec98cc041e1,0.10087534268697104,2,353,"We love emoji. But they can sometimes overwhelm the screen, particularly when that screen is small and hand-held. So we asked our scientists to determine ""a more reasonable amount"" of reacji to display at one time, and that answer is 9. But don't worry--the full panoply of reactions can be experienced with just a tap of your finger.","this new update has made it so I no longer get easy access to the notifications. messages on my lock screen are still visible but when I touch them to go directly to the message, it doesn't do that and just puts them on read so when I have to go into the app to find the full message, I don't even know what channel it came from because those are no longer emboldened either. reactionary emojis aren't visible anymore either. I've never had this issue with this before until the update"
slack-257,9d4bc066-f00b-4ebd-9d2c-7aba50206e6a,0.10068192720413209,1,220,"We love emoji. But they can sometimes overwhelm the screen, particularly when that screen is small and hand-held. So we asked our scientists to determine ""a more reasonable amount"" of reacji to display at one time, and that answer is 9. But don't worry--the full panoply of reactions can be experienced with just a tap of your finger.",- Conflict with desktop app - bad UI - notifications not works properly
slack-257,eec909e3-7ba7-48c6-a5d1-1c023c1f6da6,0.09977429509162904,0,234,"We love emoji. But they can sometimes overwhelm the screen, particularly when that screen is small and hand-held. So we asked our scientists to determine ""a more reasonable amount"" of reacji to display at one time, and that answer is 9. But don't worry--the full panoply of reactions can be experienced with just a tap of your finger.",Notification for downloading complete for apk file performs no action on tapping.
slack-257,067870aa-b48f-475c-a3e6-85af9ede76da,0.09934234310079504,1,344,"We love emoji. But they can sometimes overwhelm the screen, particularly when that screen is small and hand-held. So we asked our scientists to determine ""a more reasonable amount"" of reacji to display at one time, and that answer is 9. But don't worry--the full panoply of reactions can be experienced with just a tap of your finger.","There's a problem with the last update, where the reactions for posts gets mixed up, you see a message's reactions in another, and especially in slower connections."
slack-252,ea0722ff-b2c9-4e1e-be62-a551afcc4803,0.09911998602060172,1,357,"Fixed: On certain devices, tapping on a notification could lead to a weird state where backing out of a thread would always return you to that message from the notification you tapped. It was a phenomenon as confusing to witness as it is to explain, and we'll all be pleased to never have to experience it again.","It keeps crashing after certain amount of time, whenever I use it and I am not able to use it for more than a minute. Disgusting."
slack-257,4a8b6b2d-9f2a-4770-8f93-1f97bfc2b80d,0.09907308930442447,1,104,"We love emoji. But they can sometimes overwhelm the screen, particularly when that screen is small and hand-held. So we asked our scientists to determine ""a more reasonable amount"" of reacji to display at one time, and that answer is 9. But don't worry--the full panoply of reactions can be experienced with just a tap of your finger.",You app doesn't even show notification. I missed so many important messages. Even after applying all settings this is not working.
slack-249,bd7d1c2c-6113-4930-b8f9-3f9155f06598,0.0986582420089028,3,206,"A little reminder as you go about your day: The world is a more unique place simply because you're a part of it, and you've impacted others in ways you can't imagine. Oh, and no big changes to the app this time. Happy messaging.",Sitting here with wifi and the app has completely crapped out on me and now I can't get back in to any chat that I was part of. It just says slack is offline and try again later! Done this for 2 days now and can't do my job without it.
slack-257,c51f2c0f-1a8a-4ec9-bca1-d69409559a61,0.09785272322202984,1,276,"We love emoji. But they can sometimes overwhelm the screen, particularly when that screen is small and hand-held. So we asked our scientists to determine ""a more reasonable amount"" of reacji to display at one time, and that answer is 9. But don't worry--the full panoply of reactions can be experienced with just a tap of your finger.","I never get notifications, even with the desktop app installed (PC), mobile app (Android). and all notification settings set to ON via email, desktop, and mobile for every single message. For me, no notifications makes it practically unusable."
slack-252,a745706b-939d-4a38-b72a-046128385062,0.09773737901733036,1,125,"Fixed: On certain devices, tapping on a notification could lead to a weird state where backing out of a thread would always return you to that message from the notification you tapped. It was a phenomenon as confusing to witness as it is to explain, and we'll all be pleased to never have to experience it again.","Hate it! Can't get all my contacts in one, single list in direct messages sidebar. It always remove old contact! Arrrhhhgggg!!!"
slack-252,93cdfdd4-11f4-476e-adad-f261e5e5e348,0.09755358988778633,1,264,"Fixed: On certain devices, tapping on a notification could lead to a weird state where backing out of a thread would always return you to that message from the notification you tapped. It was a phenomenon as confusing to witness as it is to explain, and we'll all be pleased to never have to experience it again.",Is this no longer available on Pixel 5 and Pixelbook? Wondering what the heck happened. I can 't open any of my notes. I can't communicate with my team. Google Play store is saying that Slack is now only compatible with Pixel 3? What happened? Is it due to this new Chrome OS update that has crashed all kinds of things?
slack-256,b40cce49-d0c4-410e-9684-53cbbe585884,0.09737891738231366,1,117,"If you're someone whose workday doesn't start at 9 am (or if you find Slackbot alerts first thing in the morning to be less of a pick-me-up and more of a put-me-down), you can now choose when your ""Tomorrow"" or ""Next Week"" reminders will appear. Head over to Preferences > Notifications to set the default that works best for you.",This is a cheap version of discord. The voice calls don't even work
slack-252,bc80f07b-a476-43b4-844d-7bfb96d625cd,0.09730051159858705,0,13,"Fixed: On certain devices, tapping on a notification could lead to a weird state where backing out of a thread would always return you to that message from the notification you tapped. It was a phenomenon as confusing to witness as it is to explain, and we'll all be pleased to never have to experience it again.",Broken notifications plague me for years.
slack-257,402c8c77-76f9-4353-8efc-adf12c46ea78,0.09621432983514036,1,30,"We love emoji. But they can sometimes overwhelm the screen, particularly when that screen is small and hand-held. So we asked our scientists to determine ""a more reasonable amount"" of reacji to display at one time, and that answer is 9. But don't worry--the full panoply of reactions can be experienced with just a tap of your finger.",They dropped Android 7 support. What a terrible idea? Any reasons for the essentially JS app? Take a look at Outlook policy or any other communication app. They still work without any problems.
slack-249,7fcbf86b-5f1f-44c0-ba3e-739b4d074ae5,0.09615478786555204,1,351,"A little reminder as you go about your day: The world is a more unique place simply because you're a part of it, and you've impacted others in ways you can't imagine. Oh, and no big changes to the app this time. Happy messaging.","Gotten msg but opened the chat doesn't show any new msg. There is no refresh button to get new msg from individual chat as well. Slack team don't even brother to reply to my comment...., dropping to a star instead, mobile app for slack is quite unusable."
slack-255,6d5055d7-35f7-4d50-8734-3a9c7330bc91,0.09598419375197832,2,325,"When previewing a channel prior to joining, you'll now see the channel description displayed with the channel name for a bit more context. For when you're unsure whether #the-owls is a channel for ornithologists, insomniacs or fans of the show Twin Peaks.","after using the tablet version apps futher it is clear that the developer doesn't realy care about quality of the product. here is what i found so far 1. search bar completely useless. when i search something on the search bar the apps show black screen when i click the result; 2. ""You"" tab is not available on the tablet version (phone version available) 3. ""Mentions"" tab is not available on the tablet version (phone version available) 4. ""DMs"" tab is not available on the tablet version"
slack-252,65f7a3f2-0a19-4c46-b744-b41a40900ffb,0.09591247492366367,1,12,"Fixed: On certain devices, tapping on a notification could lead to a weird state where backing out of a thread would always return you to that message from the notification you tapped. It was a phenomenon as confusing to witness as it is to explain, and we'll all be pleased to never have to experience it again.","This app sucks. The UI sucks (it's just Discord, but with light theme), and every activity that I performed is a bug and glitch is everywhere. Please fix it, or it will ruin my whole management and even my huge future project and others too."
slack-256,8082cc8e-91b3-4ad1-a83d-218b174da54e,0.09587124586105347,0,98,"If you're someone whose workday doesn't start at 9 am (or if you find Slackbot alerts first thing in the morning to be less of a pick-me-up and more of a put-me-down), you can now choose when your ""Tomorrow"" or ""Next Week"" reminders will appear. Head over to Preferences > Notifications to set the default that works best for you.",Not working worst app time waste
slack-252,0d2cb0a4-be86-43e4-88c6-11490f96c53a,0.09531278014183045,0,49,"Fixed: On certain devices, tapping on a notification could lead to a weird state where backing out of a thread would always return you to that message from the notification you tapped. It was a phenomenon as confusing to witness as it is to explain, and we'll all be pleased to never have to experience it again.",Won't let me navigate... Junk..!
slack-252,8c43e9f7-3c17-46b1-9e54-77c5b94b557d,0.09493807245183875,1,270,"Fixed: On certain devices, tapping on a notification could lead to a weird state where backing out of a thread would always return you to that message from the notification you tapped. It was a phenomenon as confusing to witness as it is to explain, and we'll all be pleased to never have to experience it again.","Media upload experience is horrible.... Hated this app, just keeping it in my phone because my company use this unless I would have uninstalled it ages ago...!"
slack-249,6d71d131-0922-42eb-9912-2b6feea820a0,0.09492312828699749,1,41,"A little reminder as you go about your day: The world is a more unique place simply because you're a part of it, and you've impacted others in ways you can't imagine. Oh, and no big changes to the app this time. Happy messaging.",Does not even install on my phone! What a useless app to say the least!
slack-252,82001fa4-6708-4243-84d6-47f6297e2d82,0.09487829874543584,1,191,"Fixed: On certain devices, tapping on a notification could lead to a weird state where backing out of a thread would always return you to that message from the notification you tapped. It was a phenomenon as confusing to witness as it is to explain, and we'll all be pleased to never have to experience it again.",Wasting time! I can not use bottom buttons in my Slack app and I have sent email to Slack feedback and support! just last week but nothing happened! How it can has 10M users?!
slack-252,d3f0d7ad-3dc7-4275-8cba-a4692b041c2f,0.09435549974441529,0,172,"Fixed: On certain devices, tapping on a notification could lead to a weird state where backing out of a thread would always return you to that message from the notification you tapped. It was a phenomenon as confusing to witness as it is to explain, and we'll all be pleased to never have to experience it again.","It's so buggy... Hangs, doesn't save draft ..."
slack-256,7584b244-de7a-4392-9bcf-cec90a0725b9,0.09411249160766602,0,278,"If you're someone whose workday doesn't start at 9 am (or if you find Slackbot alerts first thing in the morning to be less of a pick-me-up and more of a put-me-down), you can now choose when your ""Tomorrow"" or ""Next Week"" reminders will appear. Head over to Preferences > Notifications to set the default that works best for you.",Barely functional. Calling experience is not good.
slack-249,3e19d9c1-cb2b-4c97-8588-4579448871be,0.09406356285600102,1,195,"A little reminder as you go about your day: The world is a more unique place simply because you're a part of it, and you've impacted others in ways you can't imagine. Oh, and no big changes to the app this time. Happy messaging.","This sucks! Difficult to sign in, navigate, and not user friendly. We're better of using email and text. What's the point of Slack? It's just another messaging app and an incredible waste of time."
slack-257,6b45f8e7-fd5f-4d88-97f4-b94262e68dba,0.09400724172592163,0,349,"We love emoji. But they can sometimes overwhelm the screen, particularly when that screen is small and hand-held. So we asked our scientists to determine ""a more reasonable amount"" of reacji to display at one time, and that answer is 9. But don't worry--the full panoply of reactions can be experienced with just a tap of your finger.",There notification system doesn't work correctly
slack-257,84bb6d70-9b79-4966-818a-926afe8596ff,0.09400243929454258,1,286,"We love emoji. But they can sometimes overwhelm the screen, particularly when that screen is small and hand-held. So we asked our scientists to determine ""a more reasonable amount"" of reacji to display at one time, and that answer is 9. But don't worry--the full panoply of reactions can be experienced with just a tap of your finger.","Facing Issue with notifications ,Slack is not sending me any notification on my phone"
slack-255,48dfee79-eebc-4ba5-8c2e-06cb2fc87706,0.0939587652683258,0,311,"When previewing a channel prior to joining, you'll now see the channel description displayed with the channel name for a bit more context. For when you're unsure whether #the-owls is a channel for ornithologists, insomniacs or fans of the show Twin Peaks.","Too many glitches, too many platforms that are not as ""productive"" as people believe."
slack-249,903abc9a-0366-4f60-a8e7-886826a4b690,0.09318693136346752,1,203,"A little reminder as you go about your day: The world is a more unique place simply because you're a part of it, and you've impacted others in ways you can't imagine. Oh, and no big changes to the app this time. Happy messaging.","Literally not possible to make an account. Ridiculously bad app, used to be great but its the very worst possible app ive ever seen in my entire work life."
slack-257,a2fa219b-e5a6-487c-a385-72634b989c58,0.0914436918237935,1,172,"We love emoji. But they can sometimes overwhelm the screen, particularly when that screen is small and hand-held. So we asked our scientists to determine ""a more reasonable amount"" of reacji to display at one time, and that answer is 9. But don't worry--the full panoply of reactions can be experienced with just a tap of your finger.",just decided to migrate away from slack due to no device support for older androids and no web interface available on those devices
slack-257,e087ae8d-99fc-4d6d-9d64-b61797375e33,0.09129099885622662,1,324,"We love emoji. But they can sometimes overwhelm the screen, particularly when that screen is small and hand-held. So we asked our scientists to determine ""a more reasonable amount"" of reacji to display at one time, and that answer is 9. But don't worry--the full panoply of reactions can be experienced with just a tap of your finger.","There is no way a company of Slack's size and stature should have released a product this buggy. It's clearly untested on Android tablets. Menu items don't work, channels always appears when switching to the app no matter what you were on before, and channels is empty, no notifications on DMS, and tech support will ask you for a screenshot when they could just try it themselves. Boo! I don't want to reach out to you again. Acknowledge the problems in Play and deploy a fix."
slack-252,11aad64e-a4a7-4eaf-8f7a-a45ba675152d,0.09106340408325195,1,159,"Fixed: On certain devices, tapping on a notification could lead to a weird state where backing out of a thread would always return you to that message from the notification you tapped. It was a phenomenon as confusing to witness as it is to explain, and we'll all be pleased to never have to experience it again.",I am not even able to download the app. Already raised complaint twice.. no response yet.
slack-257,24d4d855-e673-4c72-b9cf-c70bce29136f,0.08928466403123106,1,236,"We love emoji. But they can sometimes overwhelm the screen, particularly when that screen is small and hand-held. So we asked our scientists to determine ""a more reasonable amount"" of reacji to display at one time, and that answer is 9. But don't worry--the full panoply of reactions can be experienced with just a tap of your finger.","Ever since the last update nothing works anymore on Android. Names of message recipients do not show, app crashes constantly, visual layout is absolutely messed up, available channels do not show... absolute nightmare."
slack-257,f9ea1b57-5425-4790-834b-a1b9c23b552f,0.08925540606180828,1,146,"We love emoji. But they can sometimes overwhelm the screen, particularly when that screen is small and hand-held. So we asked our scientists to determine ""a more reasonable amount"" of reacji to display at one time, and that answer is 9. But don't worry--the full panoply of reactions can be experienced with just a tap of your finger.","Notification doesn't work properly sometimes. That's a problem in both android, website and desktop app."
slack-257,ef099cbb-bca8-4bd6-baf0-e658ce3ef65c,0.08918079535166422,1,300,"We love emoji. But they can sometimes overwhelm the screen, particularly when that screen is small and hand-held. So we asked our scientists to determine ""a more reasonable amount"" of reacji to display at one time, and that answer is 9. But don't worry--the full panoply of reactions can be experienced with just a tap of your finger.","Tapping a DM with a 'new messages' icon, does not show the new messages. Have to force-quit in order for it to refresh"
slack-256,55aec4e7-7214-41d1-bc0a-b0644bf72f09,0.08898555728105399,2,33,"If you're someone whose workday doesn't start at 9 am (or if you find Slackbot alerts first thing in the morning to be less of a pick-me-up and more of a put-me-down), you can now choose when your ""Tomorrow"" or ""Next Week"" reminders will appear. Head over to Preferences > Notifications to set the default that works best for you.","If you try to use the browser in the phone, the came with an excuse that they having problem to log you. This is to make you download the app. Update: They told me they don't support mobile browser. Again! The correct answer would have been: We restrict browser on mobile devices."
slack-257,2631b483-3b74-4124-b0d5-0fa3819575ee,0.08813613653182983,0,334,"We love emoji. But they can sometimes overwhelm the screen, particularly when that screen is small and hand-held. So we asked our scientists to determine ""a more reasonable amount"" of reacji to display at one time, and that answer is 9. But don't worry--the full panoply of reactions can be experienced with just a tap of your finger.",There's huge delay in message receiption.
slack-257,35a7f46e-4b9d-401e-a0c6-74ad50a12a1e,0.08812277373813449,1,151,"We love emoji. But they can sometimes overwhelm the screen, particularly when that screen is small and hand-held. So we asked our scientists to determine ""a more reasonable amount"" of reacji to display at one time, and that answer is 9. But don't worry--the full panoply of reactions can be experienced with just a tap of your finger.","The slack android app negates all the goodness of the desktop version. Slack should just remove it from here. Issues like Notifications don't come, threads don't open when you click on them, umread count doesn't go away, status doesn't update etc etc"
slack-249,5e1a9597-0ba5-42f2-bb8e-6c20d1da9956,0.08808934158749052,1,207,"A little reminder as you go about your day: The world is a more unique place simply because you're a part of it, and you've impacted others in ways you can't imagine. Oh, and no big changes to the app this time. Happy messaging.","Unbelievablely dumb decision to have gif search be 'random' and you have to shuffle it. Garbage. Wouldn't work when on VPN without telling the user why, had to switch VPN location in order to use it."
slack-257,d36c8f21-6587-415a-8edf-955e9a695ba6,0.0880055610338847,1,171,"We love emoji. But they can sometimes overwhelm the screen, particularly when that screen is small and hand-held. So we asked our scientists to determine ""a more reasonable amount"" of reacji to display at one time, and that answer is 9. But don't worry--the full panoply of reactions can be experienced with just a tap of your finger.","Off lately, the messages will not be refreshed when the app is opened. I receive the notification and when I open it, the app will just not update the channel or DM. I have to either restart the phone or go on airplane mode for a while. It's made the app completely useless. It's the same with so many of my colleagues too."
slack-257,be48ceeb-d96a-417d-bdda-8af288a9db0c,0.08792364102728824,1,332,"We love emoji. But they can sometimes overwhelm the screen, particularly when that screen is small and hand-held. So we asked our scientists to determine ""a more reasonable amount"" of reacji to display at one time, and that answer is 9. But don't worry--the full panoply of reactions can be experienced with just a tap of your finger.",Messages are always delayed in the app. If u don't keep the app open in ur phone u wll get messages 10 late. & It's very slow to load messages even If u keep it open. While the world is moving to 5G this app is behind 2G
slack-257,aeeb5318-fc8c-4c28-a2ca-bcd01491c3b2,0.08706349719245479,1,313,"We love emoji. But they can sometimes overwhelm the screen, particularly when that screen is small and hand-held. So we asked our scientists to determine ""a more reasonable amount"" of reacji to display at one time, and that answer is 9. But don't worry--the full panoply of reactions can be experienced with just a tap of your finger.","Extremely buggy at the moment. It is impossible to select the channel I want - it always sends me to a different one than the one I've selected. Today I went into one channel to remove myself, and it kicked me from a totally different channel than the one I was in! Very annoying."
slack-249,56af4451-c81a-49c9-91de-97aea3533d55,0.08695679125578507,1,139,"A little reminder as you go about your day: The world is a more unique place simply because you're a part of it, and you've impacted others in ways you can't imagine. Oh, and no big changes to the app this time. Happy messaging.","Cannot sign in. The ""magic link"" feature is terrible. The ""open in slack"" button doesn't work. I cannot join any of my organizations."
slack-256,f4a589ee-390f-4263-aee9-3f17991ab1d8,0.08680644035339355,1,124,"If you're someone whose workday doesn't start at 9 am (or if you find Slackbot alerts first thing in the morning to be less of a pick-me-up and more of a put-me-down), you can now choose when your ""Tomorrow"" or ""Next Week"" reminders will appear. Head over to Preferences > Notifications to set the default that works best for you.",Work is affected because this app doesn't give any notifications despite having all settings set up
slack-257,6cb9dcc1-6bed-42f6-b528-31bb3005487d,0.08610778737951208,1,187,"We love emoji. But they can sometimes overwhelm the screen, particularly when that screen is small and hand-held. So we asked our scientists to determine ""a more reasonable amount"" of reacji to display at one time, and that answer is 9. But don't worry--the full panoply of reactions can be experienced with just a tap of your finger.","No previous deprecation notices, no new version on google play, but this version is suddenly not supported. Missing meetings right now figuring out what to do. Awful."
slack-255,723f17ee-66f0-458f-8364-74d280989127,0.08590877208598825,1,205,"When previewing a channel prior to joining, you'll now see the channel description displayed with the channel name for a bit more context. For when you're unsure whether #the-owls is a channel for ornithologists, insomniacs or fans of the show Twin Peaks.","Slack continues to create bizarre design decisions that reduce usability. Recent change makes clicking a slack workspace image now do the same thing as clicking the 3 dots, instead of it going to the workspace. If I wanted to click the 3 dots, I'd click that. Don't make the far left target do the same thing as the right one. Horrible UX"
slack-255,a3fb420d-bed8-4476-822b-b9f0ddcd0fe7,0.08519461437275536,2,75,"When previewing a channel prior to joining, you'll now see the channel description displayed with the channel name for a bit more context. For when you're unsure whether #the-owls is a channel for ornithologists, insomniacs or fans of the show Twin Peaks.","Can't remove or sign out of workspaces. Don't use the mobile app. If you have to use slack, stick with a browser. This is a bug they've known about for a long time and will likely never fix."
slack-249,723f17ee-66f0-458f-8364-74d280989127,0.08488383238965816,2,247,"A little reminder as you go about your day: The world is a more unique place simply because you're a part of it, and you've impacted others in ways you can't imagine. Oh, and no big changes to the app this time. Happy messaging.","Slack continues to create bizarre design decisions that reduce usability. Recent change makes clicking a slack workspace image now do the same thing as clicking the 3 dots, instead of it going to the workspace. If I wanted to click the 3 dots, I'd click that. Don't make the far left target do the same thing as the right one. Horrible UX"
slack-249,ce6230ba-1e7c-4eba-b145-0d36b73480a2,0.08487356390271869,1,224,"A little reminder as you go about your day: The world is a more unique place simply because you're a part of it, and you've impacted others in ways you can't imagine. Oh, and no big changes to the app this time. Happy messaging.","I can no longer use this app bc my phone is too old, I guess. Which is super unfortunate since I have to have it for my job."
slack-257,d32ab63c-f897-4d55-8891-fb4f589b0fca,0.08484506297994543,1,99,"We love emoji. But they can sometimes overwhelm the screen, particularly when that screen is small and hand-held. So we asked our scientists to determine ""a more reasonable amount"" of reacji to display at one time, and that answer is 9. But don't worry--the full panoply of reactions can be experienced with just a tap of your finger.","Can't review the app as its not compatible with my samsung tablet , So totally useless in my case .not everybody has a desk too pc or laptop...."
slack-252,8406c40a-d080-4150-a629-5a28f2be92db,0.0848391890525818,0,75,"Fixed: On certain devices, tapping on a notification could lead to a weird state where backing out of a thread would always return you to that message from the notification you tapped. It was a phenomenon as confusing to witness as it is to explain, and we'll all be pleased to never have to experience it again.",I cannot confirm my account
slack-257,b2ec8be8-127c-4b79-87ae-09e84b6fd1e3,0.08414436317071683,1,342,"We love emoji. But they can sometimes overwhelm the screen, particularly when that screen is small and hand-held. So we asked our scientists to determine ""a more reasonable amount"" of reacji to display at one time, and that answer is 9. But don't worry--the full panoply of reactions can be experienced with just a tap of your finger.","Buggy AF, constant notifications about stuff that's already read (and not just one, today I've been notified about a read message 5 times) and then sometimes just no notifications. Also giphy is unusable on mobile. Plenty more things too, very disappointing."
slack-256,a75ce58a-8843-41e9-8c41-dd93c3de7214,0.08398255109786988,0,255,"If you're someone whose workday doesn't start at 9 am (or if you find Slackbot alerts first thing in the morning to be less of a pick-me-up and more of a put-me-down), you can now choose when your ""Tomorrow"" or ""Next Week"" reminders will appear. Head over to Preferences > Notifications to set the default that works best for you.",On Android text is often not viewable.
slack-249,44096af3-1e3c-4b7b-8394-acf8a89c6ea3,0.0839387132840998,2,53,"A little reminder as you go about your day: The world is a more unique place simply because you're a part of it, and you've impacted others in ways you can't imagine. Oh, and no big changes to the app this time. Happy messaging.","Impossible to log in. I've tried both a magic link and manual sign in and neither work for different workspaces across two separate email accounts. Updated the app, restarted it several times, still nothing."
slack-257,fbf0ba60-36d5-4ad4-a70a-94f43f78dd9e,0.0836682910268957,1,180,"We love emoji. But they can sometimes overwhelm the screen, particularly when that screen is small and hand-held. So we asked our scientists to determine ""a more reasonable amount"" of reacji to display at one time, and that answer is 9. But don't worry--the full panoply of reactions can be experienced with just a tap of your finger.",Having trouble using slack from last couple of days. Messages were not loading. Tried re installing and am unable to login now.
slack-257,f5918a77-603d-4e8f-843b-fc7b4aa19808,0.08318209761664981,1,172,"We love emoji. But they can sometimes overwhelm the screen, particularly when that screen is small and hand-held. So we asked our scientists to determine ""a more reasonable amount"" of reacji to display at one time, and that answer is 9. But don't worry--the full panoply of reactions can be experienced with just a tap of your finger.",Slack. No longer works with Android OS 7. I don't like being pressured into replacing a phone that otherwise still works.
slack-249,f267cd88-a397-4125-84fc-a64715544a33,0.08282242549790277,1,320,"A little reminder as you go about your day: The world is a more unique place simply because you're a part of it, and you've impacted others in ways you can't imagine. Oh, and no big changes to the app this time. Happy messaging.","""threads"" is empty buy constantly highlighted like there's a message to view. Worst. I don't have slack desktop."
slack-256,eab46165-cfa2-4bf2-9250-147fc29f26f1,0.08197294807434083,1,195,"If you're someone whose workday doesn't start at 9 am (or if you find Slackbot alerts first thing in the morning to be less of a pick-me-up and more of a put-me-down), you can now choose when your ""Tomorrow"" or ""Next Week"" reminders will appear. Head over to Preferences > Notifications to set the default that works best for you.","Search feature is so bad on this one, i have literally stopped trying to find files and messages needed for work. Slack, you are unproductive!"
slack-249,9649f304-13b0-4537-b1cd-71ce4f032632,0.08157620763778686,1,206,"A little reminder as you go about your day: The world is a more unique place simply because you're a part of it, and you've impacted others in ways you can't imagine. Oh, and no big changes to the app this time. Happy messaging.","What is wrong with slack today? Unable to send and receive messages, so i uninstalled and reinstalled it, now i am unable to sign in."
slack-253,fe933832-4f4b-4a57-9627-108e21bf4be1,0.08135157862017232,1,156,"The size of the Slack app (the amount of data you download) is now a bit smaller, lighter, more compact. More efficient. Trim. Tightly engineered. Streamlined. Pared down to its essentials. You know, unlike this update copy.",App is terrible does not let you log in. Sends you an email to confirm the device but does not load on device. Terrible app 10 out 10 do not recommend.
slack-255,14174c6d-c28e-4e31-a713-41db0508bb1a,0.08114771533895423,1,234,"When previewing a channel prior to joining, you'll now see the channel description displayed with the channel name for a bit more context. For when you're unsure whether #the-owls is a channel for ornithologists, insomniacs or fans of the show Twin Peaks.","I am getting Slack needs to be updated to login to workspace page. When i click Update Slack, nothing happens.. I am unable to login to workspace.."
slack-257,e9005df2-582c-4f42-a8fd-0e4c8e1aca11,0.08108164224513742,1,262,"We love emoji. But they can sometimes overwhelm the screen, particularly when that screen is small and hand-held. So we asked our scientists to determine ""a more reasonable amount"" of reacji to display at one time, and that answer is 9. But don't worry--the full panoply of reactions can be experienced with just a tap of your finger.","calls don't work since last update. Bluetooth audio doesn't work, speaker audio not even an option. phone behaviour becomes crazy until slack is shut down. if your app is this bad, you revert to a working old version until you get it together..."
slack-249,55aec4e7-7214-41d1-bc0a-b0644bf72f09,0.08095431869680232,2,75,"A little reminder as you go about your day: The world is a more unique place simply because you're a part of it, and you've impacted others in ways you can't imagine. Oh, and no big changes to the app this time. Happy messaging.","If you try to use the browser in the phone, the came with an excuse that they having problem to log you. This is to make you download the app. Update: They told me they don't support mobile browser. Again! The correct answer would have been: We restrict browser on mobile devices."
slack-249,0bf3f4f5-b409-4635-8190-5459c99831c6,0.08055278397187954,1,129,"A little reminder as you go about your day: The world is a more unique place simply because you're a part of it, and you've impacted others in ways you can't imagine. Oh, and no big changes to the app this time. Happy messaging.",It's just a shameless copy of discord and Microsoft teams. The worst part is that making an account or joining a work group is confusing for no reason. It's also really poorly optimized for Android and is really slow and buggy.
slack-250,02c3d5d3-b2b6-49e2-82d1-bd133b1e6913,0.08029428070241755,1,280,"Dash on over to the Quick Switcher to find that searches will more accurately return channels with dashes in their names. If your hopes were previously dashed, we ask for a dash of forgiveness and wish to say you're looking very dashing today.",You said i need to log into the account to look into the problem. I could not even log in until now! 
slack-257,d4270e42-4036-4a0a-87f8-8aed72cafcc8,0.07885159293810527,1,97,"We love emoji. But they can sometimes overwhelm the screen, particularly when that screen is small and hand-held. So we asked our scientists to determine ""a more reasonable amount"" of reacji to display at one time, and that answer is 9. But don't worry--the full panoply of reactions can be experienced with just a tap of your finger.",The design makes no sense. The whole idea of a 100 different channels for the same group is dumb. There's a reason why all other chat apps are designed differently. And the fact that the notification system is so complicated that you can only get notified of someone tags the channel. I have no words dumbest UI ever created. No idea how it could become so popular
slack-256,6d5055d7-35f7-4d50-8734-3a9c7330bc91,0.07794650234873333,1,325,"If you're someone whose workday doesn't start at 9 am (or if you find Slackbot alerts first thing in the morning to be less of a pick-me-up and more of a put-me-down), you can now choose when your ""Tomorrow"" or ""Next Week"" reminders will appear. Head over to Preferences > Notifications to set the default that works best for you.","after using the tablet version apps futher it is clear that the developer doesn't realy care about quality of the product. here is what i found so far 1. search bar completely useless. when i search something on the search bar the apps show black screen when i click the result; 2. ""You"" tab is not available on the tablet version (phone version available) 3. ""Mentions"" tab is not available on the tablet version (phone version available) 4. ""DMs"" tab is not available on the tablet version"
slack-255,21221747-de44-49a1-86ec-cc9120df36af,0.07720398704210918,1,315,"When previewing a channel prior to joining, you'll now see the channel description displayed with the channel name for a bit more context. For when you're unsure whether #the-owls is a channel for ornithologists, insomniacs or fans of the show Twin Peaks.",Lazy update description! You refer to a link but this isn't clickable. Meaning Slack never had a decent design around this experience. A shame
slack-257,22c0f9b2-7ea6-4035-8907-4de23416907b,0.07417381199038758,1,164,"We love emoji. But they can sometimes overwhelm the screen, particularly when that screen is small and hand-held. So we asked our scientists to determine ""a more reasonable amount"" of reacji to display at one time, and that answer is 9. But don't worry--the full panoply of reactions can be experienced with just a tap of your finger.",I have recently been facing too many issues with slack. Messages do not pop up. And the most recent issue is that slack is not connecting to my mobile network due to which it shows me as offline and i am unable to send or receive messages over slack.
slack-249,7aff3db8-2ea4-4238-8898-930a4d37c82d,0.07400247725573454,1,107,"A little reminder as you go about your day: The world is a more unique place simply because you're a part of it, and you've impacted others in ways you can't imagine. Oh, and no big changes to the app this time. Happy messaging.","In all my years using applications I've never used an app that is as terrible and poorly developed as slack. It's fine once you get into a page, but if you haven't signed in in a while, you might as well never try again. Absolute trash."
slack-252,2419754a-2216-40c6-88ea-33f6e50ff885,0.0739560431904263,1,1,"Fixed: On certain devices, tapping on a notification could lead to a weird state where backing out of a thread would always return you to that message from the notification you tapped. It was a phenomenon as confusing to witness as it is to explain, and we'll all be pleased to never have to experience it again.","After downloading slack for work, I started getting a bunch of group spam text messages. My coworkers also got the same spam messages. Blocked every single one, but still getting multiple a day. DO NOT DOWNLOAD!"
slack-251,8218b766-736e-477a-a712-8e9bda5f1299,0.07384844422340393,0,43,"Fixed: Uploading a new profile picture was sometimes failing, leaving people stuck with their old ones like an unfortunate driver's license photo. Contrary to popular belief, we've never aspired for Slack to feel like going to the DMV, so retake that photo to your heart's content.",Useless............... Don't waste time on this mobile app.
slack-256,59493c1b-1bd3-419f-bcd9-32ff0a46652b,0.07188123532703945,1,353,"If you're someone whose workday doesn't start at 9 am (or if you find Slackbot alerts first thing in the morning to be less of a pick-me-up and more of a put-me-down), you can now choose when your ""Tomorrow"" or ""Next Week"" reminders will appear. Head over to Preferences > Notifications to set the default that works best for you.","I was just signed out of 6 workspaces, including 4 of my company American Express! I have been getting signed out from them since yesterday. The notification issues are seriously terrible. You'll get delayed notifications."
slack-251,77bf6e39-6f0c-4a2c-9d3a-361222bdc37e,0.07164446711540222,0,187,"Fixed: Uploading a new profile picture was sometimes failing, leaving people stuck with their old ones like an unfortunate driver's license photo. Contrary to popular belief, we've never aspired for Slack to feel like going to the DMV, so retake that photo to your heart's content.",I can't download or install this app I don't know why
slack-257,dde0a494-2dbd-460f-a05b-6b4cb9cd0e16,0.07149197507548977,1,35,"We love emoji. But they can sometimes overwhelm the screen, particularly when that screen is small and hand-held. So we asked our scientists to determine ""a more reasonable amount"" of reacji to display at one time, and that answer is 9. But don't worry--the full panoply of reactions can be experienced with just a tap of your finger.",Constantly freezes and stops. Won't let you type messages. Keeps sending self to home screen. Won't let you update status - you can push the button 50 times with no result. Desktop app is fine. Mobile simply nonfunctional.
slack-257,180ba52a-a21a-49bf-bfbb-0f29fe8a511d,0.07034731507301331,0,25,"We love emoji. But they can sometimes overwhelm the screen, particularly when that screen is small and hand-held. So we asked our scientists to determine ""a more reasonable amount"" of reacji to display at one time, and that answer is 9. But don't worry--the full panoply of reactions can be experienced with just a tap of your finger.",Notification settings never work properly
slack-256,6e7a3737-6f8f-4657-bf8f-c457d7b1626b,0.06887060999870301,0,182,"If you're someone whose workday doesn't start at 9 am (or if you find Slackbot alerts first thing in the morning to be less of a pick-me-up and more of a put-me-down), you can now choose when your ""Tomorrow"" or ""Next Week"" reminders will appear. Head over to Preferences > Notifications to set the default that works best for you.",I can't change my pfp.
slack-253,49902f6e-13d9-421c-8e85-684779e2a9ac,0.06488673686981201,0,228,"The size of the Slack app (the amount of data you download) is now a bit smaller, lighter, more compact. More efficient. Trim. Tightly engineered. Streamlined. Pared down to its essentials. You know, unlike this update copy.",Please change default messaging sound. It makes me angry.
slack-252,6348205d-101b-416f-b1aa-fdaa2f55a310,0.06272435188293457,0,30,"Fixed: On certain devices, tapping on a notification could lead to a weird state where backing out of a thread would always return you to that message from the notification you tapped. It was a phenomenon as confusing to witness as it is to explain, and we'll all be pleased to never have to experience it again.","Awful login scenario. Slow, buggy."
slack-256,6ab16ae5-0adf-4d3e-926f-121bd491e4f9,0.061368769407272344,0,348,"If you're someone whose workday doesn't start at 9 am (or if you find Slackbot alerts first thing in the morning to be less of a pick-me-up and more of a put-me-down), you can now choose when your ""Tomorrow"" or ""Next Week"" reminders will appear. Head over to Preferences > Notifications to set the default that works best for you.",there is no screen sharing
slack-257,d49e628d-3553-4434-b533-0c251c0b74ae,0.06096735000610352,0,170,"We love emoji. But they can sometimes overwhelm the screen, particularly when that screen is small and hand-held. So we asked our scientists to determine ""a more reasonable amount"" of reacji to display at one time, and that answer is 9. But don't worry--the full panoply of reactions can be experienced with just a tap of your finger.","stopped working on my tablet, no upgrade available"
